Index,Cycle,Step,StepSeq,Mode,TestTime_s,StepTime_s,Voltage_V,Current_mA,Capacity_mAh,Energy_mWh,DateTime
1,1,1,1,Rest,0.07,0,1.40368,0,0,0,2026-07-16 04:20:47.070
2,1,1,1,Rest,60.07,60,1.40368,0,0,0,2026-07-16 04:21:47.070
3,1,1,1,Rest,120.07,120,1.40383,0,0,0,2026-07-16 04:22:47.070
4,1,1,1,Rest,180.07,180,1.40352,0,0,0,2026-07-16 04:23:47.070
5,1,2,2,CC_DChg,180.15,0,1.38043,-0.03968,0,0,2026-07-16 04:23:47.150
6,1,2,2,CC_DChg,240.15,60,1.29099,-0.03999,0.000663016,0.000879033,2026-07-16 04:24:47.150
7,1,2,2,CC_DChg,300.15,120,1.24822,-0.03999,0.00132546,0.00171957,2026-07-16 04:25:47.150
8,1,2,2,CC_DChg,360.15,180,1.22372,-0.03999,0.00198777,0.00253536,2026-07-16 04:26:47.150
9,1,2,2,CC_DChg,420.15,240,1.23504,-0.03968,0.00264995,0.00334929,2026-07-16 04:27:47.150
10,1,2,2,CC_DChg,480.15,300,1.24325,-0.03999,0.00331247,0.00417063,2026-07-16 04:28:47.150
11,1,2,2,CC_DChg,540.15,360,1.24806,-0.03968,0.00397538,0.0049965,2026-07-16 04:29:47.150
12,1,2,2,CC_DChg,600.15,420,1.25039,-0.03999,0.00463778,0.00582409,2026-07-16 04:30:47.150
13,1,2,2,CC_DChg,660.15,480,1.25194,-0.03968,0.00530063,0.00665357,2026-07-16 04:31:47.150
14,1,2,2,CC_DChg,720.15,540,1.25317,-0.03968,0.0059633,0.00748368,2026-07-16 04:32:47.150
15,1,2,2,CC_DChg,780.15,600,1.25379,-0.03968,0.00662576,0.00831419,2026-07-16 04:33:47.150
16,1,2,2,CC_DChg,840.15,660,1.25411,-0.03968,0.0072881,0.00914485,2026-07-16 04:34:47.150
17,1,2,2,CC_DChg,900.15,720,1.25364,-0.03968,0.00795003,0.00997488,2026-07-16 04:35:47.150
18,1,2,2,CC_DChg,960.15,780,1.25302,-0.03968,0.00861207,0.0108046,2026-07-16 04:36:47.150
19,1,2,2,CC_DChg,1020.15,840,1.25271,-0.03999,0.0092741,0.0116341,2026-07-16 04:37:47.150
20,1,2,2,CC_DChg,1080.15,900,1.2524,-0.03968,0.00993593,0.0124631,2026-07-16 04:38:47.150
21,1,2,2,CC_DChg,1140.15,960,1.25147,-0.03968,0.0105984,0.0132923,2026-07-16 04:39:47.150
22,1,2,2,CC_DChg,1200.15,1020,1.25039,-0.03999,0.0112609,0.0141212,2026-07-16 04:40:47.150
23,1,2,2,CC_DChg,1260.15,1080,1.24914,-0.03968,0.0119236,0.0149493,2026-07-16 04:41:47.150
24,1,2,2,CC_DChg,1320.15,1140,1.2476,-0.03968,0.0125861,0.0157765,2026-07-16 04:42:47.150
25,1,2,2,CC_DChg,1380.15,1200,1.24558,-0.03968,0.0132483,0.0166021,2026-07-16 04:43:47.150
26,1,2,2,CC_DChg,1440.15,1260,1.24325,-0.03968,0.0139107,0.0174263,2026-07-16 04:44:47.150
27,1,2,2,CC_DChg,1500.15,1320,1.24062,-0.03968,0.014573,0.018249,2026-07-16 04:45:47.150
28,1,2,2,CC_DChg,1560.15,1380,1.23737,-0.03968,0.0152351,0.0190694,2026-07-16 04:46:47.150
29,1,2,2,CC_DChg,1620.15,1440,1.23442,-0.03968,0.0158973,0.0198878,2026-07-16 04:47:47.150
30,1,2,2,CC_DChg,1680.15,1500,1.2307,-0.03968,0.0165594,0.0207039,2026-07-16 04:48:47.150
31,1,2,2,CC_DChg,1740.15,1560,1.22605,-0.03999,0.0172217,0.0215176,2026-07-16 04:49:47.150
32,1,2,2,CC_DChg,1800.15,1620,1.22001,-0.03968,0.0178841,0.0223277,2026-07-16 04:50:47.150
33,1,2,2,CC_DChg,1860.15,1680,1.21226,-0.03968,0.0185462,0.0231331,2026-07-16 04:51:47.150
34,1,2,2,CC_DChg,1920.15,1740,1.20358,-0.03999,0.0192084,0.0239331,2026-07-16 04:52:47.150
35,1,2,2,CC_DChg,1980.15,1800,1.19118,-0.03968,0.0198712,0.0247271,2026-07-16 04:53:47.150
36,1,2,2,CC_DChg,2040.15,1860,1.17505,-0.03968,0.0205334,0.0255107,2026-07-16 04:54:47.150
37,1,2,2,CC_DChg,2100.15,1920,1.15366,-0.03999,0.021196,0.0262825,2026-07-16 04:55:47.150
38,1,2,2,CC_DChg,2160.15,1980,1.12034,-0.03968,0.021858,0.027036,2026-07-16 04:56:47.150
39,1,2,2,CC_DChg,2220.15,2040,1.06578,-0.03968,0.0225205,0.0277611,2026-07-16 04:57:47.150
40,1,2,2,CC_DChg,2280.15,2100,1.00161,-0.03999,0.0231827,0.0284461,2026-07-16 04:58:47.150
41,1,2,2,CC_DChg,2340.15,2160,0.93434,-0.03968,0.0238454,0.0290878,2026-07-16 04:59:47.150
42,1,2,2,CC_DChg,2400.15,2220,0.867845,-0.03999,0.0245078,0.0296848,2026-07-16 05:00:47.150
43,1,2,2,CC_DChg,2435.48,2255.33,0.79825,-0.03968,0.024898,0.030012,2026-07-16 05:01:22.480
44,1,3,3,CC_Chg,2435.55,0,0.83886,0.03968,0,0,2026-07-16 05:01:22.550
45,1,3,3,CC_Chg,2495.55,60,0.99293,0.03999,0.000663363,0.000605178,2026-07-16 05:02:22.550
46,1,3,3,CC_Chg,2555.55,120,1.14654,0.03968,0.0013256,0.00131484,2026-07-16 05:03:22.550
47,1,3,3,CC_Chg,2615.55,180,1.32137,0.03999,0.0019883,0.00212855,2026-07-16 05:04:22.550
48,1,3,3,CC_Chg,2675.55,240,1.49745,0.03999,0.00265087,0.00306651,2026-07-16 05:05:22.550
49,1,3,3,CC_Chg,2735.55,300,1.52179,0.03968,0.00331374,0.00407677,2026-07-16 05:06:22.550
50,1,3,3,CC_Chg,2795.55,360,1.51807,0.03968,0.00397621,0.00508359,2026-07-16 05:07:22.550
51,1,3,3,CC_Chg,2855.55,420,1.51667,0.03968,0.00463848,0.00608855,2026-07-16 05:08:22.550
52,1,3,3,CC_Chg,2915.55,480,1.5159,0.03968,0.00530081,0.00709293,2026-07-16 05:09:22.550
53,1,3,3,CC_Chg,2975.55,540,1.5159,0.03968,0.00596282,0.00809655,2026-07-16 05:10:22.550
54,1,3,3,CC_Chg,3035.55,600,1.5159,0.03999,0.00662509,0.00910053,2026-07-16 05:11:22.550
55,1,3,3,CC_Chg,3095.55,660,1.5159,0.03968,0.00728749,0.0101033,2026-07-16 05:12:22.550
56,1,3,3,CC_Chg,3155.55,720,1.51605,0.03968,0.00794983,0.0111074,2026-07-16 05:13:22.550
57,1,3,3,CC_Chg,3215.55,780,1.51636,0.03968,0.00861216,0.0121116,2026-07-16 05:14:22.550
58,1,3,3,CC_Chg,3275.55,840,1.51683,0.03968,0.00927458,0.0131162,2026-07-16 05:15:22.550
59,1,3,3,CC_Chg,3335.55,900,1.51667,0.03968,0.00993706,0.0141211,2026-07-16 05:16:22.550
60,1,3,3,CC_Chg,3395.55,960,1.51714,0.03968,0.0105994,0.0151259,2026-07-16 05:17:22.550
61,1,3,3,CC_Chg,3455.55,1020,1.51807,0.03968,0.0112618,0.0161312,2026-07-16 05:18:22.550
62,1,3,3,CC_Chg,3515.55,1080,1.51838,0.03968,0.0119242,0.0171369,2026-07-16 05:19:22.550
63,1,3,3,CC_Chg,3575.55,1140,1.51916,0.03968,0.0125863,0.0181425,2026-07-16 05:20:22.550
64,1,3,3,CC_Chg,3635.55,1200,1.51962,0.03968,0.0132481,0.0191482,2026-07-16 05:21:22.550
65,1,3,3,CC_Chg,3695.55,1260,1.52117,0.03968,0.0139105,0.0201553,2026-07-16 05:22:22.550
66,1,3,3,CC_Chg,3755.55,1320,1.52195,0.03999,0.0145729,0.0211633,2026-07-16 05:23:22.550
67,1,3,3,CC_Chg,3815.55,1380,1.52334,0.03999,0.0152349,0.0221715,2026-07-16 05:24:22.550
68,1,3,3,CC_Chg,3875.55,1440,1.52458,0.03968,0.015897,0.0231806,2026-07-16 05:25:22.550
69,1,3,3,CC_Chg,3935.55,1500,1.52598,0.03968,0.0165592,0.0241909,2026-07-16 05:26:22.550
70,1,3,3,CC_Chg,3995.55,1560,1.52721,0.03968,0.0172216,0.0252021,2026-07-16 05:27:22.550
71,1,3,3,CC_Chg,4055.55,1620,1.52938,0.03968,0.0178841,0.0262145,2026-07-16 05:28:22.550
72,1,3,3,CC_Chg,4115.55,1680,1.53124,0.03968,0.0185462,0.0272279,2026-07-16 05:29:22.550
73,1,3,3,CC_Chg,4175.55,1740,1.53404,0.03968,0.0192082,0.0282425,2026-07-16 05:30:22.550
74,1,3,3,CC_Chg,4235.55,1800,1.53713,0.03968,0.0198703,0.0292595,2026-07-16 05:31:22.550
75,1,3,3,CC_Chg,4295.55,1860,1.54116,0.03968,0.0205322,0.0302782,2026-07-16 05:32:22.550
76,1,3,3,CC_Chg,4355.55,1920,1.54581,0.03968,0.0211942,0.0312999,2026-07-16 05:33:22.550
77,1,3,3,CC_Chg,4415.55,1980,1.55062,0.03968,0.0218566,0.0323257,2026-07-16 05:34:22.550
78,1,3,3,CC_Chg,4475.55,2040,1.55682,0.03968,0.0225192,0.0333553,2026-07-16 05:35:22.550
79,1,3,3,CC_Chg,4535.55,2100,1.56271,0.03968,0.0231815,0.0343884,2026-07-16 05:36:22.550
80,1,3,3,CC_Chg,4595.55,2160,1.56845,0.03968,0.0238438,0.0354254,2026-07-16 05:37:22.550
81,1,3,3,CC_Chg,4655.55,2220,1.57371,0.03999,0.0245062,0.036466,2026-07-16 05:38:22.550
82,1,3,3,CC_Chg,4715.55,2280,1.57837,0.03968,0.0251685,0.03751,2026-07-16 05:39:22.550
83,1,3,3,CC_Chg,4775.55,2340,1.58271,0.03968,0.0258311,0.0385573,2026-07-16 05:40:22.550
84,1,3,3,CC_Chg,4835.55,2400,1.58642,0.03968,0.0264932,0.0396063,2026-07-16 05:41:22.550
85,1,3,3,CC_Chg,4895.55,2460,1.58922,0.03968,0.0271562,0.0406592,2026-07-16 05:42:22.550
86,1,3,3,CC_Chg,4955.55,2520,1.5917,0.03968,0.0278187,0.041713,2026-07-16 05:43:22.550
87,1,3,3,CC_Chg,5015.55,2580,1.59433,0.03968,0.028481,0.0427682,2026-07-16 05:44:22.550
88,1,3,3,CC_Chg,5075.55,2640,1.59696,0.03968,0.0291434,0.0438251,2026-07-16 05:45:22.550
89,1,3,3,CC_Chg,5135.55,2700,1.59945,0.03968,0.0298058,0.0448837,2026-07-16 05:46:22.550
90,1,3,3,CC_Chg,5195.55,2760,1.60224,0.03968,0.0304681,0.0459439,2026-07-16 05:47:22.550
91,1,3,3,CC_Chg,5255.55,2820,1.60642,0.03968,0.0311303,0.0470064,2026-07-16 05:48:22.550
92,1,3,3,CC_Chg,5315.55,2880,1.61169,0.03968,0.0317929,0.0480726,2026-07-16 05:49:22.550
93,1,3,3,CC_Chg,5375.55,2940,1.61944,0.03968,0.0324556,0.0491433,2026-07-16 05:50:22.550
94,1,3,3,CC_Chg,5435.55,3000,1.62905,0.03968,0.0331182,0.0502195,2026-07-16 05:51:22.550
95,1,3,3,CC_Chg,5495.55,3060,1.64068,0.03968,0.0337806,0.0513023,2026-07-16 05:52:22.550
96,1,3,3,CC_Chg,5555.55,3120,1.65369,0.03968,0.034443,0.0523935,2026-07-16 05:53:22.550
97,1,3,3,CC_Chg,5615.55,3180,1.6678,0.03968,0.0351052,0.0534932,2026-07-16 05:54:22.550
98,1,3,3,CC_Chg,5675.55,3240,1.68082,0.03968,0.0357676,0.0546024,2026-07-16 05:55:22.550
99,1,3,3,CC_Chg,5735.55,3300,1.6926,0.03968,0.0364301,0.05572,2026-07-16 05:56:22.550
100,1,3,3,CC_Chg,5795.55,3360,1.70298,0.03968,0.0370928,0.0568451,2026-07-16 05:57:22.550
101,1,3,3,CC_Chg,5855.55,3420,1.71198,0.03968,0.0377554,0.0579765,2026-07-16 05:58:22.550
102,1,3,3,CC_Chg,5915.55,3480,1.72066,0.03968,0.0384177,0.0591133,2026-07-16 05:59:22.550
103,1,3,3,CC_Chg,5975.55,3540,1.72887,0.03999,0.0390803,0.0602562,2026-07-16 06:00:22.550
104,1,3,3,CC_Chg,6035.55,3600,1.73615,0.03968,0.0397426,0.0614038,2026-07-16 06:01:22.550
105,1,3,3,CC_Chg,6095.55,3660,1.74313,0.03968,0.0404049,0.062556,2026-07-16 06:02:22.550
106,1,3,3,CC_Chg,6155.55,3720,1.74964,0.03999,0.0410676,0.0637133,2026-07-16 06:03:22.550
107,1,3,3,CC_Chg,6215.55,3780,1.75537,0.03968,0.0417299,0.0648742,2026-07-16 06:04:22.550
108,1,3,3,CC_Chg,6275.55,3840,1.76127,0.03999,0.0423924,0.066039,2026-07-16 06:05:22.550
109,1,3,3,CC_Chg,6335.55,3900,1.76638,0.03968,0.0430546,0.0672071,2026-07-16 06:06:22.550
110,1,3,3,CC_Chg,6395.55,3960,1.7715,0.03968,0.0437169,0.0683787,2026-07-16 06:07:22.550
111,1,3,3,CC_Chg,6455.55,4020,1.77584,0.03968,0.0443793,0.0695538,2026-07-16 06:08:22.550
112,1,3,3,CC_Chg,6515.55,4080,1.77987,0.03968,0.0450416,0.0707315,2026-07-16 06:09:22.550
113,1,3,3,CC_Chg,6575.55,4140,1.7839,0.03999,0.0457039,0.0719117,2026-07-16 06:10:22.550
114,1,3,3,CC_Chg,6635.55,4200,1.78839,0.03968,0.0463663,0.073095,2026-07-16 06:11:22.550
115,1,3,3,CC_Chg,6695.55,4260,1.79211,0.03999,0.0470284,0.0742803,2026-07-16 06:12:22.550
116,1,3,3,CC_Chg,6755.55,4320,1.79521,0.03968,0.0476904,0.0754679,2026-07-16 06:13:22.550
117,1,3,3,CC_Chg,6815.55,4380,1.79815,0.03999,0.0483529,0.0766582,2026-07-16 06:14:22.550
118,1,3,3,CC_Chg,6849.61,4414.06,1.80001,0.03968,0.0487292,0.0773353,2026-07-16 06:14:56.610
119,2,2,4,CC_DChg,6849.68,0,1.75181,-0.03999,0,0,2026-07-16 06:14:56.680
120,2,2,4,CC_DChg,6909.68,60,1.67477,-0.03968,0.000663418,0.00113138,2026-07-16 06:15:56.680
121,2,2,4,CC_DChg,6969.68,120,1.62921,-0.03968,0.0013254,0.00222449,2026-07-16 06:16:56.680
122,2,2,4,CC_DChg,7029.68,180,1.59247,-0.03968,0.00198762,0.00329096,2026-07-16 06:17:56.680
123,2,2,4,CC_DChg,7089.68,240,1.561,-0.03968,0.00264961,0.00433456,2026-07-16 06:18:56.680
124,2,2,4,CC_DChg,7149.68,300,1.53481,-0.03968,0.00331167,0.00535928,2026-07-16 06:19:56.680
125,2,2,4,CC_DChg,7209.68,360,1.51202,-0.03968,0.00397343,0.00636732,2026-07-16 06:20:56.680
126,2,2,4,CC_DChg,7269.68,420,1.49249,-0.03968,0.00463527,0.00736154,2026-07-16 06:21:56.680
127,2,2,4,CC_DChg,7329.68,480,1.4756,-0.03968,0.00529702,0.00834354,2026-07-16 06:22:56.680
128,2,2,4,CC_DChg,7389.68,540,1.46026,-0.03968,0.00595886,0.00931503,2026-07-16 06:23:56.680
129,2,2,4,CC_DChg,7449.68,600,1.44708,-0.03968,0.00662092,0.0102774,2026-07-16 06:24:56.680
130,2,2,4,CC_DChg,7509.68,660,1.43576,-0.03968,0.00728289,0.0112315,2026-07-16 06:25:56.680
131,2,2,4,CC_DChg,7569.68,720,1.42647,-0.03968,0.00794509,0.0121791,2026-07-16 06:26:56.680
132,2,2,4,CC_DChg,7629.68,780,1.42027,-0.03999,0.00860751,0.0131221,2026-07-16 06:27:56.680
133,2,2,4,CC_DChg,7689.68,840,1.41531,-0.03968,0.00926994,0.0140613,2026-07-16 06:28:56.680
134,2,2,4,CC_DChg,7749.68,900,1.41097,-0.03968,0.00993221,0.0149973,2026-07-16 06:29:56.680
135,2,2,4,CC_DChg,7809.68,960,1.40678,-0.03968,0.0105946,0.0159306,2026-07-16 06:30:56.680
136,2,2,4,CC_DChg,7869.68,1020,1.40291,-0.03999,0.0112569,0.0168612,2026-07-16 06:31:56.680
137,2,2,4,CC_DChg,7929.68,1080,1.3998,-0.03968,0.0119195,0.0177898,2026-07-16 06:32:56.680
138,2,2,4,CC_DChg,7989.68,1140,1.39624,-0.03968,0.0125819,0.0187158,2026-07-16 06:33:56.680
139,2,2,4,CC_DChg,8049.68,1200,1.39268,-0.03968,0.0132444,0.0196396,2026-07-16 06:34:56.680
140,2,2,4,CC_DChg,8109.68,1260,1.38926,-0.03968,0.0139071,0.0205615,2026-07-16 06:35:56.680
141,2,2,4,CC_DChg,8169.68,1320,1.38555,-0.03968,0.0145695,0.0214805,2026-07-16 06:36:56.680
142,2,2,4,CC_DChg,8229.68,1380,1.38167,-0.03968,0.0152319,0.0223972,2026-07-16 06:37:56.680
143,2,2,4,CC_DChg,8289.68,1440,1.37702,-0.03968,0.0158939,0.0233105,2026-07-16 06:38:56.680
144,2,2,4,CC_DChg,8349.68,1500,1.37206,-0.03968,0.0165564,0.0242211,2026-07-16 06:39:56.680
145,2,2,4,CC_DChg,8409.68,1560,1.36586,-0.03999,0.0172184,0.0251275,2026-07-16 06:40:56.680
146,2,2,4,CC_DChg,8469.68,1620,1.35888,-0.03968,0.0178809,0.0260302,2026-07-16 06:41:56.680
147,2,2,4,CC_DChg,8529.68,1680,1.35036,-0.03999,0.018543,0.0269272,2026-07-16 06:42:56.680
148,2,2,4,CC_DChg,8589.68,1740,1.34044,-0.03968,0.0192056,0.0278188,2026-07-16 06:43:56.680
149,2,2,4,CC_DChg,8649.68,1800,1.3282,-0.03968,0.019868,0.0287028,2026-07-16 06:44:56.680
150,2,2,4,CC_DChg,8709.68,1860,1.31394,-0.03999,0.0205301,0.0295776,2026-07-16 06:45:56.680
151,2,2,4,CC_DChg,8769.68,1920,1.2975,-0.03968,0.0211923,0.0304425,2026-07-16 06:46:56.680
152,2,2,4,CC_DChg,8829.68,1980,1.28185,-0.03999,0.0218547,0.0312965,2026-07-16 06:47:56.680
153,2,2,4,CC_DChg,8889.68,2040,1.27503,-0.03968,0.022517,0.0321427,2026-07-16 06:48:56.680
154,2,2,4,CC_DChg,8949.68,2100,1.27581,-0.03999,0.0231794,0.0329874,2026-07-16 06:49:56.680
155,2,2,4,CC_DChg,9009.68,2160,1.27813,-0.03968,0.0238421,0.0338336,2026-07-16 06:50:56.680
156,2,2,4,CC_DChg,9069.68,2220,1.27921,-0.03968,0.0245043,0.0346806,2026-07-16 06:51:56.680
157,2,2,4,CC_DChg,9129.68,2280,1.27844,-0.03968,0.0251666,0.0355277,2026-07-16 06:52:56.680
158,2,2,4,CC_DChg,9189.68,2340,1.27596,-0.03968,0.0258291,0.0363739,2026-07-16 06:53:56.680
159,2,2,4,CC_DChg,9249.68,2400,1.27239,-0.03968,0.0264911,0.0372175,2026-07-16 06:54:56.680
160,2,2,4,CC_DChg,9309.68,2460,1.26713,-0.03968,0.0271533,0.0380586,2026-07-16 06:55:56.680
161,2,2,4,CC_DChg,9369.68,2520,1.26062,-0.03968,0.0278157,0.0388959,2026-07-16 06:56:56.680
162,2,2,4,CC_DChg,9429.68,2580,1.25271,-0.03968,0.0284778,0.0397282,2026-07-16 06:57:56.680
163,2,2,4,CC_DChg,9489.68,2640,1.24294,-0.03968,0.0291404,0.0405551,2026-07-16 06:58:56.680
164,2,2,4,CC_DChg,9549.68,2700,1.23023,-0.03968,0.0298027,0.0413742,2026-07-16 06:59:56.680
165,2,2,4,CC_DChg,9609.68,2760,1.21489,-0.03968,0.0304651,0.0421843,2026-07-16 07:00:56.680
166,2,2,4,CC_DChg,9669.68,2820,1.19629,-0.03968,0.0311275,0.0429831,2026-07-16 07:01:56.680
167,2,2,4,CC_DChg,9729.68,2880,1.17273,-0.03968,0.0317896,0.0437677,2026-07-16 07:02:56.680
168,2,2,4,CC_DChg,9789.68,2940,1.14343,-0.03968,0.0324518,0.044535,2026-07-16 07:03:56.680
169,2,2,4,CC_DChg,9849.68,3000,1.10871,-0.03968,0.0331141,0.0452811,2026-07-16 07:04:56.680
170,2,2,4,CC_DChg,9909.68,3060,1.06919,-0.03968,0.0337763,0.0460024,2026-07-16 07:05:56.680
171,2,2,4,CC_DChg,9969.68,3120,1.0275,-0.03968,0.0344385,0.0466968,2026-07-16 07:06:56.680
172,2,2,4,CC_DChg,10029.7,3180,0.984095,-0.03968,0.0351007,0.047363,2026-07-16 07:07:56.680
173,2,2,4,CC_DChg,10089.7,3240,0.93961,-0.03968,0.0357629,0.048,2026-07-16 07:08:56.680
174,2,2,4,CC_DChg,10149.7,3300,0.896055,-0.03968,0.0364251,0.0486079,2026-07-16 07:09:56.680
175,2,2,4,CC_DChg,10209.7,3360,0.853895,-0.03968,0.0370873,0.0491873,2026-07-16 07:10:56.680
176,2,2,4,CC_DChg,10269.7,3420,0.81437,-0.03968,0.0377497,0.0497399,2026-07-16 07:11:56.680
177,2,2,4,CC_DChg,10294.1,3444.42,0.79918,-0.03968,0.0380196,0.0499576,2026-07-16 07:12:21.100
178,2,3,5,CC_Chg,10294.2,0,0.84041,0.03968,0,0,2026-07-16 07:12:21.170
179,2,3,5,CC_Chg,10354.2,60,1.04609,0.03968,0.000663032,0.000632144,2026-07-16 07:13:21.170
180,2,3,5,CC_Chg,10414.2,120,1.20311,0.03968,0.00132494,0.00137651,2026-07-16 07:14:21.170
181,2,3,5,CC_Chg,10474.2,180,1.39531,0.03968,0.00198724,0.00223522,2026-07-16 07:15:21.170
182,2,3,5,CC_Chg,10534.2,240,1.54116,0.03968,0.0026493,0.00321407,2026-07-16 07:16:21.170
183,2,3,5,CC_Chg,10594.2,300,1.52659,0.03968,0.00331182,0.00422902,2026-07-16 07:17:21.170
184,2,3,5,CC_Chg,10654.2,360,1.52473,0.03968,0.0039745,0.00524002,2026-07-16 07:18:21.170
185,2,3,5,CC_Chg,10714.2,420,1.52458,0.03968,0.00463664,0.00624968,2026-07-16 07:19:21.170
186,2,3,5,CC_Chg,10774.2,480,1.52473,0.03968,0.00529885,0.00725942,2026-07-16 07:20:21.170
187,2,3,5,CC_Chg,10834.2,540,1.52427,0.03968,0.00596082,0.00826868,2026-07-16 07:21:21.170
188,2,3,5,CC_Chg,10894.2,600,1.52412,0.03968,0.00662275,0.00927769,2026-07-16 07:22:21.170
189,2,3,5,CC_Chg,10954.2,660,1.52412,0.03968,0.00728533,0.0102876,2026-07-16 07:23:21.170
190,2,3,5,CC_Chg,11014.2,720,1.52442,0.03968,0.00794761,0.0112972,2026-07-16 07:24:21.170
191,2,3,5,CC_Chg,11074.2,780,1.52489,0.03968,0.00860986,0.0123069,2026-07-16 07:25:21.170
192,2,3,5,CC_Chg,11134.2,840,1.52567,0.03968,0.00927207,0.013317,2026-07-16 07:26:21.170
193,2,3,5,CC_Chg,11194.2,900,1.52598,0.03968,0.00993444,0.0143277,2026-07-16 07:27:21.170
194,2,3,5,CC_Chg,11254.2,960,1.52644,0.03968,0.0105969,0.0153387,2026-07-16 07:28:21.170
195,2,3,5,CC_Chg,11314.2,1020,1.52753,0.03968,0.0112591,0.01635,2026-07-16 07:29:21.170
196,2,3,5,CC_Chg,11374.2,1080,1.52861,0.03968,0.0119214,0.017362,2026-07-16 07:30:21.170
197,2,3,5,CC_Chg,11434.2,1140,1.53001,0.03968,0.012584,0.0183752,2026-07-16 07:31:21.170
198,2,3,5,CC_Chg,11494.2,1200,1.53155,0.03968,0.0132464,0.0193892,2026-07-16 07:32:21.170
199,2,3,5,CC_Chg,11554.2,1260,1.53373,0.03968,0.0139089,0.0204045,2026-07-16 07:33:21.170
200,2,3,5,CC_Chg,11614.2,1320,1.53621,0.03968,0.0145711,0.0214211,2026-07-16 07:34:21.170
201,2,3,5,CC_Chg,11674.2,1380,1.53915,0.03968,0.0152331,0.022439,2026-07-16 07:35:21.170
202,2,3,5,CC_Chg,11734.2,1440,1.54272,0.03968,0.0158955,0.0234596,2026-07-16 07:36:21.170
203,2,3,5,CC_Chg,11794.2,1500,1.54644,0.03968,0.0165576,0.0244824,2026-07-16 07:37:21.170
204,2,3,5,CC_Chg,11854.2,1560,1.55109,0.03968,0.0172202,0.0255087,2026-07-16 07:38:21.170
205,2,3,5,CC_Chg,11914.2,1620,1.55604,0.03968,0.0178826,0.0265378,2026-07-16 07:39:21.170
206,2,3,5,CC_Chg,11974.2,1680,1.56116,0.03968,0.0185449,0.0275701,2026-07-16 07:40:21.170
207,2,3,5,CC_Chg,12034.2,1740,1.56612,0.03999,0.0192072,0.0286058,2026-07-16 07:41:21.170
208,2,3,5,CC_Chg,12094.2,1800,1.57031,0.03968,0.0198697,0.0296449,2026-07-16 07:42:21.170
209,2,3,5,CC_Chg,12154.2,1860,1.57371,0.03968,0.020532,0.0306864,2026-07-16 07:43:21.170
210,2,3,5,CC_Chg,12214.2,1920,1.57604,0.03968,0.0211943,0.0317295,2026-07-16 07:44:21.170
211,2,3,5,CC_Chg,12274.2,1980,1.57837,0.03968,0.0218569,0.0327745,2026-07-16 07:45:21.170
212,2,3,5,CC_Chg,12334.2,2040,1.58022,0.03968,0.0225189,0.0338202,2026-07-16 07:46:21.170
213,2,3,5,CC_Chg,12394.2,2100,1.58208,0.03968,0.0231811,0.0348673,2026-07-16 07:47:21.170
214,2,3,5,CC_Chg,12454.2,2160,1.5841,0.03968,0.0238433,0.0359157,2026-07-16 07:48:21.170
215,2,3,5,CC_Chg,12514.2,2220,1.58627,0.03968,0.0245053,0.0369651,2026-07-16 07:49:21.170
216,2,3,5,CC_Chg,12574.2,2280,1.58859,0.03968,0.0251676,0.0380164,2026-07-16 07:50:21.170
217,2,3,5,CC_Chg,12634.2,2340,1.59076,0.03968,0.0258296,0.0390689,2026-07-16 07:51:21.170
218,2,3,5,CC_Chg,12694.2,2400,1.5934,0.03968,0.0264915,0.0401227,2026-07-16 07:52:21.170
219,2,3,5,CC_Chg,12754.2,2460,1.59634,0.03968,0.0271535,0.0411785,2026-07-16 07:53:21.170
220,2,3,5,CC_Chg,12814.2,2520,1.60007,0.03999,0.0278155,0.0422366,2026-07-16 07:54:21.170
221,2,3,5,CC_Chg,12874.2,2580,1.60379,0.03968,0.0284777,0.0432974,2026-07-16 07:55:21.170
222,2,3,5,CC_Chg,12934.2,2640,1.6089,0.03999,0.02914,0.0443612,2026-07-16 07:56:21.170
223,2,3,5,CC_Chg,12994.2,2700,1.61603,0.03968,0.029802,0.0454286,2026-07-16 07:57:21.170
224,2,3,5,CC_Chg,13054.2,2760,1.62626,0.03968,0.0304644,0.0465023,2026-07-16 07:58:21.170
225,2,3,5,CC_Chg,13114.2,2820,1.63928,0.03999,0.0311267,0.0475837,2026-07-16 07:59:21.170
226,2,3,5,CC_Chg,13174.2,2880,1.65354,0.03968,0.0317886,0.0486735,2026-07-16 08:00:21.170
227,2,3,5,CC_Chg,13234.2,2940,1.66811,0.03968,0.0324505,0.0497729,2026-07-16 08:01:21.170
228,2,3,5,CC_Chg,13294.2,3000,1.6819,0.03968,0.0331126,0.050882,2026-07-16 08:02:21.170
229,2,3,5,CC_Chg,13354.2,3060,1.69477,0.03968,0.033775,0.0520005,2026-07-16 08:03:21.170
230,2,3,5,CC_Chg,13414.2,3120,1.70655,0.03968,0.0344371,0.0531265,2026-07-16 08:04:21.170
231,2,3,5,CC_Chg,13474.2,3180,1.71818,0.03968,0.0350994,0.0542608,2026-07-16 08:05:21.170
232,2,3,5,CC_Chg,13534.2,3240,1.72918,0.03999,0.0357617,0.0554022,2026-07-16 08:06:21.170
233,2,3,5,CC_Chg,13594.2,3300,1.73941,0.03968,0.0364237,0.0565505,2026-07-16 08:07:21.170
234,2,3,5,CC_Chg,13654.2,3360,1.74917,0.03968,0.0370858,0.0577055,2026-07-16 08:08:21.170
235,2,3,5,CC_Chg,13714.2,3420,1.75816,0.03999,0.0377481,0.0588671,2026-07-16 08:09:21.170
236,2,3,5,CC_Chg,13774.2,3480,1.76638,0.03999,0.0384104,0.0600343,2026-07-16 08:10:21.170
237,2,3,5,CC_Chg,13834.2,3540,1.77367,0.03968,0.0390726,0.0612065,2026-07-16 08:11:21.170
238,2,3,5,CC_Chg,13894.2,3600,1.78033,0.03999,0.0397348,0.0623834,2026-07-16 08:12:21.170
239,2,3,5,CC_Chg,13954.2,3660,1.78638,0.03968,0.040397,0.0635644,2026-07-16 08:13:21.170
240,2,3,5,CC_Chg,14014.2,3720,1.79195,0.03968,0.0410596,0.0647499,2026-07-16 08:14:21.170
241,2,3,5,CC_Chg,14074.2,3780,1.79707,0.03999,0.0417219,0.0659387,2026-07-16 08:15:21.170
242,2,3,5,CC_Chg,14116,3821.83,1.80001,0.03968,0.042184,0.0667699,2026-07-16 08:16:03.000
243,3,2,6,CC_DChg,14116.1,0,1.76514,-0.03968,0,0,2026-07-16 08:16:03.070
244,3,2,6,CC_DChg,14176.1,60,1.68485,-0.03968,0.00066275,0.00113862,2026-07-16 08:17:03.070
245,3,2,6,CC_DChg,14236.1,120,1.63742,-0.03968,0.00132505,0.00223809,2026-07-16 08:18:03.070
246,3,2,6,CC_DChg,14296.1,180,1.60007,-0.03968,0.0019868,0.00330891,2026-07-16 08:19:03.070
247,3,2,6,CC_DChg,14356.1,240,1.56875,-0.03968,0.00264921,0.00435809,2026-07-16 08:20:03.070
248,3,2,6,CC_DChg,14416.1,300,1.54272,-0.03968,0.00331135,0.00538797,2026-07-16 08:21:03.070
249,3,2,6,CC_DChg,14476.1,360,1.52039,-0.03968,0.00397377,0.00640239,2026-07-16 08:22:03.070
250,3,2,6,CC_DChg,14536.1,420,1.50133,-0.03968,0.00463631,0.0074034,2026-07-16 08:23:03.070
251,3,2,6,CC_DChg,14596.1,480,1.48443,-0.03968,0.00529877,0.0083924,2026-07-16 08:24:03.070
252,3,2,6,CC_DChg,14656.1,540,1.46924,-0.03968,0.00596129,0.00937079,2026-07-16 08:25:03.070
253,3,2,6,CC_DChg,14716.1,600,1.45592,-0.03968,0.00662359,0.0103394,2026-07-16 08:26:03.070
254,3,2,6,CC_DChg,14776.1,660,1.44382,-0.03999,0.00728596,0.0112997,2026-07-16 08:27:03.070
255,3,2,6,CC_DChg,14836.1,720,1.4339,-0.03968,0.00794838,0.0122529,2026-07-16 08:28:03.070
256,3,2,6,CC_DChg,14896.1,780,1.42616,-0.03999,0.00861085,0.0132002,2026-07-16 08:29:03.070
257,3,2,6,CC_DChg,14956.1,840,1.42073,-0.03968,0.00927345,0.0141434,2026-07-16 08:30:03.070
258,3,2,6,CC_DChg,15016.1,900,1.41623,-0.03968,0.00993574,0.0150829,2026-07-16 08:31:03.070
259,3,2,6,CC_DChg,15076.1,960,1.41205,-0.03968,0.0105981,0.0160196,2026-07-16 08:32:03.070
260,3,2,6,CC_DChg,15136.1,1020,1.40771,-0.03968,0.0112606,0.0169535,2026-07-16 08:33:03.070
261,3,2,6,CC_DChg,15196.1,1080,1.40399,-0.03968,0.0119229,0.0178847,2026-07-16 08:34:03.070
262,3,2,6,CC_DChg,15256.1,1140,1.40074,-0.03968,0.012585,0.0188132,2026-07-16 08:35:03.070
263,3,2,6,CC_DChg,15316.1,1200,1.39748,-0.03968,0.0132474,0.01974,2026-07-16 08:36:03.070
264,3,2,6,CC_DChg,15376.1,1260,1.39392,-0.03999,0.0139101,0.0206651,2026-07-16 08:37:03.070
265,3,2,6,CC_DChg,15436.1,1320,1.39035,-0.03968,0.0145728,0.0215877,2026-07-16 08:38:03.070
266,3,2,6,CC_DChg,15496.1,1380,1.38647,-0.03999,0.015235,0.0225072,2026-07-16 08:39:03.070
267,3,2,6,CC_DChg,15556.1,1440,1.38198,-0.03968,0.0158977,0.0234246,2026-07-16 08:40:03.070
268,3,2,6,CC_DChg,15616.1,1500,1.37687,-0.03999,0.01656,0.0243383,2026-07-16 08:41:03.070
269,3,2,6,CC_DChg,15676.1,1560,1.37144,-0.03968,0.0172228,0.0252492,2026-07-16 08:42:03.070
270,3,2,6,CC_DChg,15736.1,1620,1.36493,-0.03968,0.0178853,0.0261557,2026-07-16 08:43:03.070
271,3,2,6,CC_DChg,15796.1,1680,1.35671,-0.03968,0.0185478,0.0270575,2026-07-16 08:44:03.070
272,3,2,6,CC_DChg,15856.1,1740,1.34726,-0.03968,0.0192099,0.0279528,2026-07-16 08:45:03.070
273,3,2,6,CC_DChg,15916.1,1800,1.33563,-0.03968,0.0198723,0.0288417,2026-07-16 08:46:03.070
274,3,2,6,CC_DChg,15976.1,1860,1.32153,-0.03999,0.0205348,0.029722,2026-07-16 08:47:03.070
275,3,2,6,CC_DChg,16036.1,1920,1.30463,-0.03968,0.0211977,0.0305927,2026-07-16 08:48:03.070
276,3,2,6,CC_DChg,16096.1,1980,1.28573,-0.03968,0.0218599,0.0314505,2026-07-16 08:49:03.070
277,3,2,6,CC_DChg,16156.1,2040,1.27286,-0.03999,0.0225223,0.0322974,2026-07-16 08:50:03.070
278,3,2,6,CC_DChg,16216.1,2100,1.27224,-0.03968,0.0231847,0.0331397,2026-07-16 08:51:03.070
279,3,2,6,CC_DChg,16276.1,2160,1.27581,-0.03999,0.023847,0.0339835,2026-07-16 08:52:03.070
280,3,2,6,CC_DChg,16336.1,2220,1.27689,-0.03968,0.0245088,0.0348284,2026-07-16 08:53:03.070
281,3,2,6,CC_DChg,16396.1,2280,1.27534,-0.03968,0.0251711,0.0356739,2026-07-16 08:54:03.070
282,3,2,6,CC_DChg,16456.1,2340,1.271,-0.03968,0.0258334,0.0365173,2026-07-16 08:55:03.070
283,3,2,6,CC_DChg,16516.1,2400,1.26418,-0.03968,0.0264956,0.0373569,2026-07-16 08:56:03.070
284,3,2,6,CC_DChg,16576.1,2460,1.25473,-0.03968,0.0271574,0.0381906,2026-07-16 08:57:03.070
285,3,2,6,CC_DChg,16636.1,2520,1.24232,-0.03968,0.0278196,0.0390177,2026-07-16 08:58:03.070
286,3,2,6,CC_DChg,16696.1,2580,1.2262,-0.03968,0.0284816,0.0398352,2026-07-16 08:59:03.070
287,3,2,6,CC_DChg,16756.1,2640,1.20497,-0.03968,0.0291439,0.0406407,2026-07-16 09:00:03.070
288,3,2,6,CC_DChg,16816.1,2700,1.17816,-0.03968,0.0298058,0.0414298,2026-07-16 09:01:03.070
289,3,2,6,CC_DChg,16876.1,2760,1.14592,-0.03968,0.0304682,0.0422,2026-07-16 09:02:03.070
290,3,2,6,CC_DChg,16936.1,2820,1.11011,-0.03968,0.0311304,0.0429471,2026-07-16 09:03:03.070
291,3,2,6,CC_DChg,16996.1,2880,1.07275,-0.03968,0.0317926,0.0436699,2026-07-16 09:04:03.070
292,3,2,6,CC_DChg,17056.1,2940,1.03432,-0.03968,0.0324549,0.0443677,2026-07-16 09:05:03.070
293,3,2,6,CC_DChg,17116.1,3000,0.9951,-0.03968,0.0331169,0.0450394,2026-07-16 09:06:03.070
294,3,2,6,CC_DChg,17176.1,3060,0.95728,-0.03968,0.0337788,0.0456854,2026-07-16 09:07:03.070
295,3,2,6,CC_DChg,17236.1,3120,0.920235,-0.03968,0.0344407,0.0463068,2026-07-16 09:08:03.070
296,3,2,6,CC_DChg,17296.1,3180,0.884275,-0.03968,0.0351025,0.0469039,2026-07-16 09:09:03.070
297,3,2,6,CC_DChg,17356.1,3240,0.84971,-0.03968,0.0357643,0.0474776,2026-07-16 09:10:03.070
298,3,2,6,CC_DChg,17416.1,3300,0.81654,-0.03968,0.036426,0.0480287,2026-07-16 09:11:03.070
299,3,2,6,CC_DChg,17447.2,3331.15,0.799645,-0.03968,0.0367702,0.0483068,2026-07-16 09:11:34.220
300,3,3,7,CC_Chg,17447.3,0,0.83917,0.03968,0,0,2026-07-16 09:11:34.290
301,3,3,7,CC_Chg,17507.3,60,1.04609,0.03968,0.000663199,0.000632037,2026-07-16 09:12:34.290
302,3,3,7,CC_Chg,17567.3,120,1.20295,0.03968,0.00132534,0.00137676,2026-07-16 09:13:34.290
303,3,3,7,CC_Chg,17627.3,180,1.39686,0.03968,0.00198784,0.00223568,2026-07-16 09:14:34.290
304,3,3,7,CC_Chg,17687.3,240,1.54349,0.03968,0.00265,0.00321602,2026-07-16 09:15:34.290
305,3,3,7,CC_Chg,17747.3,300,1.52628,0.03968,0.00331235,0.00423074,2026-07-16 09:16:34.290
306,3,3,7,CC_Chg,17807.3,360,1.52458,0.03968,0.00397436,0.00524055,2026-07-16 09:17:34.290
307,3,3,7,CC_Chg,17867.3,420,1.52458,0.03999,0.00463682,0.00625067,2026-07-16 09:18:34.290
308,3,3,7,CC_Chg,17927.3,480,1.5252,0.03968,0.00529917,0.00726083,2026-07-16 09:19:34.290
309,3,3,7,CC_Chg,17987.3,540,1.52536,0.03968,0.00596132,0.00827079,2026-07-16 09:20:34.290
310,3,3,7,CC_Chg,18047.3,600,1.52536,0.03999,0.00662362,0.00928108,2026-07-16 09:21:34.290
311,3,3,7,CC_Chg,18107.3,660,1.52551,0.03968,0.0072859,0.0102914,2026-07-16 09:22:34.290
312,3,3,7,CC_Chg,18167.3,720,1.52567,0.03968,0.00794811,0.0113018,2026-07-16 09:23:34.290
313,3,3,7,CC_Chg,18227.3,780,1.52644,0.03968,0.00861042,0.0123127,2026-07-16 09:24:34.290
314,3,3,7,CC_Chg,18287.3,840,1.5269,0.03999,0.00927266,0.0133237,2026-07-16 09:25:34.290
315,3,3,7,CC_Chg,18347.3,900,1.52784,0.03968,0.00993482,0.0143352,2026-07-16 09:26:34.290
316,3,3,7,CC_Chg,18407.3,960,1.52892,0.03968,0.0105968,0.0153469,2026-07-16 09:27:34.290
317,3,3,7,CC_Chg,18467.3,1020,1.53047,0.03968,0.0112595,0.0163607,2026-07-16 09:28:34.290
318,3,3,7,CC_Chg,18527.3,1080,1.53202,0.03968,0.011922,0.0173752,2026-07-16 09:29:34.290
319,3,3,7,CC_Chg,18587.3,1140,1.53404,0.03968,0.0125845,0.0183908,2026-07-16 09:30:34.290
320,3,3,7,CC_Chg,18647.3,1200,1.53698,0.03999,0.0132469,0.019408,2026-07-16 09:31:34.290
321,3,3,7,CC_Chg,18707.3,1260,1.54055,0.03968,0.0139094,0.0204276,2026-07-16 09:32:34.290
322,3,3,7,CC_Chg,18767.3,1320,1.54473,0.03999,0.0145716,0.021449,2026-07-16 09:33:34.290
323,3,3,7,CC_Chg,18827.3,1380,1.54969,0.03968,0.015234,0.0224738,2026-07-16 09:34:34.290
324,3,3,7,CC_Chg,18887.3,1440,1.55449,0.03999,0.0158963,0.0235018,2026-07-16 09:35:34.290
325,3,3,7,CC_Chg,18947.3,1500,1.55977,0.03999,0.0165586,0.0245332,2026-07-16 09:36:34.290
326,3,3,7,CC_Chg,19007.3,1560,1.56457,0.03968,0.0172208,0.0255679,2026-07-16 09:37:34.290
327,3,3,7,CC_Chg,19067.3,1620,1.56845,0.03999,0.0178832,0.0266058,2026-07-16 09:38:34.290
328,3,3,7,CC_Chg,19127.3,1680,1.5717,0.03968,0.018546,0.0276466,2026-07-16 09:39:34.290
329,3,3,7,CC_Chg,19187.3,1740,1.57434,0.03968,0.0192084,0.0286885,2026-07-16 09:40:34.290
330,3,3,7,CC_Chg,19247.3,1800,1.5762,0.03968,0.0198702,0.0297312,2026-07-16 09:41:34.290
331,3,3,7,CC_Chg,19307.3,1860,1.57821,0.03999,0.0205326,0.0307759,2026-07-16 09:42:34.290
332,3,3,7,CC_Chg,19367.3,1920,1.58007,0.03968,0.021195,0.0318219,2026-07-16 09:43:34.290
333,3,3,7,CC_Chg,19427.3,1980,1.58177,0.03968,0.0218569,0.0328684,2026-07-16 09:44:34.290
334,3,3,7,CC_Chg,19487.3,2040,1.58394,0.03968,0.022519,0.0339167,2026-07-16 09:45:34.290
335,3,3,7,CC_Chg,19547.3,2100,1.58596,0.03999,0.0231813,0.0349663,2026-07-16 09:46:34.290
336,3,3,7,CC_Chg,19607.3,2160,1.58828,0.03968,0.0238434,0.0360172,2026-07-16 09:47:34.290
337,3,3,7,CC_Chg,19667.3,2220,1.59076,0.03968,0.0245061,0.0370706,2026-07-16 09:48:34.290
338,3,3,7,CC_Chg,19727.3,2280,1.5934,0.03968,0.0251684,0.0381252,2026-07-16 09:49:34.290
339,3,3,7,CC_Chg,19787.3,2340,1.59681,0.03968,0.0258307,0.0391817,2026-07-16 09:50:34.290
340,3,3,7,CC_Chg,19847.3,2400,1.60053,0.03968,0.0264926,0.04024,2026-07-16 09:51:34.290
341,3,3,7,CC_Chg,19907.3,2460,1.60564,0.03968,0.0271546,0.0413012,2026-07-16 09:52:34.290
342,3,3,7,CC_Chg,19967.3,2520,1.61231,0.03968,0.0278167,0.0423664,2026-07-16 09:53:34.290
343,3,3,7,CC_Chg,20027.3,2580,1.62176,0.03999,0.0284789,0.0434372,2026-07-16 09:54:34.290
344,3,3,7,CC_Chg,20087.3,2640,1.63401,0.03968,0.0291406,0.0445144,2026-07-16 09:55:34.290
345,3,3,7,CC_Chg,20147.3,2700,1.64765,0.03968,0.0298026,0.0456006,2026-07-16 09:56:34.290
346,3,3,7,CC_Chg,20207.3,2760,1.66067,0.03999,0.0304648,0.0466961,2026-07-16 09:57:34.290
347,3,3,7,CC_Chg,20267.3,2820,1.67369,0.03968,0.0311269,0.0478001,2026-07-16 09:58:34.290
348,3,3,7,CC_Chg,20327.3,2880,1.68562,0.03968,0.0317891,0.0489123,2026-07-16 09:59:34.290
349,3,3,7,CC_Chg,20387.3,2940,1.69694,0.03968,0.0324512,0.0500322,2026-07-16 10:00:34.290
350,3,3,7,CC_Chg,20447.3,3000,1.70795,0.03968,0.0331132,0.0511593,2026-07-16 10:01:34.290
351,3,3,7,CC_Chg,20507.3,3060,1.7188,0.03999,0.0337753,0.0522938,2026-07-16 10:02:34.290
352,3,3,7,CC_Chg,20567.3,3120,1.72949,0.03999,0.0344373,0.0534353,2026-07-16 10:03:34.290
353,3,3,7,CC_Chg,20627.3,3180,1.73988,0.03968,0.0350997,0.0545845,2026-07-16 10:04:34.290
354,3,3,7,CC_Chg,20687.3,3240,1.74979,0.03968,0.0357621,0.0557403,2026-07-16 10:05:34.290
355,3,3,7,CC_Chg,20747.3,3300,1.75879,0.03968,0.0364244,0.0569023,2026-07-16 10:06:34.290
356,3,3,7,CC_Chg,20807.3,3360,1.76747,0.03968,0.0370871,0.0580708,2026-07-16 10:07:34.290
357,3,3,7,CC_Chg,20867.3,3420,1.77475,0.03968,0.0377493,0.0592438,2026-07-16 10:08:34.290
358,3,3,7,CC_Chg,20927.3,3480,1.78219,0.03968,0.0384117,0.060422,2026-07-16 10:09:34.290
359,3,3,7,CC_Chg,20987.3,3540,1.78824,0.03968,0.0390737,0.061604,2026-07-16 10:10:34.290
360,3,3,7,CC_Chg,21047.3,3600,1.79428,0.03968,0.0397359,0.0627903,2026-07-16 10:11:34.290
361,3,3,7,CC_Chg,21107.3,3660,1.79955,0.03999,0.040398,0.0639801,2026-07-16 10:12:34.290
362,3,3,7,CC_Chg,21115.3,3668.02,1.80001,0.03968,0.0404869,0.0641403,2026-07-16 10:12:42.310
363,4,2,8,CC_DChg,21115.4,0,1.76684,-0.03968,0,0,2026-07-16 10:12:42.380
364,4,2,8,CC_DChg,21175.4,60,1.6895,-0.03968,0.000662814,0.0011412,2026-07-16 10:13:42.380
365,4,2,8,CC_DChg,21235.4,120,1.64315,-0.03968,0.00132526,0.00224453,2026-07-16 10:14:42.380
366,4,2,8,CC_DChg,21295.4,180,1.60658,-0.03968,0.0019877,0.00332069,2026-07-16 10:15:42.380
367,4,2,8,CC_DChg,21355.4,240,1.57604,-0.03968,0.00265005,0.00437447,2026-07-16 10:16:42.380
368,4,2,8,CC_DChg,21415.4,300,1.55046,-0.03968,0.00331229,0.00540953,2026-07-16 10:17:42.380
369,4,2,8,CC_DChg,21475.4,360,1.52845,-0.03968,0.00397464,0.00642911,2026-07-16 10:18:42.380
370,4,2,8,CC_DChg,21535.4,420,1.51001,-0.03968,0.00463704,0.00743537,2026-07-16 10:19:42.380
371,4,2,8,CC_DChg,21595.4,480,1.49343,-0.03968,0.00529956,0.00843013,2026-07-16 10:20:42.380
372,4,2,8,CC_DChg,21655.4,540,1.47839,-0.03968,0.00596193,0.00941424,2026-07-16 10:21:42.380
373,4,2,8,CC_DChg,21715.4,600,1.4649,-0.03968,0.00662407,0.0103886,2026-07-16 10:22:42.380
374,4,2,8,CC_DChg,21775.4,660,1.4525,-0.03968,0.00728629,0.0113546,2026-07-16 10:23:42.380
375,4,2,8,CC_DChg,21835.4,720,1.4415,-0.03968,0.00794904,0.0123135,2026-07-16 10:24:42.380
376,4,2,8,CC_DChg,21895.4,780,1.43205,-0.03968,0.00861103,0.0132645,2026-07-16 10:25:42.380
377,4,2,8,CC_DChg,21955.4,840,1.42507,-0.03968,0.00927348,0.0142107,2026-07-16 10:26:42.380
378,4,2,8,CC_DChg,22015.4,900,1.41965,-0.03968,0.00993608,0.0151531,2026-07-16 10:27:42.380
379,4,2,8,CC_DChg,22075.4,960,1.41515,-0.03968,0.0105986,0.0160921,2026-07-16 10:28:42.380
380,4,2,8,CC_DChg,22135.4,1020,1.41034,-0.03968,0.011261,0.0170279,2026-07-16 10:29:42.380
381,4,2,8,CC_DChg,22195.4,1080,1.40647,-0.03968,0.0119237,0.0179614,2026-07-16 10:30:42.380
382,4,2,8,CC_DChg,22255.4,1140,1.4026,-0.03968,0.0125861,0.0188918,2026-07-16 10:31:42.380
383,4,2,8,CC_DChg,22315.4,1200,1.39888,-0.03968,0.0132484,0.0198196,2026-07-16 10:32:42.380
384,4,2,8,CC_DChg,22375.4,1260,1.39484,-0.03999,0.0139108,0.020745,2026-07-16 10:33:42.380
385,4,2,8,CC_DChg,22435.4,1320,1.39097,-0.03999,0.0145736,0.0216683,2026-07-16 10:34:42.380
386,4,2,8,CC_DChg,22495.4,1380,1.38678,-0.03968,0.0152363,0.0225889,2026-07-16 10:35:42.380
387,4,2,8,CC_DChg,22555.4,1440,1.38213,-0.03968,0.0158991,0.0235066,2026-07-16 10:36:42.380
388,4,2,8,CC_DChg,22615.4,1500,1.37702,-0.03968,0.0165616,0.0244206,2026-07-16 10:37:42.380
389,4,2,8,CC_DChg,22675.4,1560,1.37144,-0.03968,0.0172241,0.0253312,2026-07-16 10:38:42.380
390,4,2,8,CC_DChg,22735.4,1620,1.36462,-0.03968,0.0178862,0.0262371,2026-07-16 10:39:42.380
391,4,2,8,CC_DChg,22795.4,1680,1.3561,-0.03968,0.0185487,0.0271385,2026-07-16 10:40:42.380
392,4,2,8,CC_DChg,22855.4,1740,1.34633,-0.03968,0.0192109,0.0280335,2026-07-16 10:41:42.380
393,4,2,8,CC_DChg,22915.4,1800,1.33393,-0.03999,0.019873,0.0289209,2026-07-16 10:42:42.380
394,4,2,8,CC_DChg,22975.4,1860,1.3192,-0.03968,0.0205354,0.0297999,2026-07-16 10:43:42.380
395,4,2,8,CC_DChg,23035.4,1920,1.30215,-0.03968,0.0211978,0.0306683,2026-07-16 10:44:42.380
396,4,2,8,CC_DChg,23095.4,1980,1.2834,-0.03968,0.0218603,0.0315249,2026-07-16 10:45:42.380
397,4,2,8,CC_DChg,23155.4,2040,1.27162,-0.03968,0.0225229,0.0323708,2026-07-16 10:46:42.380
398,4,2,8,CC_DChg,23215.4,2100,1.27208,-0.03968,0.0231852,0.0332128,2026-07-16 10:47:42.380
399,4,2,8,CC_DChg,23275.4,2160,1.27596,-0.03968,0.0238479,0.0340572,2026-07-16 10:48:42.380
400,4,2,8,CC_DChg,23335.4,2220,1.27658,-0.03968,0.0245105,0.034903,2026-07-16 10:49:42.380
401,4,2,8,CC_DChg,23395.4,2280,1.27425,-0.03968,0.0251733,0.0357485,2026-07-16 10:50:42.380
402,4,2,8,CC_DChg,23455.4,2340,1.26867,-0.03999,0.0258356,0.0365908,2026-07-16 10:51:42.380
403,4,2,8,CC_DChg,23515.4,2400,1.26062,-0.03968,0.0264978,0.0374284,2026-07-16 10:52:42.380
404,4,2,8,CC_DChg,23575.4,2460,1.24899,-0.03968,0.0271599,0.0382595,2026-07-16 10:53:42.380
405,4,2,8,CC_DChg,23635.4,2520,1.23334,-0.03999,0.0278226,0.0390823,2026-07-16 10:54:42.380
406,4,2,8,CC_DChg,23695.4,2580,1.21349,-0.03968,0.0284853,0.0398934,2026-07-16 10:55:42.380
407,4,2,8,CC_DChg,23755.4,2640,1.18761,-0.03999,0.0291478,0.0406893,2026-07-16 10:56:42.380
408,4,2,8,CC_DChg,23815.4,2700,1.15661,-0.03968,0.0298106,0.0414665,2026-07-16 10:57:42.380
409,4,2,8,CC_DChg,23875.4,2760,1.1222,-0.03999,0.0304728,0.0422211,2026-07-16 10:58:42.380
410,4,2,8,CC_DChg,23935.4,2820,1.08733,-0.03968,0.0311351,0.0429528,2026-07-16 10:59:42.380
411,4,2,8,CC_DChg,23995.4,2880,1.05229,-0.03968,0.0317975,0.0436615,2026-07-16 11:00:42.380
412,4,2,8,CC_DChg,24055.4,2940,1.01757,-0.03968,0.0324597,0.0443466,2026-07-16 11:01:42.380
413,4,2,8,CC_DChg,24115.4,3000,0.98301,-0.03968,0.0331218,0.0450088,2026-07-16 11:02:42.380
414,4,2,8,CC_DChg,24175.4,3060,0.949685,-0.03968,0.0337842,0.0456489,2026-07-16 11:03:42.380
415,4,2,8,CC_DChg,24235.4,3120,0.91791,-0.03968,0.0344465,0.0462674,2026-07-16 11:04:42.380
416,4,2,8,CC_DChg,24295.4,3180,0.886445,-0.03968,0.0351095,0.0468655,2026-07-16 11:05:42.380
417,4,2,8,CC_DChg,24355.4,3240,0.856375,-0.03968,0.0357722,0.047443,2026-07-16 11:06:42.380
418,4,2,8,CC_DChg,24415.4,3300,0.82677,-0.03968,0.0364349,0.0480006,2026-07-16 11:07:42.380
419,4,2,8,CC_DChg,24471.8,3356.41,0.7998,-0.03968,0.0370577,0.048507,2026-07-16 11:08:38.790
420,4,3,9,CC_Chg,24471.9,0,0.838395,0.03968,0,0,2026-07-16 11:08:38.860
421,4,3,9,CC_Chg,24531.9,60,1.04439,0.03999,0.000663131,0.000631256,2026-07-16 11:09:38.860
422,4,3,9,CC_Chg,24591.9,120,1.19753,0.03968,0.00132541,0.00137451,2026-07-16 11:10:38.860
423,4,3,9,CC_Chg,24651.9,180,1.3919,0.03999,0.00198757,0.00222971,2026-07-16 11:11:38.860
424,4,3,9,CC_Chg,24711.9,240,1.5452,0.03968,0.00264984,0.00320879,2026-07-16 11:12:38.860
425,4,3,9,CC_Chg,24771.9,300,1.52659,0.03968,0.00331236,0.00422418,2026-07-16 11:13:38.860
426,4,3,9,CC_Chg,24831.9,360,1.52504,0.03968,0.00397465,0.00523461,2026-07-16 11:14:38.860
427,4,3,9,CC_Chg,24891.9,420,1.5252,0.03968,0.00463672,0.00624438,2026-07-16 11:15:38.860
428,4,3,9,CC_Chg,24951.9,480,1.52567,0.03968,0.00529908,0.00725479,2026-07-16 11:16:38.860
429,4,3,9,CC_Chg,25011.9,540,1.52567,0.03968,0.00596122,0.00826501,2026-07-16 11:17:38.860
430,4,3,9,CC_Chg,25071.9,600,1.52567,0.03968,0.00662352,0.00927558,2026-07-16 11:18:38.860
431,4,3,9,CC_Chg,25131.9,660,1.52628,0.03968,0.00728619,0.0102869,2026-07-16 11:19:38.860
432,4,3,9,CC_Chg,25191.9,720,1.52675,0.03968,0.00794887,0.0112984,2026-07-16 11:20:38.860
433,4,3,9,CC_Chg,25251.9,780,1.52706,0.03968,0.00861139,0.01231,2026-07-16 11:21:38.860
434,4,3,9,CC_Chg,25311.9,840,1.52768,0.03968,0.00927384,0.0133219,2026-07-16 11:22:38.860
435,4,3,9,CC_Chg,25371.9,900,1.52861,0.03968,0.00993644,0.0143346,2026-07-16 11:23:38.860
436,4,3,9,CC_Chg,25431.9,960,1.52985,0.03999,0.0105996,0.0153487,2026-07-16 11:24:38.860
437,4,3,9,CC_Chg,25491.9,1020,1.53093,0.03968,0.0112619,0.0163623,2026-07-16 11:25:38.860
438,4,3,9,CC_Chg,25551.9,1080,1.53295,0.03968,0.0119241,0.0173769,2026-07-16 11:26:38.860
439,4,3,9,CC_Chg,25611.9,1140,1.53512,0.03999,0.0125866,0.0183931,2026-07-16 11:27:38.860
440,4,3,9,CC_Chg,25671.9,1200,1.53807,0.03968,0.0132489,0.019411,2026-07-16 11:28:38.860
441,4,3,9,CC_Chg,25731.9,1260,1.54194,0.03999,0.0139116,0.0204316,2026-07-16 11:29:38.860
442,4,3,9,CC_Chg,25791.9,1320,1.54659,0.03968,0.0145739,0.0214544,2026-07-16 11:30:38.860
443,4,3,9,CC_Chg,25851.9,1380,1.55155,0.03968,0.0152362,0.0224804,2026-07-16 11:31:38.860
444,4,3,9,CC_Chg,25911.9,1440,1.55666,0.03968,0.0158985,0.0235098,2026-07-16 11:32:38.860
445,4,3,9,CC_Chg,25971.9,1500,1.56178,0.03968,0.0165608,0.0245425,2026-07-16 11:33:38.860
446,4,3,9,CC_Chg,26031.9,1560,1.56612,0.03999,0.0172231,0.0255784,2026-07-16 11:34:38.860
447,4,3,9,CC_Chg,26091.9,1620,1.56937,0.03968,0.0178853,0.0266166,2026-07-16 11:35:38.860
448,4,3,9,CC_Chg,26151.9,1680,1.57248,0.03968,0.0185476,0.0276572,2026-07-16 11:36:38.860
449,4,3,9,CC_Chg,26211.9,1740,1.57465,0.03968,0.0192102,0.0286999,2026-07-16 11:37:38.860
450,4,3,9,CC_Chg,26271.9,1800,1.57682,0.03968,0.0198726,0.0297437,2026-07-16 11:38:38.860
451,4,3,9,CC_Chg,26331.9,1860,1.57868,0.03968,0.0205354,0.0307893,2026-07-16 11:39:38.860
452,4,3,9,CC_Chg,26391.9,1920,1.58054,0.03968,0.0211973,0.0318351,2026-07-16 11:40:38.860
453,4,3,9,CC_Chg,26451.9,1980,1.58302,0.03968,0.0218598,0.032883,2026-07-16 11:41:38.860
454,4,3,9,CC_Chg,26511.9,2040,1.58503,0.03968,0.0225219,0.0339317,2026-07-16 11:42:38.860
455,4,3,9,CC_Chg,26571.9,2100,1.58689,0.03968,0.0231838,0.0349816,2026-07-16 11:43:38.860
456,4,3,9,CC_Chg,26631.9,2160,1.58953,0.03968,0.0238457,0.0360329,2026-07-16 11:44:38.860
457,4,3,9,CC_Chg,26691.9,2220,1.59231,0.03968,0.0245074,0.0370856,2026-07-16 11:45:38.860
458,4,3,9,CC_Chg,26751.9,2280,1.5951,0.03968,0.0251694,0.0381407,2026-07-16 11:46:38.860
459,4,3,9,CC_Chg,26811.9,2340,1.59882,0.03968,0.0258318,0.0391985,2026-07-16 11:47:38.860
460,4,3,9,CC_Chg,26871.9,2400,1.60301,0.03968,0.0264943,0.0402591,2026-07-16 11:48:38.860
461,4,3,9,CC_Chg,26931.9,2460,1.60859,0.03999,0.0271569,0.041323,2026-07-16 11:49:38.860
462,4,3,9,CC_Chg,26991.9,2520,1.61665,0.03999,0.0278192,0.0423912,2026-07-16 11:50:38.860
463,4,3,9,CC_Chg,27051.9,2580,1.6275,0.03968,0.0284814,0.0434652,2026-07-16 11:51:38.860
464,4,3,9,CC_Chg,27111.9,2640,1.64021,0.03968,0.0291435,0.0445469,2026-07-16 11:52:38.860
465,4,3,9,CC_Chg,27171.9,2700,1.65214,0.03968,0.0298059,0.0456375,2026-07-16 11:53:38.860
466,4,3,9,CC_Chg,27231.9,2760,1.66423,0.03968,0.0304678,0.0467351,2026-07-16 11:54:38.860
467,4,3,9,CC_Chg,27291.9,2820,1.67571,0.03968,0.0311298,0.0478409,2026-07-16 11:55:38.860
468,4,3,9,CC_Chg,27351.9,2880,1.68702,0.03968,0.0317924,0.0489549,2026-07-16 11:56:38.860
469,4,3,9,CC_Chg,27411.9,2940,1.69772,0.03968,0.0324548,0.0500761,2026-07-16 11:57:38.860
470,4,3,9,CC_Chg,27471.9,3000,1.70872,0.03968,0.0331175,0.0512048,2026-07-16 11:58:38.860
471,4,3,9,CC_Chg,27531.9,3060,1.71941,0.03968,0.0337799,0.0523402,2026-07-16 11:59:38.860
472,4,3,9,CC_Chg,27591.9,3120,1.7298,0.03999,0.0344422,0.0534825,2026-07-16 12:00:38.860
473,4,3,9,CC_Chg,27651.9,3180,1.74034,0.03968,0.0351045,0.0546318,2026-07-16 12:01:38.860
474,4,3,9,CC_Chg,27711.9,3240,1.74995,0.03999,0.0357671,0.0557882,2026-07-16 12:02:38.860
475,4,3,9,CC_Chg,27771.9,3300,1.75941,0.03968,0.0364295,0.0569506,2026-07-16 12:03:38.860
476,4,3,9,CC_Chg,27831.9,3360,1.76824,0.03968,0.037092,0.0581192,2026-07-16 12:04:38.860
477,4,3,9,CC_Chg,27891.9,3420,1.7763,0.03968,0.0377541,0.0592929,2026-07-16 12:05:38.860
478,4,3,9,CC_Chg,27951.9,3480,1.7839,0.03968,0.0384165,0.0604723,2026-07-16 12:06:38.860
479,4,3,9,CC_Chg,28011.9,3540,1.79056,0.03968,0.0390785,0.0616555,2026-07-16 12:07:38.860
480,4,3,9,CC_Chg,28071.9,3600,1.79723,0.03968,0.0397407,0.0628436,2026-07-16 12:08:38.860
481,4,3,9,CC_Chg,28105.4,3633.5,1.80001,0.03968,0.0401107,0.063509,2026-07-16 12:09:12.360
482,5,2,10,CC_DChg,28105.4,0,1.76731,-0.03968,0,0,2026-07-16 12:09:12.430
483,5,2,10,CC_DChg,28165.4,60,1.69198,-0.03968,0.000663382,0.00114306,2026-07-16 12:10:12.430
484,5,2,10,CC_DChg,28225.4,120,1.6461,-0.03968,0.00132545,0.00224749,2026-07-16 12:11:12.430
485,5,2,10,CC_DChg,28285.4,180,1.61014,-0.03968,0.00198797,0.00332583,2026-07-16 12:12:12.430
486,5,2,10,CC_DChg,28345.4,240,1.57991,-0.03968,0.00265019,0.00438186,2026-07-16 12:13:12.430
487,5,2,10,CC_DChg,28405.4,300,1.5548,-0.03968,0.00331278,0.00542021,2026-07-16 12:14:12.430
488,5,2,10,CC_DChg,28465.4,360,1.53295,-0.03968,0.00397513,0.0064427,2026-07-16 12:15:12.430
489,5,2,10,CC_DChg,28525.4,420,1.51435,-0.03968,0.00463768,0.00745222,2026-07-16 12:16:12.430
490,5,2,10,CC_DChg,28585.4,480,1.49839,-0.03968,0.00530005,0.00844994,2026-07-16 12:17:12.430
491,5,2,10,CC_DChg,28645.4,540,1.48351,-0.03968,0.00596254,0.00943763,2026-07-16 12:18:12.430
492,5,2,10,CC_DChg,28705.4,600,1.47002,-0.03999,0.0066249,0.0104157,2026-07-16 12:19:12.430
493,5,2,10,CC_DChg,28765.4,660,1.45747,-0.03968,0.00728708,0.0113849,2026-07-16 12:20:12.430
494,5,2,10,CC_DChg,28825.4,720,1.44646,-0.03968,0.00794945,0.0123466,2026-07-16 12:21:12.430
495,5,2,10,CC_DChg,28885.4,780,1.43639,-0.03968,0.0086119,0.0133014,2026-07-16 12:22:12.430
496,5,2,10,CC_DChg,28945.4,840,1.42786,-0.03999,0.00927419,0.0142499,2026-07-16 12:23:12.430
497,5,2,10,CC_DChg,29005.4,900,1.42182,-0.03968,0.00993678,0.015194,2026-07-16 12:24:12.430
498,5,2,10,CC_DChg,29065.4,960,1.4167,-0.03968,0.0105988,0.0161337,2026-07-16 12:25:12.430
499,5,2,10,CC_DChg,29125.4,1020,1.41205,-0.03968,0.0112614,0.017071,2026-07-16 12:26:12.430
500,5,2,10,CC_DChg,29185.4,1080,1.40755,-0.03968,0.0119237,0.0180048,2026-07-16 12:27:12.430
501,5,2,10,CC_DChg,29245.4,1140,1.40306,-0.03968,0.0125861,0.0189357,2026-07-16 12:28:12.430
502,5,2,10,CC_DChg,29305.4,1200,1.39918,-0.03968,0.0132486,0.019864,2026-07-16 12:29:12.430
503,5,2,10,CC_DChg,29365.4,1260,1.39531,-0.03968,0.0139111,0.0207898,2026-07-16 12:30:12.430
504,5,2,10,CC_DChg,29425.4,1320,1.39143,-0.03968,0.0145735,0.0217128,2026-07-16 12:31:12.430
505,5,2,10,CC_DChg,29485.4,1380,1.38709,-0.03968,0.0152354,0.0226324,2026-07-16 12:32:12.430
506,5,2,10,CC_DChg,29545.4,1440,1.38213,-0.03968,0.0158977,0.0235494,2026-07-16 12:33:12.430
507,5,2,10,CC_DChg,29605.4,1500,1.37687,-0.03999,0.0165601,0.0244633,2026-07-16 12:34:12.430
508,5,2,10,CC_DChg,29665.4,1560,1.37098,-0.03968,0.0172224,0.0253735,2026-07-16 12:35:12.430
509,5,2,10,CC_DChg,29725.4,1620,1.36384,-0.03968,0.0178847,0.0262793,2026-07-16 12:36:12.430
510,5,2,10,CC_DChg,29785.4,1680,1.35547,-0.03968,0.0185469,0.0271799,2026-07-16 12:37:12.430
511,5,2,10,CC_DChg,29845.4,1740,1.34525,-0.03968,0.0192091,0.0280743,2026-07-16 12:38:12.430
512,5,2,10,CC_DChg,29905.4,1800,1.333,-0.03968,0.0198713,0.0289611,2026-07-16 12:39:12.430
513,5,2,10,CC_DChg,29965.4,1860,1.31781,-0.03968,0.0205333,0.0298386,2026-07-16 12:40:12.430
514,5,2,10,CC_DChg,30025.4,1920,1.30045,-0.03968,0.0211956,0.0307059,2026-07-16 12:41:12.430
515,5,2,10,CC_DChg,30085.4,1980,1.2817,-0.03968,0.0218582,0.0315615,2026-07-16 12:42:12.430
516,5,2,10,CC_DChg,30145.4,2040,1.27162,-0.03968,0.0225203,0.032406,2026-07-16 12:43:12.430
517,5,2,10,CC_DChg,30205.4,2100,1.27302,-0.03968,0.0231826,0.0332484,2026-07-16 12:44:12.430
518,5,2,10,CC_DChg,30265.4,2160,1.27627,-0.03968,0.0238448,0.0340926,2026-07-16 12:45:12.430
519,5,2,10,CC_DChg,30325.4,2220,1.27642,-0.03968,0.0245072,0.0349382,2026-07-16 12:46:12.430
520,5,2,10,CC_DChg,30385.4,2280,1.27317,-0.03968,0.0251696,0.0357828,2026-07-16 12:47:12.430
521,5,2,10,CC_DChg,30445.4,2340,1.26682,-0.03968,0.025832,0.0366243,2026-07-16 12:48:12.430
522,5,2,10,CC_DChg,30505.4,2400,1.25736,-0.03968,0.0264945,0.0374607,2026-07-16 12:49:12.430
523,5,2,10,CC_DChg,30565.4,2460,1.24434,-0.03968,0.0271569,0.0382896,2026-07-16 12:50:12.430
524,5,2,10,CC_DChg,30625.4,2520,1.22714,-0.03968,0.0278196,0.0391088,2026-07-16 12:51:12.430
525,5,2,10,CC_DChg,30685.4,2580,1.20544,-0.03968,0.0284822,0.0399151,2026-07-16 12:52:12.430
526,5,2,10,CC_DChg,30745.4,2640,1.17707,-0.03968,0.0291444,0.0407044,2026-07-16 12:53:12.430
527,5,2,10,CC_DChg,30805.4,2700,1.14529,-0.03968,0.0298065,0.0414733,2026-07-16 12:54:12.430
528,5,2,10,CC_DChg,30865.4,2760,1.11135,-0.03968,0.0304691,0.0422209,2026-07-16 12:55:12.430
529,5,2,10,CC_DChg,30925.4,2820,1.07771,-0.03968,0.031131,0.0429456,2026-07-16 12:56:12.430
530,5,2,10,CC_DChg,30985.4,2880,1.04516,-0.03999,0.0317935,0.0436489,2026-07-16 12:57:12.430
531,5,2,10,CC_DChg,31045.4,2940,1.01246,-0.03968,0.0324559,0.0443305,2026-07-16 12:58:12.430
532,5,2,10,CC_DChg,31105.4,3000,0.98115,-0.03968,0.0331185,0.0449908,2026-07-16 12:59:12.430
533,5,2,10,CC_DChg,31165.4,3060,0.95108,-0.03968,0.0337811,0.0456309,2026-07-16 13:00:12.430
534,5,2,10,CC_DChg,31225.4,3120,0.921785,-0.03999,0.0344437,0.0462513,2026-07-16 13:01:12.430
535,5,2,10,CC_DChg,31285.4,3180,0.89404,-0.03999,0.0351061,0.0468528,2026-07-16 13:02:12.430
536,5,2,10,CC_DChg,31345.4,3240,0.866915,-0.03968,0.0357691,0.0474365,2026-07-16 13:03:12.430
537,5,2,10,CC_DChg,31405.4,3300,0.840565,-0.03999,0.0364313,0.0480019,2026-07-16 13:04:12.430
538,5,2,10,CC_DChg,31465.4,3360,0.814525,-0.03968,0.0370938,0.04855,2026-07-16 13:05:12.430
539,5,2,10,CC_DChg,31501.3,3395.91,0.7998,-0.03968,0.0374908,0.0488704,2026-07-16 13:05:48.340
540,5,3,11,CC_Chg,31501.4,0,0.83731,0.03968,0,0,2026-07-16 13:05:48.410
541,5,3,11,CC_Chg,31561.4,60,1.04284,0.03968,0.000663334,0.000630874,2026-07-16 13:06:48.410
542,5,3,11,CC_Chg,31621.4,120,1.19691,0.03999,0.00132557,0.00137287,2026-07-16 13:07:48.410
543,5,3,11,CC_Chg,31681.4,180,1.38772,0.03999,0.00198834,0.00222619,2026-07-16 13:08:48.410
544,5,3,11,CC_Chg,31741.4,240,1.54644,0.03968,0.00265054,0.00320384,2026-07-16 13:09:48.410
545,5,3,11,CC_Chg,31801.4,300,1.5269,0.03999,0.00331278,0.00421945,2026-07-16 13:10:48.410
546,5,3,11,CC_Chg,31861.4,360,1.52567,0.03999,0.00397544,0.00523079,2026-07-16 13:11:48.410
547,5,3,11,CC_Chg,31921.4,420,1.52567,0.03999,0.00463759,0.00624107,2026-07-16 13:12:48.410
548,5,3,11,CC_Chg,31981.4,480,1.52598,0.03968,0.00529994,0.00725171,2026-07-16 13:13:48.410
549,5,3,11,CC_Chg,32041.4,540,1.52613,0.03968,0.00596207,0.0082622,2026-07-16 13:14:48.410
550,5,3,11,CC_Chg,32101.4,600,1.52628,0.03968,0.00662476,0.00927371,2026-07-16 13:15:48.410
551,5,3,11,CC_Chg,32161.4,660,1.5269,0.03968,0.0072869,0.0102846,2026-07-16 13:16:48.410
552,5,3,11,CC_Chg,32221.4,720,1.5269,0.03968,0.00794911,0.0112957,2026-07-16 13:17:48.410
553,5,3,11,CC_Chg,32281.4,780,1.52753,0.03968,0.00861179,0.0123078,2026-07-16 13:18:48.410
554,5,3,11,CC_Chg,32341.4,840,1.52799,0.03968,0.00927408,0.0133196,2026-07-16 13:19:48.410
555,5,3,11,CC_Chg,32401.4,900,1.52876,0.03968,0.00993638,0.0143319,2026-07-16 13:20:48.410
556,5,3,11,CC_Chg,32461.4,960,1.52985,0.03968,0.0105987,0.0153448,2026-07-16 13:21:48.410
557,5,3,11,CC_Chg,32521.4,1020,1.53124,0.03968,0.0112607,0.0163579,2026-07-16 13:22:48.410
558,5,3,11,CC_Chg,32581.4,1080,1.53279,0.03968,0.011923,0.0173726,2026-07-16 13:23:48.410
559,5,3,11,CC_Chg,32641.4,1140,1.53481,0.03968,0.0125853,0.0183886,2026-07-16 13:24:48.410
560,5,3,11,CC_Chg,32701.4,1200,1.53775,0.03968,0.0132477,0.0194062,2026-07-16 13:25:48.410
561,5,3,11,CC_Chg,32761.4,1260,1.54132,0.03968,0.0139102,0.0204262,2026-07-16 13:26:48.410
562,5,3,11,CC_Chg,32821.4,1320,1.54535,0.03968,0.0145727,0.0214486,2026-07-16 13:27:48.410
563,5,3,11,CC_Chg,32881.4,1380,1.55046,0.03968,0.0152347,0.0224735,2026-07-16 13:28:48.410
564,5,3,11,CC_Chg,32941.4,1440,1.55574,0.03999,0.0158964,0.0235012,2026-07-16 13:29:48.410
565,5,3,11,CC_Chg,33001.4,1500,1.56054,0.03968,0.0165588,0.0245334,2026-07-16 13:30:48.410
566,5,3,11,CC_Chg,33061.4,1560,1.56519,0.03968,0.0172211,0.0255687,2026-07-16 13:31:48.410
567,5,3,11,CC_Chg,33121.4,1620,1.56875,0.03999,0.0178833,0.0266065,2026-07-16 13:32:48.410
568,5,3,11,CC_Chg,33181.4,1680,1.57186,0.03968,0.0185459,0.027647,2026-07-16 13:33:48.410
569,5,3,11,CC_Chg,33241.4,1740,1.57418,0.03968,0.019208,0.0286888,2026-07-16 13:34:48.410
570,5,3,11,CC_Chg,33301.4,1800,1.5762,0.03968,0.0198701,0.0297318,2026-07-16 13:35:48.410
571,5,3,11,CC_Chg,33361.4,1860,1.57821,0.03999,0.0205323,0.0307764,2026-07-16 13:36:48.410
572,5,3,11,CC_Chg,33421.4,1920,1.58022,0.03968,0.0211945,0.0318223,2026-07-16 13:37:48.410
573,5,3,11,CC_Chg,33481.4,1980,1.58224,0.03968,0.0218564,0.032869,2026-07-16 13:38:48.410
574,5,3,11,CC_Chg,33541.4,2040,1.58441,0.03968,0.0225184,0.0339173,2026-07-16 13:39:48.410
575,5,3,11,CC_Chg,33601.4,2100,1.58658,0.03968,0.0231806,0.0349672,2026-07-16 13:40:48.410
576,5,3,11,CC_Chg,33661.4,2160,1.58891,0.03968,0.0238426,0.0360184,2026-07-16 13:41:48.410
577,5,3,11,CC_Chg,33721.4,2220,1.59154,0.03968,0.0245048,0.0370714,2026-07-16 13:42:48.410
578,5,3,11,CC_Chg,33781.4,2280,1.59495,0.03968,0.025167,0.0381265,2026-07-16 13:43:48.410
579,5,3,11,CC_Chg,33841.4,2340,1.59836,0.03968,0.0258293,0.039184,2026-07-16 13:44:48.410
580,5,3,11,CC_Chg,33901.4,2400,1.60255,0.03968,0.0264917,0.0402442,2026-07-16 13:45:48.410
581,5,3,11,CC_Chg,33961.4,2460,1.60813,0.03999,0.0271537,0.0413069,2026-07-16 13:46:48.410
582,5,3,11,CC_Chg,34021.4,2520,1.61572,0.03968,0.027816,0.0423743,2026-07-16 13:47:48.410
583,5,3,11,CC_Chg,34081.4,2580,1.6261,0.03968,0.0284784,0.043448,2026-07-16 13:48:48.410
584,5,3,11,CC_Chg,34141.4,2640,1.63789,0.03999,0.0291407,0.044529,2026-07-16 13:49:48.410
585,5,3,11,CC_Chg,34201.4,2700,1.64982,0.03968,0.029803,0.0456178,2026-07-16 13:50:48.410
586,5,3,11,CC_Chg,34261.4,2760,1.66129,0.03968,0.0304653,0.0467143,2026-07-16 13:51:48.410
587,5,3,11,CC_Chg,34321.4,2820,1.67214,0.03968,0.0311274,0.0478179,2026-07-16 13:52:48.410
588,5,3,11,CC_Chg,34381.4,2880,1.68268,0.03968,0.0317896,0.0489288,2026-07-16 13:53:48.410
589,5,3,11,CC_Chg,34441.4,2940,1.69353,0.03999,0.0324518,0.0500467,2026-07-16 13:54:48.410
590,5,3,11,CC_Chg,34501.4,3000,1.70392,0.03968,0.0331142,0.0511719,2026-07-16 13:55:48.410
591,5,3,11,CC_Chg,34561.4,3060,1.71461,0.03968,0.0337762,0.0523034,2026-07-16 13:56:48.410
592,5,3,11,CC_Chg,34621.4,3120,1.72484,0.03968,0.0344381,0.0534419,2026-07-16 13:57:48.410
593,5,3,11,CC_Chg,34681.4,3180,1.73523,0.03999,0.0351003,0.0545877,2026-07-16 13:58:48.410
594,5,3,11,CC_Chg,34741.4,3240,1.74514,0.03968,0.0357627,0.0557404,2026-07-16 13:59:48.410
595,5,3,11,CC_Chg,34801.4,3300,1.75476,0.03968,0.0364249,0.0568995,2026-07-16 14:00:48.410
596,5,3,11,CC_Chg,34861.4,3360,1.76359,0.03968,0.0370874,0.058065,2026-07-16 14:01:48.410
597,5,3,11,CC_Chg,34921.4,3420,1.77212,0.03968,0.0377495,0.0592357,2026-07-16 14:02:48.410
598,5,3,11,CC_Chg,34981.4,3480,1.77987,0.03968,0.0384119,0.0604121,2026-07-16 14:03:48.410
599,5,3,11,CC_Chg,35041.4,3540,1.78699,0.03968,0.0390745,0.061594,2026-07-16 14:04:48.410
600,5,3,11,CC_Chg,35101.4,3600,1.79366,0.03968,0.0397364,0.0627792,2026-07-16 14:05:48.410
601,5,3,11,CC_Chg,35161.4,3660,1.79971,0.03968,0.0403989,0.0639697,2026-07-16 14:06:48.410
602,5,3,11,CC_Chg,35164.3,3662.93,1.80017,0.03968,0.0404316,0.0640286,2026-07-16 14:06:51.340
603,6,2,12,CC_DChg,35164.4,0,1.76731,-0.03968,0,0,2026-07-16 14:06:51.410
604,6,2,12,CC_DChg,35224.4,60,1.69415,-0.03968,0.000662803,0.00114287,2026-07-16 14:07:51.410
605,6,2,12,CC_DChg,35284.4,120,1.64905,-0.03968,0.00132517,0.0022496,2026-07-16 14:08:51.410
606,6,2,12,CC_DChg,35344.4,180,1.6137,-0.03968,0.00198769,0.00333019,2026-07-16 14:09:51.410
607,6,2,12,CC_DChg,35404.4,240,1.5841,-0.03999,0.00264949,0.00438808,2026-07-16 14:10:51.410
608,6,2,12,CC_DChg,35464.4,300,1.55899,-0.03968,0.00331151,0.00542827,2026-07-16 14:11:51.410
609,6,2,12,CC_DChg,35524.4,360,1.5376,-0.03968,0.00397366,0.00645332,2026-07-16 14:12:51.410
610,6,2,12,CC_DChg,35584.4,420,1.51916,-0.03968,0.00463564,0.007465,2026-07-16 14:13:51.410
611,6,2,12,CC_DChg,35644.4,480,1.50288,-0.03968,0.00529786,0.0084656,2026-07-16 14:14:51.410
612,6,2,12,CC_DChg,35704.4,540,1.48831,-0.03968,0.0059602,0.00945627,2026-07-16 14:15:51.410
613,6,2,12,CC_DChg,35764.4,600,1.47514,-0.03968,0.00662238,0.0104374,2026-07-16 14:16:51.410
614,6,2,12,CC_DChg,35824.4,660,1.46258,-0.03968,0.00728444,0.0114099,2026-07-16 14:17:51.410
615,6,2,12,CC_DChg,35884.4,720,1.45173,-0.03968,0.00794666,0.0123749,2026-07-16 14:18:51.410
616,6,2,12,CC_DChg,35944.4,780,1.44119,-0.03968,0.00860895,0.0133328,2026-07-16 14:19:51.410
617,6,2,12,CC_DChg,36004.4,840,1.43205,-0.03999,0.00927089,0.0142837,2026-07-16 14:20:51.410
618,6,2,12,CC_DChg,36064.4,900,1.42491,-0.03968,0.00993307,0.0152296,2026-07-16 14:21:51.410
619,6,2,12,CC_DChg,36124.4,960,1.41934,-0.03968,0.0105952,0.0161712,2026-07-16 14:22:51.410
620,6,2,12,CC_DChg,36184.4,1020,1.41406,-0.03999,0.0112571,0.017109,2026-07-16 14:23:51.410
621,6,2,12,CC_DChg,36244.4,1080,1.40957,-0.03968,0.0119194,0.0180441,2026-07-16 14:24:51.410
622,6,2,12,CC_DChg,36304.4,1140,1.40492,-0.03968,0.0125814,0.0189757,2026-07-16 14:25:51.410
623,6,2,12,CC_DChg,36364.4,1200,1.40074,-0.03968,0.0132436,0.0199048,2026-07-16 14:26:51.410
624,6,2,12,CC_DChg,36424.4,1260,1.39671,-0.03999,0.0139056,0.0208307,2026-07-16 14:27:51.410
625,6,2,12,CC_DChg,36484.4,1320,1.39252,-0.03968,0.0145679,0.0217545,2026-07-16 14:28:51.410
626,6,2,12,CC_DChg,36544.4,1380,1.38787,-0.03968,0.0152304,0.0226756,2026-07-16 14:29:51.410
627,6,2,12,CC_DChg,36604.4,1440,1.38306,-0.03968,0.015893,0.0235937,2026-07-16 14:30:51.410
628,6,2,12,CC_DChg,36664.4,1500,1.37795,-0.03968,0.0165554,0.0245083,2026-07-16 14:31:51.410
629,6,2,12,CC_DChg,36724.4,1560,1.37206,-0.03999,0.0172176,0.0254189,2026-07-16 14:32:51.410
630,6,2,12,CC_DChg,36784.4,1620,1.36509,-0.03968,0.0178801,0.0263257,2026-07-16 14:33:51.410
631,6,2,12,CC_DChg,36844.4,1680,1.35702,-0.03968,0.0185423,0.027227,2026-07-16 14:34:51.410
632,6,2,12,CC_DChg,36904.4,1740,1.3471,-0.03968,0.0192053,0.0281235,2026-07-16 14:35:51.410
633,6,2,12,CC_DChg,36964.4,1800,1.33502,-0.03999,0.0198677,0.029012,2026-07-16 14:36:51.410
634,6,2,12,CC_DChg,37024.4,1860,1.32075,-0.03968,0.02053,0.0298918,2026-07-16 14:37:51.410
635,6,2,12,CC_DChg,37084.4,1920,1.30386,-0.03968,0.0211927,0.0307618,2026-07-16 14:38:51.410
636,6,2,12,CC_DChg,37144.4,1980,1.28573,-0.03968,0.0218552,0.0316198,2026-07-16 14:39:51.410
637,6,2,12,CC_DChg,37204.4,2040,1.27333,-0.03968,0.0225178,0.032467,2026-07-16 14:40:51.410
638,6,2,12,CC_DChg,37264.4,2100,1.27333,-0.03968,0.0231801,0.0333098,2026-07-16 14:41:51.410
639,6,2,12,CC_DChg,37324.4,2160,1.27704,-0.03999,0.0238425,0.0341547,2026-07-16 14:42:51.410
640,6,2,12,CC_DChg,37384.4,2220,1.27782,-0.03968,0.0245049,0.0350011,2026-07-16 14:43:51.410
641,6,2,12,CC_DChg,37444.4,2280,1.27519,-0.03999,0.0251679,0.0358476,2026-07-16 14:44:51.410
642,6,2,12,CC_DChg,37504.4,2340,1.26961,-0.03968,0.0258302,0.0366906,2026-07-16 14:45:51.410
643,6,2,12,CC_DChg,37564.4,2400,1.26046,-0.03968,0.026493,0.0375293,2026-07-16 14:46:51.410
644,6,2,12,CC_DChg,37624.4,2460,1.24837,-0.03968,0.0271557,0.0383608,2026-07-16 14:47:51.410
645,6,2,12,CC_DChg,37684.4,2520,1.23194,-0.03968,0.0278183,0.0391827,2026-07-16 14:48:51.410
646,6,2,12,CC_DChg,37744.4,2580,1.21148,-0.03968,0.0284804,0.0399919,2026-07-16 14:49:51.410
647,6,2,12,CC_DChg,37804.4,2640,1.18467,-0.03968,0.0291428,0.0407858,2026-07-16 14:50:51.410
648,6,2,12,CC_DChg,37864.4,2700,1.15335,-0.03968,0.0298054,0.0415606,2026-07-16 14:51:51.410
649,6,2,12,CC_DChg,37924.4,2760,1.12065,-0.03968,0.0304684,0.0423145,2026-07-16 14:52:51.410
650,6,2,12,CC_DChg,37984.4,2820,1.08794,-0.03999,0.0311307,0.0430459,2026-07-16 14:53:51.410
651,6,2,12,CC_DChg,38044.4,2880,1.05601,-0.03999,0.0317928,0.0437558,2026-07-16 14:54:51.410
652,6,2,12,CC_DChg,38104.4,2940,1.02455,-0.03999,0.032455,0.0444447,2026-07-16 14:55:51.410
653,6,2,12,CC_DChg,38164.4,3000,0.994015,-0.03968,0.0331178,0.0451137,2026-07-16 14:56:51.410
654,6,2,12,CC_DChg,38224.4,3060,0.964875,-0.03968,0.0337803,0.0457625,2026-07-16 14:57:51.410
655,6,2,12,CC_DChg,38284.4,3120,0.93651,-0.03968,0.0344427,0.0463921,2026-07-16 14:58:51.410
656,6,2,12,CC_DChg,38344.4,3180,0.90985,-0.03968,0.0351052,0.0470037,2026-07-16 14:59:51.410
657,6,2,12,CC_DChg,38404.4,3240,0.88381,-0.03968,0.0357678,0.0475979,2026-07-16 15:00:51.410
658,6,2,12,CC_DChg,38464.4,3300,0.8587,-0.03968,0.0364301,0.0481751,2026-07-16 15:01:51.410
659,6,2,12,CC_DChg,38524.4,3360,0.834055,-0.03968,0.0370925,0.0487357,2026-07-16 15:02:51.410
660,6,2,12,CC_DChg,38584.4,3420,0.810495,-0.03968,0.0377546,0.0492801,2026-07-16 15:03:51.410
661,6,2,12,CC_DChg,38612.4,3447.95,0.7998,-0.03968,0.0380635,0.0495288,2026-07-16 15:04:19.360
662,6,3,13,CC_Chg,38612.4,0,0.83731,0.03968,0,0,2026-07-16 15:04:19.430
663,6,3,13,CC_Chg,38672.4,60,1.04144,0.03968,0.000662969,0.000629895,2026-07-16 15:05:19.430
664,6,3,13,CC_Chg,38732.4,120,1.19396,0.03968,0.00132516,0.00137052,2026-07-16 15:06:19.430
665,6,3,13,CC_Chg,38792.4,180,1.384,0.03968,0.00198733,0.00222086,2026-07-16 15:07:19.430
666,6,3,13,CC_Chg,38852.4,240,1.54706,0.03968,0.0026497,0.00319766,2026-07-16 15:08:19.430
667,6,3,13,CC_Chg,38912.4,300,1.52721,0.03968,0.0033116,0.00421298,2026-07-16 15:09:19.430
668,6,3,13,CC_Chg,38972.4,360,1.52598,0.03968,0.00397391,0.00522395,2026-07-16 15:10:19.430
669,6,3,13,CC_Chg,39032.4,420,1.52567,0.03968,0.00463589,0.00623404,2026-07-16 15:11:19.430
670,6,3,13,CC_Chg,39092.4,480,1.52598,0.03999,0.00529812,0.0072446,2026-07-16 15:12:19.430
671,6,3,13,CC_Chg,39152.4,540,1.52628,0.03999,0.00596051,0.00825559,2026-07-16 15:13:19.430
672,6,3,13,CC_Chg,39212.4,600,1.52659,0.03968,0.00662278,0.00926652,2026-07-16 15:14:19.430
673,6,3,13,CC_Chg,39272.4,660,1.52659,0.03999,0.00728464,0.010277,2026-07-16 15:15:19.430
674,6,3,13,CC_Chg,39332.4,720,1.52706,0.03968,0.00794696,0.0112884,2026-07-16 15:16:19.430
675,6,3,13,CC_Chg,39392.4,780,1.52753,0.03968,0.00860904,0.0122996,2026-07-16 15:17:19.430
676,6,3,13,CC_Chg,39452.4,840,1.52799,0.03968,0.00927126,0.0133113,2026-07-16 15:18:19.430
677,6,3,13,CC_Chg,39512.4,900,1.52845,0.03968,0.00993324,0.0143231,2026-07-16 15:19:19.430
678,6,3,13,CC_Chg,39572.4,960,1.52954,0.03968,0.0105956,0.015336,2026-07-16 15:20:19.430
679,6,3,13,CC_Chg,39632.4,1020,1.53062,0.03968,0.0112577,0.016349,2026-07-16 15:21:19.430
680,6,3,13,CC_Chg,39692.4,1080,1.53218,0.03968,0.0119199,0.0173632,2026-07-16 15:22:19.430
681,6,3,13,CC_Chg,39752.4,1140,1.53419,0.03968,0.0125816,0.0183778,2026-07-16 15:23:19.430
682,6,3,13,CC_Chg,39812.4,1200,1.53667,0.03968,0.0132436,0.0193942,2026-07-16 15:24:19.430
683,6,3,13,CC_Chg,39872.4,1260,1.53992,0.03968,0.0139055,0.0204126,2026-07-16 15:25:19.430
684,6,3,13,CC_Chg,39932.4,1320,1.54442,0.03968,0.0145673,0.0214332,2026-07-16 15:26:19.430
685,6,3,13,CC_Chg,39992.4,1380,1.54907,0.03968,0.015229,0.0224567,2026-07-16 15:27:19.430
686,6,3,13,CC_Chg,40052.4,1440,1.55403,0.03968,0.0158911,0.0234839,2026-07-16 15:28:19.430
687,6,3,13,CC_Chg,40112.4,1500,1.55946,0.03968,0.0165532,0.0245149,2026-07-16 15:29:19.430
688,6,3,13,CC_Chg,40172.4,1560,1.56411,0.03968,0.0172151,0.0255488,2026-07-16 15:30:19.430
689,6,3,13,CC_Chg,40232.4,1620,1.56814,0.03968,0.0178776,0.0265863,2026-07-16 15:31:19.430
690,6,3,13,CC_Chg,40292.4,1680,1.57108,0.03968,0.0185399,0.0276259,2026-07-16 15:32:19.430
691,6,3,13,CC_Chg,40352.4,1740,1.5734,0.03999,0.0192018,0.0286668,2026-07-16 15:33:19.430
692,6,3,13,CC_Chg,40412.4,1800,1.57557,0.03999,0.0198639,0.0297094,2026-07-16 15:34:19.430
693,6,3,13,CC_Chg,40472.4,1860,1.57759,0.03968,0.0205259,0.0307532,2026-07-16 15:35:19.430
694,6,3,13,CC_Chg,40532.4,1920,1.57976,0.03999,0.0211878,0.0317982,2026-07-16 15:36:19.430
695,6,3,13,CC_Chg,40592.4,1980,1.58177,0.03968,0.0218497,0.0328445,2026-07-16 15:37:19.430
696,6,3,13,CC_Chg,40652.4,2040,1.58379,0.03999,0.0225116,0.0338923,2026-07-16 15:38:19.430
697,6,3,13,CC_Chg,40712.4,2100,1.58611,0.03968,0.0231741,0.0349424,2026-07-16 15:39:19.430
698,6,3,13,CC_Chg,40772.4,2160,1.58828,0.03999,0.0238361,0.0359933,2026-07-16 15:40:19.430
699,6,3,13,CC_Chg,40832.4,2220,1.59108,0.03968,0.024498,0.0370456,2026-07-16 15:41:19.430
700,6,3,13,CC_Chg,40892.4,2280,1.59402,0.03999,0.0251599,0.0380997,2026-07-16 15:42:19.430
701,6,3,13,CC_Chg,40952.4,2340,1.59759,0.03968,0.0258221,0.0391565,2026-07-16 15:43:19.430
702,6,3,13,CC_Chg,41012.4,2400,1.6013,0.03968,0.0264841,0.0402153,2026-07-16 15:44:19.430
703,6,3,13,CC_Chg,41072.4,2460,1.60642,0.03968,0.0271464,0.0412775,2026-07-16 15:45:19.430
704,6,3,13,CC_Chg,41132.4,2520,1.61309,0.03968,0.0278084,0.0423431,2026-07-16 15:46:19.430
705,6,3,13,CC_Chg,41192.4,2580,1.62285,0.03968,0.0284707,0.0434147,2026-07-16 15:47:19.430
706,6,3,13,CC_Chg,41252.4,2640,1.63401,0.03999,0.0291325,0.0444925,2026-07-16 15:48:19.430
707,6,3,13,CC_Chg,41312.4,2700,1.64548,0.03968,0.0297946,0.0455782,2026-07-16 15:49:19.430
708,6,3,13,CC_Chg,41372.4,2760,1.65648,0.03968,0.0304566,0.0466712,2026-07-16 15:50:19.430
709,6,3,13,CC_Chg,41432.4,2820,1.66687,0.03999,0.0311186,0.0477714,2026-07-16 15:51:19.430
710,6,3,13,CC_Chg,41492.4,2880,1.67725,0.03968,0.0317807,0.0488786,2026-07-16 15:52:19.430
711,6,3,13,CC_Chg,41552.4,2940,1.68748,0.03968,0.0324426,0.0499922,2026-07-16 15:53:19.430
712,6,3,13,CC_Chg,41612.4,3000,1.69772,0.03999,0.0331049,0.0511133,2026-07-16 15:54:19.430
713,6,3,13,CC_Chg,41672.4,3060,1.70795,0.03968,0.033767,0.0522408,2026-07-16 15:55:19.430
714,6,3,13,CC_Chg,41732.4,3120,1.71833,0.03968,0.034429,0.0533751,2026-07-16 15:56:19.430
715,6,3,13,CC_Chg,41792.4,3180,1.72856,0.03968,0.0350911,0.0545162,2026-07-16 15:57:19.430
716,6,3,13,CC_Chg,41852.4,3240,1.73879,0.03968,0.0357528,0.0556634,2026-07-16 15:58:19.430
717,6,3,13,CC_Chg,41912.4,3300,1.74871,0.03968,0.0364149,0.0568179,2026-07-16 15:59:19.430
718,6,3,13,CC_Chg,41972.4,3360,1.7577,0.03968,0.0370766,0.0579781,2026-07-16 16:00:19.430
719,6,3,13,CC_Chg,42032.4,3420,1.76653,0.03968,0.0377387,0.0591451,2026-07-16 16:01:19.430
720,6,3,13,CC_Chg,42092.4,3480,1.77475,0.03968,0.038401,0.0603178,2026-07-16 16:02:19.430
721,6,3,13,CC_Chg,42152.4,3540,1.7825,0.03968,0.0390634,0.0614961,2026-07-16 16:03:19.430
722,6,3,13,CC_Chg,42212.4,3600,1.78916,0.03999,0.0397257,0.0626789,2026-07-16 16:04:19.430
723,6,3,13,CC_Chg,42272.4,3660,1.79598,0.03968,0.0403877,0.0638657,2026-07-16 16:05:19.430
724,6,3,13,CC_Chg,42314.6,3702.14,1.80017,0.03968,0.0408531,0.0647027,2026-07-16 16:06:01.570
725,7,2,14,CC_DChg,42314.6,0,1.76716,-0.03968,0,0,2026-07-16 16:06:01.640
726,7,2,14,CC_DChg,42374.6,60,1.69539,-0.03968,0.000663136,0.00114391,2026-07-16 16:07:01.640
727,7,2,14,CC_DChg,42434.6,120,1.65137,-0.03968,0.00132514,0.00225129,2026-07-16 16:08:01.640
728,7,2,14,CC_DChg,42494.6,180,1.61634,-0.03968,0.00198727,0.00333285,2026-07-16 16:09:01.640
729,7,2,14,CC_DChg,42554.6,240,1.58689,-0.03999,0.00264959,0.00439342,2026-07-16 16:10:01.640
730,7,2,14,CC_DChg,42614.6,300,1.5624,-0.03968,0.00331179,0.00543596,2026-07-16 16:11:01.640
731,7,2,14,CC_DChg,42674.6,360,1.54116,-0.03968,0.00397362,0.00646277,2026-07-16 16:12:01.640
732,7,2,14,CC_DChg,42734.6,420,1.52272,-0.03968,0.00463584,0.00747716,2026-07-16 16:13:01.640
733,7,2,14,CC_DChg,42794.6,480,1.50645,-0.03968,0.00529796,0.00848004,2026-07-16 16:14:01.640
734,7,2,14,CC_DChg,42854.6,540,1.49219,-0.03999,0.0059602,0.00947302,2026-07-16 16:15:01.640
735,7,2,14,CC_DChg,42914.6,600,1.47917,-0.03968,0.00662249,0.0104569,2026-07-16 16:16:01.640
736,7,2,14,CC_DChg,42974.6,660,1.46692,-0.03968,0.00728486,0.0114326,2026-07-16 16:17:01.640
737,7,2,14,CC_DChg,43034.6,720,1.45561,-0.03968,0.00794715,0.0124004,2026-07-16 16:18:01.640
738,7,2,14,CC_DChg,43094.6,780,1.44522,-0.03968,0.0086093,0.0133607,2026-07-16 16:19:01.640
739,7,2,14,CC_DChg,43154.6,840,1.43561,-0.03999,0.00927115,0.0143141,2026-07-16 16:20:01.640
740,7,2,14,CC_DChg,43214.6,900,1.42755,-0.03968,0.00993304,0.0152615,2026-07-16 16:21:01.640
741,7,2,14,CC_DChg,43274.6,960,1.42135,-0.03968,0.0105953,0.0162048,2026-07-16 16:22:01.640
742,7,2,14,CC_DChg,43334.6,1020,1.41608,-0.03968,0.0112571,0.0171439,2026-07-16 16:23:01.640
743,7,2,14,CC_DChg,43394.6,1080,1.41112,-0.03968,0.0119194,0.0180802,2026-07-16 16:24:01.640
744,7,2,14,CC_DChg,43454.6,1140,1.40647,-0.03968,0.0125818,0.0190134,2026-07-16 16:25:01.640
745,7,2,14,CC_DChg,43514.6,1200,1.40197,-0.03968,0.0132438,0.0199432,2026-07-16 16:26:01.640
746,7,2,14,CC_DChg,43574.6,1260,1.39779,-0.03968,0.0139059,0.0208701,2026-07-16 16:27:01.640
747,7,2,14,CC_DChg,43634.6,1320,1.3936,-0.03999,0.0145684,0.0217948,2026-07-16 16:28:01.640
748,7,2,14,CC_DChg,43694.6,1380,1.38911,-0.03968,0.0152305,0.0227161,2026-07-16 16:29:01.640
749,7,2,14,CC_DChg,43754.6,1440,1.38415,-0.03968,0.0158929,0.0236347,2026-07-16 16:30:01.640
750,7,2,14,CC_DChg,43814.6,1500,1.37919,-0.03968,0.016555,0.0245495,2026-07-16 16:31:01.640
751,7,2,14,CC_DChg,43874.6,1560,1.37361,-0.03968,0.017217,0.0254608,2026-07-16 16:32:01.640
752,7,2,14,CC_DChg,43934.6,1620,1.36648,-0.03999,0.0178791,0.026368,2026-07-16 16:33:01.640
753,7,2,14,CC_DChg,43994.6,1680,1.35873,-0.03968,0.0185417,0.0272711,2026-07-16 16:34:01.640
754,7,2,14,CC_DChg,44054.6,1740,1.34928,-0.03999,0.0192035,0.0281675,2026-07-16 16:35:01.640
755,7,2,14,CC_DChg,44114.6,1800,1.33842,-0.03968,0.0198657,0.0290575,2026-07-16 16:36:01.640
756,7,2,14,CC_DChg,44174.6,1860,1.32479,-0.03999,0.0205277,0.0299392,2026-07-16 16:37:01.640
757,7,2,14,CC_DChg,44234.6,1920,1.30929,-0.03968,0.02119,0.0308119,2026-07-16 16:38:01.640
758,7,2,14,CC_DChg,44294.6,1980,1.29177,-0.03968,0.0218523,0.0316734,2026-07-16 16:39:01.640
759,7,2,14,CC_DChg,44354.6,2040,1.27627,-0.03968,0.0225142,0.0325228,2026-07-16 16:40:01.640
760,7,2,14,CC_DChg,44414.6,2100,1.27302,-0.03999,0.0231764,0.0333661,2026-07-16 16:41:01.640
761,7,2,14,CC_DChg,44474.6,2160,1.27689,-0.03999,0.0238385,0.0342103,2026-07-16 16:42:01.640
762,7,2,14,CC_DChg,44534.6,2220,1.2789,-0.03968,0.0245005,0.0350565,2026-07-16 16:43:01.640
763,7,2,14,CC_DChg,44594.6,2280,1.2772,-0.03968,0.0251626,0.0359029,2026-07-16 16:44:01.640
764,7,2,14,CC_DChg,44654.6,2340,1.27286,-0.03968,0.0258249,0.0367476,2026-07-16 16:45:01.640
765,7,2,14,CC_DChg,44714.6,2400,1.26465,-0.03999,0.0264871,0.0375879,2026-07-16 16:46:01.640
766,7,2,14,CC_DChg,44774.6,2460,1.25348,-0.03968,0.0271491,0.0384216,2026-07-16 16:47:01.640
767,7,2,14,CC_DChg,44834.6,2520,1.23907,-0.03968,0.0278107,0.0392464,2026-07-16 16:48:01.640
768,7,2,14,CC_DChg,44894.6,2580,1.21985,-0.03968,0.0284732,0.0400611,2026-07-16 16:49:01.640
769,7,2,14,CC_DChg,44954.6,2640,1.19567,-0.03999,0.0291355,0.0408613,2026-07-16 16:50:01.640
770,7,2,14,CC_DChg,45014.6,2700,1.16637,-0.03968,0.0297982,0.0416441,2026-07-16 16:51:01.640
771,7,2,14,CC_DChg,45074.6,2760,1.13444,-0.03968,0.0304604,0.0424059,2026-07-16 16:52:01.640
772,7,2,14,CC_DChg,45134.6,2820,1.10267,-0.03968,0.0311223,0.0431463,2026-07-16 16:53:01.640
773,7,2,14,CC_DChg,45194.6,2880,1.07105,-0.03968,0.0317844,0.0438658,2026-07-16 16:54:01.640
774,7,2,14,CC_DChg,45254.6,2940,1.04005,-0.03968,0.0324463,0.0445645,2026-07-16 16:55:01.640
775,7,2,14,CC_DChg,45314.6,3000,1.0092,-0.03968,0.0331085,0.045243,2026-07-16 16:56:01.640
776,7,2,14,CC_DChg,45374.6,3060,0.98022,-0.03999,0.0337704,0.0459015,2026-07-16 16:57:01.640
777,7,2,14,CC_DChg,45434.6,3120,0.952475,-0.03999,0.0344327,0.0465415,2026-07-16 16:58:01.640
778,7,2,14,CC_DChg,45494.6,3180,0.925815,-0.03968,0.0350951,0.0471635,2026-07-16 16:59:01.640
779,7,2,14,CC_DChg,45554.6,3240,0.90055,-0.03968,0.0357572,0.047768,2026-07-16 17:00:01.640
780,7,2,14,CC_DChg,45614.6,3300,0.876525,-0.03968,0.0364193,0.0483562,2026-07-16 17:01:01.640
781,7,2,14,CC_DChg,45674.6,3360,0.852965,-0.03968,0.0370812,0.0489285,2026-07-16 17:02:01.640
782,7,2,14,CC_DChg,45734.6,3420,0.830645,-0.03968,0.0377434,0.049486,2026-07-16 17:03:01.640
783,7,2,14,CC_DChg,45794.6,3480,0.80879,-0.03968,0.0384055,0.0500286,2026-07-16 17:04:01.640
784,7,2,14,CC_DChg,45820.9,3506.29,0.799645,-0.03999,0.0386958,0.0502621,2026-07-16 17:04:27.930
785,7,3,15,CC_Chg,45821,0,0.83669,0.03999,0,0,2026-07-16 17:04:28.000
786,7,3,15,CC_Chg,45881,60,1.04082,0.03968,0.000662962,0.000629581,2026-07-16 17:05:28.000
787,7,3,15,CC_Chg,45941,120,1.19087,0.03999,0.00132491,0.00136919,2026-07-16 17:06:28.000
788,7,3,15,CC_Chg,46001,180,1.38275,0.03968,0.00198699,0.00221802,2026-07-16 17:07:28.000
789,7,3,15,CC_Chg,46061,240,1.54829,0.03968,0.00264931,0.00319422,2026-07-16 17:08:28.000
790,7,3,15,CC_Chg,46121,300,1.52768,0.03968,0.00331129,0.00420993,2026-07-16 17:09:28.000
791,7,3,15,CC_Chg,46181,360,1.52613,0.03968,0.00397305,0.00522026,2026-07-16 17:10:28.000
792,7,3,15,CC_Chg,46241,420,1.52613,0.03968,0.00463504,0.00623063,2026-07-16 17:11:28.000
793,7,3,15,CC_Chg,46301,480,1.52644,0.03968,0.0052968,0.00724071,2026-07-16 17:12:28.000
794,7,3,15,CC_Chg,46361,540,1.52675,0.03968,0.00595879,0.00825131,2026-07-16 17:13:28.000
795,7,3,15,CC_Chg,46421,600,1.52675,0.03999,0.00662094,0.0092623,2026-07-16 17:14:28.000
796,7,3,15,CC_Chg,46481,660,1.52706,0.03968,0.00728337,0.0102739,2026-07-16 17:15:28.000
797,7,3,15,CC_Chg,46541,720,1.52737,0.03968,0.00794536,0.011285,2026-07-16 17:16:28.000
798,7,3,15,CC_Chg,46601,780,1.52784,0.03968,0.0086072,0.012296,2026-07-16 17:17:28.000
799,7,3,15,CC_Chg,46661,840,1.52815,0.03968,0.00926942,0.0133078,2026-07-16 17:18:28.000
800,7,3,15,CC_Chg,46721,900,1.52876,0.03968,0.00993163,0.0143201,2026-07-16 17:19:28.000
801,7,3,15,CC_Chg,46781,960,1.52985,0.03968,0.0105937,0.0153326,2026-07-16 17:20:28.000
802,7,3,15,CC_Chg,46841,1020,1.53078,0.03999,0.0112556,0.0163455,2026-07-16 17:21:28.000
803,7,3,15,CC_Chg,46901,1080,1.53202,0.03968,0.0119175,0.0173592,2026-07-16 17:22:28.000
804,7,3,15,CC_Chg,46961,1140,1.53373,0.03968,0.0125797,0.0183742,2026-07-16 17:23:28.000
805,7,3,15,CC_Chg,47021,1200,1.5359,0.03999,0.0132416,0.0193902,2026-07-16 17:24:28.000
806,7,3,15,CC_Chg,47081,1260,1.53915,0.03968,0.013904,0.0204087,2026-07-16 17:25:28.000
807,7,3,15,CC_Chg,47141,1320,1.54256,0.03999,0.0145659,0.0214286,2026-07-16 17:26:28.000
808,7,3,15,CC_Chg,47201,1380,1.54721,0.03999,0.0152282,0.022452,2026-07-16 17:27:28.000
809,7,3,15,CC_Chg,47261,1440,1.55217,0.03968,0.0158903,0.0234782,2026-07-16 17:28:28.000
810,7,3,15,CC_Chg,47321,1500,1.5576,0.03968,0.0165523,0.0245076,2026-07-16 17:29:28.000
811,7,3,15,CC_Chg,47381,1560,1.56255,0.03999,0.0172143,0.0255406,2026-07-16 17:30:28.000
812,7,3,15,CC_Chg,47441,1620,1.56674,0.03968,0.0178763,0.0265764,2026-07-16 17:31:28.000
813,7,3,15,CC_Chg,47501,1680,1.57,0.03968,0.0185384,0.0276148,2026-07-16 17:32:28.000
814,7,3,15,CC_Chg,47561,1740,1.57279,0.03968,0.0192008,0.0286558,2026-07-16 17:33:28.000
815,7,3,15,CC_Chg,47621,1800,1.57496,0.03968,0.0198628,0.0296975,2026-07-16 17:34:28.000
816,7,3,15,CC_Chg,47681,1860,1.57666,0.03968,0.0205245,0.0307403,2026-07-16 17:35:28.000
817,7,3,15,CC_Chg,47741,1920,1.57883,0.03968,0.0211867,0.0317853,2026-07-16 17:36:28.000
818,7,3,15,CC_Chg,47801,1980,1.581,0.03968,0.0218486,0.032831,2026-07-16 17:37:28.000
819,7,3,15,CC_Chg,47861,2040,1.58302,0.03968,0.0225106,0.0338783,2026-07-16 17:38:28.000
820,7,3,15,CC_Chg,47921,2100,1.58503,0.03999,0.0231726,0.0349271,2026-07-16 17:39:28.000
821,7,3,15,CC_Chg,47981,2160,1.58736,0.03999,0.0238349,0.0359778,2026-07-16 17:40:28.000
822,7,3,15,CC_Chg,48041,2220,1.58999,0.03968,0.0244973,0.0370301,2026-07-16 17:41:28.000
823,7,3,15,CC_Chg,48101,2280,1.59262,0.03968,0.0251588,0.0380828,2026-07-16 17:42:28.000
824,7,3,15,CC_Chg,48161,2340,1.59588,0.03968,0.025821,0.0391387,2026-07-16 17:43:28.000
825,7,3,15,CC_Chg,48221,2400,1.5996,0.03968,0.0264832,0.0401968,2026-07-16 17:44:28.000
826,7,3,15,CC_Chg,48281,2460,1.60363,0.03968,0.0271455,0.0412574,2026-07-16 17:45:28.000
827,7,3,15,CC_Chg,48341,2520,1.60936,0.03968,0.0278074,0.042321,2026-07-16 17:46:28.000
828,7,3,15,CC_Chg,48401,2580,1.61742,0.03968,0.02847,0.0433898,2026-07-16 17:47:28.000
829,7,3,15,CC_Chg,48461,2640,1.62781,0.03968,0.0291318,0.0444638,2026-07-16 17:48:28.000
830,7,3,15,CC_Chg,48521,2700,1.63928,0.03968,0.0297936,0.045545,2026-07-16 17:49:28.000
831,7,3,15,CC_Chg,48581,2760,1.65013,0.03968,0.0304553,0.0466333,2026-07-16 17:50:28.000
832,7,3,15,CC_Chg,48641,2820,1.66005,0.03968,0.0311174,0.0477292,2026-07-16 17:51:28.000
833,7,3,15,CC_Chg,48701,2880,1.67013,0.03968,0.0317793,0.0488315,2026-07-16 17:52:28.000
834,7,3,15,CC_Chg,48761,2940,1.6802,0.03968,0.0324412,0.0499404,2026-07-16 17:53:28.000
835,7,3,15,CC_Chg,48821,3000,1.69012,0.03999,0.0331033,0.0510562,2026-07-16 17:54:28.000
836,7,3,15,CC_Chg,48881,3060,1.70019,0.03968,0.0337653,0.0521784,2026-07-16 17:55:28.000
837,7,3,15,CC_Chg,48941,3120,1.71012,0.03999,0.0344274,0.0533075,2026-07-16 17:56:28.000
838,7,3,15,CC_Chg,49001,3180,1.72019,0.03968,0.0350895,0.0544432,2026-07-16 17:57:28.000
839,7,3,15,CC_Chg,49061,3240,1.73026,0.03999,0.0357515,0.0555856,2026-07-16 17:58:28.000
840,7,3,15,CC_Chg,49121,3300,1.74034,0.03968,0.0364136,0.0567345,2026-07-16 17:59:28.000
841,7,3,15,CC_Chg,49181,3360,1.74979,0.03999,0.0370756,0.0578899,2026-07-16 18:00:28.000
842,7,3,15,CC_Chg,49241,3420,1.75879,0.03999,0.0377377,0.0590516,2026-07-16 18:01:28.000
843,7,3,15,CC_Chg,49301,3480,1.76762,0.03968,0.0383997,0.0602189,2026-07-16 18:02:28.000
844,7,3,15,CC_Chg,49361,3540,1.77537,0.03968,0.0390619,0.0613921,2026-07-16 18:03:28.000
845,7,3,15,CC_Chg,49421,3600,1.78296,0.03968,0.0397242,0.0625706,2026-07-16 18:04:28.000
846,7,3,15,CC_Chg,49481,3660,1.79009,0.03968,0.0403865,0.0637538,2026-07-16 18:05:28.000
847,7,3,15,CC_Chg,49541,3720,1.79645,0.03968,0.0410488,0.0649415,2026-07-16 18:06:28.000
848,7,3,15,CC_Chg,49578.5,3757.52,1.80017,0.03968,0.0414631,0.0656866,2026-07-16 18:07:05.520
849,8,2,16,CC_DChg,49578.6,0,1.76653,-0.03968,0,0,2026-07-16 18:07:05.590
850,8,2,16,CC_DChg,49638.6,60,1.69663,-0.03968,0.000662804,0.00114362,2026-07-16 18:08:05.590
851,8,2,16,CC_DChg,49698.6,120,1.654,-0.03968,0.00132495,0.00225229,2026-07-16 18:09:05.590
852,8,2,16,CC_DChg,49758.6,180,1.61867,-0.03968,0.00198709,0.00333539,2026-07-16 18:10:05.590
853,8,2,16,CC_DChg,49818.6,240,1.58984,-0.03968,0.00264923,0.00439743,2026-07-16 18:11:05.590
854,8,2,16,CC_DChg,49878.6,300,1.56503,-0.03968,0.00331121,0.00544155,2026-07-16 18:12:05.590
855,8,2,16,CC_DChg,49938.6,360,1.54442,-0.03968,0.00397351,0.00647112,2026-07-16 18:13:05.590
856,8,2,16,CC_DChg,49998.6,420,1.52598,-0.03968,0.00463549,0.0074873,2026-07-16 18:14:05.590
857,8,2,16,CC_DChg,50058.6,480,1.51016,-0.03968,0.00529741,0.00849215,2026-07-16 18:15:05.590
858,8,2,16,CC_DChg,50118.6,540,1.49591,-0.03968,0.00596001,0.00948806,2026-07-16 18:16:05.590
859,8,2,16,CC_DChg,50178.6,600,1.48289,-0.03968,0.00662207,0.0104741,2026-07-16 18:17:05.590
860,8,2,16,CC_DChg,50238.6,660,1.47095,-0.03968,0.00728398,0.0114517,2026-07-16 18:18:05.590
861,8,2,16,CC_DChg,50298.6,720,1.45948,-0.03968,0.00794612,0.0124219,2026-07-16 18:19:05.590
862,8,2,16,CC_DChg,50358.6,780,1.4491,-0.03968,0.00860818,0.0133848,2026-07-16 18:20:05.590
863,8,2,16,CC_DChg,50418.6,840,1.43948,-0.03999,0.0092705,0.0143413,2026-07-16 18:21:05.590
864,8,2,16,CC_DChg,50478.6,900,1.43081,-0.03968,0.00993292,0.0152919,2026-07-16 18:22:05.590
865,8,2,16,CC_DChg,50538.6,960,1.42414,-0.03968,0.010595,0.0162369,2026-07-16 18:23:05.590
866,8,2,16,CC_DChg,50598.6,1020,1.4184,-0.03968,0.0112571,0.017178,2026-07-16 18:24:05.590
867,8,2,16,CC_DChg,50658.6,1080,1.41329,-0.03968,0.0119193,0.0181156,2026-07-16 18:25:05.590
868,8,2,16,CC_DChg,50718.6,1140,1.40848,-0.03968,0.0125817,0.0190502,2026-07-16 18:26:05.590
869,8,2,16,CC_DChg,50778.6,1200,1.40352,-0.03968,0.0132439,0.0199812,2026-07-16 18:27:05.590
870,8,2,16,CC_DChg,50838.6,1260,1.39949,-0.03968,0.0139062,0.0209095,2026-07-16 18:28:05.590
871,8,2,16,CC_DChg,50898.6,1320,1.39515,-0.03968,0.0145685,0.021835,2026-07-16 18:29:05.590
872,8,2,16,CC_DChg,50958.6,1380,1.39051,-0.03968,0.0152309,0.0227576,2026-07-16 18:30:05.590
873,8,2,16,CC_DChg,51018.6,1440,1.38601,-0.03968,0.015893,0.0236768,2026-07-16 18:31:05.590
874,8,2,16,CC_DChg,51078.6,1500,1.38058,-0.03968,0.0165552,0.0245929,2026-07-16 18:32:05.590
875,8,2,16,CC_DChg,51138.6,1560,1.37532,-0.03968,0.0172174,0.0255055,2026-07-16 18:33:05.590
876,8,2,16,CC_DChg,51198.6,1620,1.36912,-0.03968,0.0178798,0.0264147,2026-07-16 18:34:05.590
877,8,2,16,CC_DChg,51258.6,1680,1.36152,-0.03999,0.018542,0.0273189,2026-07-16 18:35:05.590
878,8,2,16,CC_DChg,51318.6,1740,1.35315,-0.03968,0.0192043,0.028218,2026-07-16 18:36:05.590
879,8,2,16,CC_DChg,51378.6,1800,1.34245,-0.03968,0.0198664,0.0291106,2026-07-16 18:37:05.590
880,8,2,16,CC_DChg,51438.6,1860,1.33005,-0.03968,0.0205291,0.0299963,2026-07-16 18:38:05.590
881,8,2,16,CC_DChg,51498.6,1920,1.31549,-0.03968,0.0211914,0.0308726,2026-07-16 18:39:05.590
882,8,2,16,CC_DChg,51558.6,1980,1.2989,-0.03999,0.0218536,0.0317383,2026-07-16 18:40:05.590
883,8,2,16,CC_DChg,51618.6,2040,1.28138,-0.03968,0.0225159,0.0325928,2026-07-16 18:41:05.590
884,8,2,16,CC_DChg,51678.6,2100,1.27364,-0.03968,0.0231781,0.033438,2026-07-16 18:42:05.590
885,8,2,16,CC_DChg,51738.6,2160,1.27627,-0.03999,0.02384,0.0342817,2026-07-16 18:43:05.590
886,8,2,16,CC_DChg,51798.6,2220,1.27937,-0.03968,0.0245025,0.0351283,2026-07-16 18:44:05.590
887,8,2,16,CC_DChg,51858.6,2280,1.27906,-0.03968,0.0251649,0.035976,2026-07-16 18:45:05.590
888,8,2,16,CC_DChg,51918.6,2340,1.27565,-0.03968,0.0258273,0.0368222,2026-07-16 18:46:05.590
889,8,2,16,CC_DChg,51978.6,2400,1.26899,-0.03968,0.0264894,0.0376649,2026-07-16 18:47:05.590
890,8,2,16,CC_DChg,52038.6,2460,1.25937,-0.03968,0.0271516,0.0385023,2026-07-16 18:48:05.590
891,8,2,16,CC_DChg,52098.6,2520,1.24666,-0.03968,0.0278142,0.0393328,2026-07-16 18:49:05.590
892,8,2,16,CC_DChg,52158.6,2580,1.22961,-0.03968,0.0284768,0.0401534,2026-07-16 18:50:05.590
893,8,2,16,CC_DChg,52218.6,2640,1.20807,-0.03968,0.0291392,0.0409611,2026-07-16 18:51:05.590
894,8,2,16,CC_DChg,52278.6,2700,1.18079,-0.03968,0.0298014,0.0417523,2026-07-16 18:52:05.590
895,8,2,16,CC_DChg,52338.6,2760,1.15072,-0.03968,0.0304637,0.0425247,2026-07-16 18:53:05.590
896,8,2,16,CC_DChg,52398.6,2820,1.11925,-0.03968,0.031126,0.0432764,2026-07-16 18:54:05.590
897,8,2,16,CC_DChg,52458.6,2880,1.08841,-0.03968,0.0317888,0.0440082,2026-07-16 18:55:05.590
898,8,2,16,CC_DChg,52518.6,2940,1.05803,-0.03968,0.0324512,0.044719,2026-07-16 18:56:05.590
899,8,2,16,CC_DChg,52578.6,3000,1.0275,-0.03999,0.0331134,0.0454095,2026-07-16 18:57:05.590
900,8,2,16,CC_DChg,52638.6,3060,0.998045,-0.03968,0.0337755,0.0460801,2026-07-16 18:58:05.590
901,8,2,16,CC_DChg,52698.6,3120,0.96999,-0.03999,0.0344379,0.046732,2026-07-16 18:59:05.590
902,8,2,16,CC_DChg,52758.6,3180,0.94302,-0.03968,0.0351001,0.0473653,2026-07-16 19:00:05.590
903,8,2,16,CC_DChg,52818.6,3240,0.917755,-0.03968,0.0357625,0.0479817,2026-07-16 19:01:05.590
904,8,2,16,CC_DChg,52878.6,3300,0.893575,-0.03999,0.0364251,0.0485819,2026-07-16 19:02:05.590
905,8,2,16,CC_DChg,52938.6,3360,0.8711,-0.03968,0.0370874,0.0491662,2026-07-16 19:03:05.590
906,8,2,16,CC_DChg,52998.6,3420,0.849245,-0.03968,0.0377499,0.049736,2026-07-16 19:04:05.590
907,8,2,16,CC_DChg,53058.6,3480,0.82832,-0.03968,0.0384122,0.0502914,2026-07-16 19:05:05.590
908,8,2,16,CC_DChg,53118.6,3540,0.80786,-0.03968,0.0390747,0.0508334,2026-07-16 19:06:05.590
909,8,2,16,CC_DChg,53143.1,3564.47,0.7998,-0.03968,0.0393452,0.0510509,2026-07-16 19:06:30.060
910,8,3,17,CC_Chg,53143.1,0,0.837,0.03999,0,0,2026-07-16 19:06:30.130
911,8,3,17,CC_Chg,53203.1,60,1.04113,0.03968,0.00066361,0.000630236,2026-07-16 19:07:30.130
912,8,3,17,CC_Chg,53263.1,120,1.1904,0.03968,0.00132601,0.00137017,2026-07-16 19:08:30.130
913,8,3,17,CC_Chg,53323.1,180,1.38183,0.03968,0.00198862,0.00221897,2026-07-16 19:09:30.130
914,8,3,17,CC_Chg,53383.1,240,1.54923,0.03968,0.00265099,0.00319527,2026-07-16 19:10:30.130
915,8,3,17,CC_Chg,53443.1,300,1.52799,0.03968,0.00331321,0.00421157,2026-07-16 19:11:30.130
916,8,3,17,CC_Chg,53503.1,360,1.52659,0.03999,0.00397538,0.00522274,2026-07-16 19:12:30.130
917,8,3,17,CC_Chg,53563.1,420,1.52644,0.03968,0.00463754,0.00623361,2026-07-16 19:13:30.130
918,8,3,17,CC_Chg,53623.1,480,1.52675,0.03968,0.00530017,0.00724528,2026-07-16 19:14:30.130
919,8,3,17,CC_Chg,53683.1,540,1.52706,0.03968,0.00596261,0.00825684,2026-07-16 19:15:30.130
920,8,3,17,CC_Chg,53743.1,600,1.52721,0.03968,0.0066249,0.00926831,2026-07-16 19:16:30.130
921,8,3,17,CC_Chg,53803.1,660,1.52753,0.03968,0.00728712,0.0102798,2026-07-16 19:17:30.130
922,8,3,17,CC_Chg,53863.1,720,1.52753,0.03968,0.00794964,0.0112919,2026-07-16 19:18:30.130
923,8,3,17,CC_Chg,53923.1,780,1.52815,0.03968,0.00861178,0.0123036,2026-07-16 19:19:30.130
924,8,3,17,CC_Chg,53983.1,840,1.5283,0.03999,0.00927438,0.0133162,2026-07-16 19:20:30.130
925,8,3,17,CC_Chg,54043.1,900,1.52876,0.03968,0.00993721,0.0143296,2026-07-16 19:21:30.130
926,8,3,17,CC_Chg,54103.1,960,1.52954,0.03968,0.0105997,0.0153428,2026-07-16 19:22:30.130
927,8,3,17,CC_Chg,54163.1,1020,1.53078,0.03968,0.0112623,0.0163566,2026-07-16 19:23:30.130
928,8,3,17,CC_Chg,54223.1,1080,1.53171,0.03968,0.0119245,0.0173707,2026-07-16 19:24:30.130
929,8,3,17,CC_Chg,54283.1,1140,1.5331,0.03968,0.012587,0.0183859,2026-07-16 19:25:30.130
930,8,3,17,CC_Chg,54343.1,1200,1.53527,0.03968,0.0132495,0.0194024,2026-07-16 19:26:30.130
931,8,3,17,CC_Chg,54403.1,1260,1.53791,0.03968,0.0139116,0.0204198,2026-07-16 19:27:30.130
932,8,3,17,CC_Chg,54463.1,1320,1.54132,0.03968,0.0145738,0.0214393,2026-07-16 19:28:30.130
933,8,3,17,CC_Chg,54523.1,1380,1.5455,0.03968,0.0152362,0.0224616,2026-07-16 19:29:30.130
934,8,3,17,CC_Chg,54583.1,1440,1.55046,0.03968,0.0158983,0.0234866,2026-07-16 19:30:30.130
935,8,3,17,CC_Chg,54643.1,1500,1.55574,0.03968,0.0165605,0.024515,2026-07-16 19:31:30.130
936,8,3,17,CC_Chg,54703.1,1560,1.56069,0.03968,0.0172228,0.0255469,2026-07-16 19:32:30.130
937,8,3,17,CC_Chg,54763.1,1620,1.56519,0.03968,0.017885,0.0265821,2026-07-16 19:33:30.130
938,8,3,17,CC_Chg,54823.1,1680,1.5686,0.03968,0.0185473,0.02762,2026-07-16 19:34:30.130
939,8,3,17,CC_Chg,54883.1,1740,1.5717,0.03968,0.01921,0.0286605,2026-07-16 19:35:30.130
940,8,3,17,CC_Chg,54943.1,1800,1.57403,0.03999,0.0198722,0.0297021,2026-07-16 19:36:30.130
941,8,3,17,CC_Chg,55003.1,1860,1.57588,0.03968,0.0205346,0.0307455,2026-07-16 19:37:30.130
942,8,3,17,CC_Chg,55063.1,1920,1.5779,0.03968,0.0211967,0.0317896,2026-07-16 19:38:30.130
943,8,3,17,CC_Chg,55123.1,1980,1.58007,0.03968,0.0218588,0.0328352,2026-07-16 19:39:30.130
944,8,3,17,CC_Chg,55183.1,2040,1.58208,0.03968,0.0225207,0.0338818,2026-07-16 19:40:30.130
945,8,3,17,CC_Chg,55243.1,2100,1.5841,0.03968,0.0231829,0.0349301,2026-07-16 19:41:30.130
946,8,3,17,CC_Chg,55303.1,2160,1.58627,0.03968,0.0238451,0.03598,2026-07-16 19:42:30.130
947,8,3,17,CC_Chg,55363.1,2220,1.58875,0.03968,0.0245076,0.0370317,2026-07-16 19:43:30.130
948,8,3,17,CC_Chg,55423.1,2280,1.59123,0.03968,0.02517,0.0380849,2026-07-16 19:44:30.130
949,8,3,17,CC_Chg,55483.1,2340,1.59417,0.03968,0.0258323,0.0391398,2026-07-16 19:45:30.130
950,8,3,17,CC_Chg,55543.1,2400,1.59759,0.03968,0.0264945,0.0401968,2026-07-16 19:46:30.130
951,8,3,17,CC_Chg,55603.1,2460,1.60146,0.03968,0.0271569,0.0412563,2026-07-16 19:47:30.130
952,8,3,17,CC_Chg,55663.1,2520,1.60611,0.03999,0.0278193,0.0423187,2026-07-16 19:48:30.130
953,8,3,17,CC_Chg,55723.1,2580,1.61278,0.03968,0.0284818,0.043385,2026-07-16 19:49:30.130
954,8,3,17,CC_Chg,55783.1,2640,1.62176,0.03968,0.0291443,0.0444563,2026-07-16 19:50:30.130
955,8,3,17,CC_Chg,55843.1,2700,1.63277,0.03968,0.0298067,0.0455342,2026-07-16 19:51:30.130
956,8,3,17,CC_Chg,55903.1,2760,1.64362,0.03999,0.0304689,0.0466189,2026-07-16 19:52:30.130
957,8,3,17,CC_Chg,55963.1,2820,1.65339,0.03968,0.0311311,0.0477107,2026-07-16 19:53:30.130
958,8,3,17,CC_Chg,56023.1,2880,1.66346,0.03968,0.0317931,0.0488088,2026-07-16 19:54:30.130
959,8,3,17,CC_Chg,56083.1,2940,1.67291,0.03999,0.0324555,0.0499139,2026-07-16 19:55:30.130
960,8,3,17,CC_Chg,56143.1,3000,1.68268,0.03968,0.0331178,0.0510252,2026-07-16 19:56:30.130
961,8,3,17,CC_Chg,56203.1,3060,1.6926,0.03968,0.0337802,0.0521432,2026-07-16 19:57:30.130
962,8,3,17,CC_Chg,56263.1,3120,1.70206,0.03968,0.0344426,0.0532674,2026-07-16 19:58:30.130
963,8,3,17,CC_Chg,56323.1,3180,1.71198,0.03999,0.035105,0.0543983,2026-07-16 19:59:30.130
964,8,3,17,CC_Chg,56383.1,3240,1.72205,0.03968,0.0357667,0.0555346,2026-07-16 20:00:30.130
965,8,3,17,CC_Chg,56443.1,3300,1.73197,0.03999,0.0364292,0.0566789,2026-07-16 20:01:30.130
966,8,3,17,CC_Chg,56503.1,3360,1.74189,0.03968,0.0370914,0.0578291,2026-07-16 20:02:30.130
967,8,3,17,CC_Chg,56563.1,3420,1.75103,0.03968,0.0377541,0.0589866,2026-07-16 20:03:30.130
968,8,3,17,CC_Chg,56623.1,3480,1.76033,0.03968,0.0384164,0.0601495,2026-07-16 20:04:30.130
969,8,3,17,CC_Chg,56683.1,3540,1.7687,0.03968,0.0390785,0.0613178,2026-07-16 20:05:30.130
970,8,3,17,CC_Chg,56743.1,3600,1.77661,0.03999,0.0397408,0.062492,2026-07-16 20:06:30.130
971,8,3,17,CC_Chg,56803.1,3660,1.78436,0.03999,0.0404033,0.0636716,2026-07-16 20:07:30.130
972,8,3,17,CC_Chg,56863.1,3720,1.79118,0.03968,0.0410658,0.0648562,2026-07-16 20:08:30.130
973,8,3,17,CC_Chg,56923.1,3780,1.79784,0.03968,0.0417281,0.0660448,2026-07-16 20:09:30.130
974,8,3,17,CC_Chg,56946.6,3803.51,1.80001,0.03968,0.0419881,0.0665126,2026-07-16 20:09:53.640
975,9,2,18,CC_DChg,56946.7,0,1.76669,-0.03968,0,0,2026-07-16 20:09:53.710
976,9,2,18,CC_DChg,57006.7,60,1.69741,-0.03968,0.00066289,0.00114413,2026-07-16 20:10:53.710
977,9,2,18,CC_DChg,57066.7,120,1.65463,-0.03968,0.00132495,0.00225343,2026-07-16 20:11:53.710
978,9,2,18,CC_DChg,57126.7,180,1.62052,-0.03968,0.00198717,0.00333766,2026-07-16 20:12:53.710
979,9,2,18,CC_DChg,57186.7,240,1.59154,-0.03968,0.00264916,0.00440059,2026-07-16 20:13:53.710
980,9,2,18,CC_DChg,57246.7,300,1.5672,-0.03968,0.00331167,0.00544676,2026-07-16 20:14:53.710
981,9,2,18,CC_DChg,57306.7,360,1.54659,-0.03968,0.00397405,0.00647783,2026-07-16 20:15:53.710
982,9,2,18,CC_DChg,57366.7,420,1.52861,-0.03999,0.0046366,0.00749641,2026-07-16 20:16:53.710
983,9,2,18,CC_DChg,57426.7,480,1.51265,-0.03968,0.00529895,0.00850353,2026-07-16 20:17:53.710
984,9,2,18,CC_DChg,57486.7,540,1.4987,-0.03968,0.00596078,0.00949996,2026-07-16 20:18:53.710
985,9,2,18,CC_DChg,57546.7,600,1.48552,-0.03968,0.00662254,0.0104873,2026-07-16 20:19:53.710
986,9,2,18,CC_DChg,57606.7,660,1.47358,-0.03999,0.00728479,0.0114672,2026-07-16 20:20:53.710
987,9,2,18,CC_DChg,57666.7,720,1.46258,-0.03968,0.00794697,0.0124394,2026-07-16 20:21:53.710
988,9,2,18,CC_DChg,57726.7,780,1.45204,-0.03968,0.00860912,0.0134043,2026-07-16 20:22:53.710
989,9,2,18,CC_DChg,57786.7,840,1.44227,-0.03968,0.00927111,0.0143624,2026-07-16 20:23:53.710
990,9,2,18,CC_DChg,57846.7,900,1.43344,-0.03968,0.00993347,0.0153148,2026-07-16 20:24:53.710
991,9,2,18,CC_DChg,57906.7,960,1.426,-0.03968,0.0105958,0.0162617,2026-07-16 20:25:53.710
992,9,2,18,CC_DChg,57966.7,1020,1.42011,-0.03999,0.0112582,0.0172044,2026-07-16 20:26:53.710
993,9,2,18,CC_DChg,58026.7,1080,1.41484,-0.03999,0.0119207,0.0181435,2026-07-16 20:27:53.710
994,9,2,18,CC_DChg,58086.7,1140,1.41003,-0.03999,0.0125829,0.0190789,2026-07-16 20:28:53.710
995,9,2,18,CC_DChg,58146.7,1200,1.40523,-0.03968,0.0132449,0.0200108,2026-07-16 20:29:53.710
996,9,2,18,CC_DChg,58206.7,1260,1.40089,-0.03968,0.0139072,0.02094,2026-07-16 20:30:53.710
997,9,2,18,CC_DChg,58266.7,1320,1.3964,-0.03968,0.0145698,0.0218668,2026-07-16 20:31:53.710
998,9,2,18,CC_DChg,58326.7,1380,1.39221,-0.03968,0.0152324,0.0227907,2026-07-16 20:32:53.710
999,9,2,18,CC_DChg,58386.7,1440,1.3874,-0.03968,0.0158945,0.023711,2026-07-16 20:33:53.710
1000,9,2,18,CC_DChg,58446.7,1500,1.38275,-0.03968,0.016557,0.0246287,2026-07-16 20:34:53.710
1001,9,2,18,CC_DChg,58506.7,1560,1.37718,-0.03968,0.0172196,0.025543,2026-07-16 20:35:53.710
1002,9,2,18,CC_DChg,58566.7,1620,1.37098,-0.03999,0.0178822,0.0264536,2026-07-16 20:36:53.710
1003,9,2,18,CC_DChg,58626.7,1680,1.36416,-0.03968,0.0185444,0.0273594,2026-07-16 20:37:53.710
1004,9,2,18,CC_DChg,58686.7,1740,1.35594,-0.03968,0.0192067,0.0282602,2026-07-16 20:38:53.710
1005,9,2,18,CC_DChg,58746.7,1800,1.34587,-0.03968,0.0198691,0.0291552,2026-07-16 20:39:53.710
1006,9,2,18,CC_DChg,58806.7,1860,1.33455,-0.03968,0.0205317,0.0300434,2026-07-16 20:40:53.710
1007,9,2,18,CC_DChg,58866.7,1920,1.32091,-0.03968,0.021194,0.0309229,2026-07-16 20:41:53.710
1008,9,2,18,CC_DChg,58926.7,1980,1.3051,-0.03968,0.0218565,0.0317929,2026-07-16 20:42:53.710
1009,9,2,18,CC_DChg,58986.7,2040,1.28758,-0.03968,0.0225189,0.0326517,2026-07-16 20:43:53.710
1010,9,2,18,CC_DChg,59046.7,2100,1.27519,-0.03968,0.023181,0.0334995,2026-07-16 20:44:53.710
1011,9,2,18,CC_DChg,59106.7,2160,1.27534,-0.03968,0.0238435,0.0343438,2026-07-16 20:45:53.710
1012,9,2,18,CC_DChg,59166.7,2220,1.2789,-0.03968,0.0245057,0.0351897,2026-07-16 20:46:53.710
1013,9,2,18,CC_DChg,59226.7,2280,1.28015,-0.03968,0.0251681,0.0360373,2026-07-16 20:47:53.710
1014,9,2,18,CC_DChg,59286.7,2340,1.27767,-0.03968,0.02583,0.036884,2026-07-16 20:48:53.710
1015,9,2,18,CC_DChg,59346.7,2400,1.27255,-0.03999,0.0264921,0.0377286,2026-07-16 20:49:53.710
1016,9,2,18,CC_DChg,59406.7,2460,1.26418,-0.03968,0.0271543,0.0385686,2026-07-16 20:50:53.710
1017,9,2,18,CC_DChg,59466.7,2520,1.2524,-0.03968,0.0278165,0.0394021,2026-07-16 20:51:53.710
1018,9,2,18,CC_DChg,59526.7,2580,1.23706,-0.03968,0.0284788,0.0402268,2026-07-16 20:52:53.710
1019,9,2,18,CC_DChg,59586.7,2640,1.21737,-0.03999,0.0291411,0.0410399,2026-07-16 20:53:53.710
1020,9,2,18,CC_DChg,59646.7,2700,1.19273,-0.03999,0.0298036,0.0418386,2026-07-16 20:54:53.710
1021,9,2,18,CC_DChg,59706.7,2760,1.16374,-0.03968,0.0304658,0.0426191,2026-07-16 20:55:53.710
1022,9,2,18,CC_DChg,59766.7,2820,1.13321,-0.03968,0.031128,0.0433798,2026-07-16 20:56:53.710
1023,9,2,18,CC_DChg,59826.7,2880,1.10251,-0.03968,0.0317908,0.0441206,2026-07-16 20:57:53.710
1024,9,2,18,CC_DChg,59886.7,2940,1.07214,-0.03968,0.0324529,0.0448406,2026-07-16 20:58:53.710
1025,9,2,18,CC_DChg,59946.7,3000,1.04191,-0.03968,0.0331156,0.045541,2026-07-16 20:59:53.710
1026,9,2,18,CC_DChg,60006.7,3060,1.01246,-0.03968,0.033778,0.0462214,2026-07-16 21:00:53.710
1027,9,2,18,CC_DChg,60066.7,3120,0.983785,-0.03968,0.0344398,0.0468819,2026-07-16 21:01:53.710
1028,9,2,18,CC_DChg,60126.7,3180,0.956505,-0.03968,0.0351017,0.0475242,2026-07-16 21:02:53.710
1029,9,2,18,CC_DChg,60186.7,3240,0.931085,-0.03968,0.0357639,0.0481492,2026-07-16 21:03:53.710
1030,9,2,18,CC_DChg,60246.7,3300,0.90675,-0.03968,0.0364257,0.0487574,2026-07-16 21:04:53.710
1031,9,2,18,CC_DChg,60306.7,3360,0.884275,-0.03968,0.037088,0.0493505,2026-07-16 21:05:53.710
1032,9,2,18,CC_DChg,60366.7,3420,0.86242,-0.03968,0.0377501,0.0499289,2026-07-16 21:06:53.710
1033,9,2,18,CC_DChg,60426.7,3480,0.842425,-0.03968,0.0384123,0.0504934,2026-07-16 21:07:53.710
1034,9,2,18,CC_DChg,60486.7,3540,0.82274,-0.03999,0.0390746,0.0510448,2026-07-16 21:08:53.710
1035,9,2,18,CC_DChg,60546.7,3600,0.80352,-0.03968,0.0397367,0.0515832,2026-07-16 21:09:53.710
1036,9,2,18,CC_DChg,60559.2,3612.49,0.7998,-0.03968,0.0398752,0.0516942,2026-07-16 21:10:06.200
1037,9,3,19,CC_Chg,60559.3,0,0.836225,0.03968,0,0,2026-07-16 21:10:06.270
1038,9,3,19,CC_Chg,60619.3,60,1.03974,0.03968,0.000663321,0.000629394,2026-07-16 21:11:06.270
1039,9,3,19,CC_Chg,60679.3,120,1.18823,0.03999,0.00132529,0.0013677,2026-07-16 21:12:06.270
1040,9,3,19,CC_Chg,60739.3,180,1.37919,0.03968,0.00198763,0.00221428,2026-07-16 21:13:06.270
1041,9,3,19,CC_Chg,60799.3,240,1.54845,0.03999,0.00264995,0.0031893,2026-07-16 21:14:06.270
1042,9,3,19,CC_Chg,60859.3,300,1.52799,0.03968,0.00331221,0.00420579,2026-07-16 21:15:06.270
1043,9,3,19,CC_Chg,60919.3,360,1.52675,0.03968,0.00397435,0.00521696,2026-07-16 21:16:06.270
1044,9,3,19,CC_Chg,60979.3,420,1.52659,0.03999,0.00463636,0.00622765,2026-07-16 21:17:06.270
1045,9,3,19,CC_Chg,61039.3,480,1.5269,0.03968,0.00529817,0.00723809,2026-07-16 21:18:06.270
1046,9,3,19,CC_Chg,61099.3,540,1.52706,0.03968,0.00596031,0.00824919,2026-07-16 21:19:06.270
1047,9,3,19,CC_Chg,61159.3,600,1.52737,0.03968,0.00662276,0.0092609,2026-07-16 21:20:06.270
1048,9,3,19,CC_Chg,61219.3,660,1.52737,0.03968,0.00728489,0.0102723,2026-07-16 21:21:06.270
1049,9,3,19,CC_Chg,61279.3,720,1.52768,0.03968,0.00794681,0.0112836,2026-07-16 21:22:06.270
1050,9,3,19,CC_Chg,61339.3,780,1.52799,0.03968,0.00860879,0.0122952,2026-07-16 21:23:06.270
1051,9,3,19,CC_Chg,61399.3,840,1.52861,0.03999,0.00927095,0.0133072,2026-07-16 21:24:06.270
1052,9,3,19,CC_Chg,61459.3,900,1.52923,0.03968,0.0099333,0.0143199,2026-07-16 21:25:06.270
1053,9,3,19,CC_Chg,61519.3,960,1.52985,0.03968,0.0105955,0.0153327,2026-07-16 21:26:06.270
1054,9,3,19,CC_Chg,61579.3,1020,1.53062,0.03968,0.0112577,0.016346,2026-07-16 21:27:06.270
1055,9,3,19,CC_Chg,61639.3,1080,1.53155,0.03968,0.0119196,0.0173594,2026-07-16 21:28:06.270
1056,9,3,19,CC_Chg,61699.3,1140,1.53295,0.03968,0.0125817,0.018374,2026-07-16 21:29:06.270
1057,9,3,19,CC_Chg,61759.3,1200,1.53466,0.03968,0.0132442,0.0193902,2026-07-16 21:30:06.270
1058,9,3,19,CC_Chg,61819.3,1260,1.53713,0.03968,0.013906,0.0204067,2026-07-16 21:31:06.270
1059,9,3,19,CC_Chg,61879.3,1320,1.54024,0.03968,0.0145683,0.0214257,2026-07-16 21:32:06.270
1060,9,3,19,CC_Chg,61939.3,1380,1.54411,0.03968,0.0152303,0.0224468,2026-07-16 21:33:06.270
1061,9,3,19,CC_Chg,61999.3,1440,1.54861,0.03968,0.0158923,0.0234704,2026-07-16 21:34:06.270
1062,9,3,19,CC_Chg,62059.3,1500,1.55387,0.03968,0.0165542,0.0244971,2026-07-16 21:35:06.270
1063,9,3,19,CC_Chg,62119.3,1560,1.55899,0.03968,0.0172161,0.0255275,2026-07-16 21:36:06.270
1064,9,3,19,CC_Chg,62179.3,1620,1.56364,0.03968,0.0178785,0.0265618,2026-07-16 21:37:06.270
1065,9,3,19,CC_Chg,62239.3,1680,1.56736,0.03968,0.0185407,0.0275987,2026-07-16 21:38:06.270
1066,9,3,19,CC_Chg,62299.3,1740,1.57062,0.03968,0.0192029,0.0286376,2026-07-16 21:39:06.270
1067,9,3,19,CC_Chg,62359.3,1800,1.57294,0.03968,0.0198649,0.0296782,2026-07-16 21:40:06.270
1068,9,3,19,CC_Chg,62419.3,1860,1.57542,0.03968,0.0205272,0.030721,2026-07-16 21:41:06.270
1069,9,3,19,CC_Chg,62479.3,1920,1.57713,0.03968,0.021189,0.031764,2026-07-16 21:42:06.270
1070,9,3,19,CC_Chg,62539.3,1980,1.57899,0.03968,0.021851,0.0328088,2026-07-16 21:43:06.270
1071,9,3,19,CC_Chg,62599.3,2040,1.581,0.03968,0.0225131,0.0338551,2026-07-16 21:44:06.270
1072,9,3,19,CC_Chg,62659.3,2100,1.58333,0.03968,0.023175,0.0349024,2026-07-16 21:45:06.270
1073,9,3,19,CC_Chg,62719.3,2160,1.58519,0.03968,0.023837,0.0359512,2026-07-16 21:46:06.270
1074,9,3,19,CC_Chg,62779.3,2220,1.58736,0.03968,0.0244993,0.0370019,2026-07-16 21:47:06.270
1075,9,3,19,CC_Chg,62839.3,2280,1.58984,0.03968,0.0251614,0.0380538,2026-07-16 21:48:06.270
1076,9,3,19,CC_Chg,62899.3,2340,1.59262,0.03968,0.0258234,0.0391074,2026-07-16 21:49:06.270
1077,9,3,19,CC_Chg,62959.3,2400,1.59604,0.03968,0.0264853,0.0401627,2026-07-16 21:50:06.270
1078,9,3,19,CC_Chg,63019.3,2460,1.59976,0.03968,0.0271472,0.0412204,2026-07-16 21:51:06.270
1079,9,3,19,CC_Chg,63079.3,2520,1.60394,0.03968,0.027809,0.0422803,2026-07-16 21:52:06.270
1080,9,3,19,CC_Chg,63139.3,2580,1.60952,0.03968,0.0284708,0.0433437,2026-07-16 21:53:06.270
1081,9,3,19,CC_Chg,63199.3,2640,1.61727,0.03968,0.0291328,0.0444117,2026-07-16 21:54:06.270
1082,9,3,19,CC_Chg,63259.3,2700,1.62719,0.03968,0.0297945,0.0454853,2026-07-16 21:55:06.270
1083,9,3,19,CC_Chg,63319.3,2760,1.63773,0.03968,0.0304563,0.0465657,2026-07-16 21:56:06.270
1084,9,3,19,CC_Chg,63379.3,2820,1.64811,0.03968,0.0311181,0.0476533,2026-07-16 21:57:06.270
1085,9,3,19,CC_Chg,63439.3,2880,1.65788,0.03968,0.0317801,0.0487476,2026-07-16 21:58:06.270
1086,9,3,19,CC_Chg,63499.3,2940,1.66718,0.03968,0.0324423,0.0498485,2026-07-16 21:59:06.270
1087,9,3,19,CC_Chg,63559.3,3000,1.67648,0.03968,0.0331045,0.0509557,2026-07-16 22:00:06.270
1088,9,3,19,CC_Chg,63619.3,3060,1.68578,0.03968,0.0337666,0.0520688,2026-07-16 22:01:06.270
1089,9,3,19,CC_Chg,63679.3,3120,1.69555,0.03968,0.0344289,0.0531886,2026-07-16 22:02:06.270
1090,9,3,19,CC_Chg,63739.3,3180,1.70484,0.03968,0.0350908,0.054314,2026-07-16 22:03:06.270
1091,9,3,19,CC_Chg,63799.3,3240,1.71507,0.03968,0.0357529,0.0554462,2026-07-16 22:04:06.270
1092,9,3,19,CC_Chg,63859.3,3300,1.725,0.03968,0.0364152,0.0565855,2026-07-16 22:05:06.270
1093,9,3,19,CC_Chg,63919.3,3360,1.73491,0.03968,0.0370775,0.0577312,2026-07-16 22:06:06.270
1094,9,3,19,CC_Chg,63979.3,3420,1.74453,0.03968,0.0377394,0.0588828,2026-07-16 22:07:06.270
1095,9,3,19,CC_Chg,64039.3,3480,1.75382,0.03999,0.0384015,0.0600411,2026-07-16 22:08:06.270
1096,9,3,19,CC_Chg,64099.3,3540,1.76282,0.03968,0.0390634,0.0612051,2026-07-16 22:09:06.270
1097,9,3,19,CC_Chg,64159.3,3600,1.77103,0.03968,0.0397254,0.0623749,2026-07-16 22:10:06.270
1098,9,3,19,CC_Chg,64219.3,3660,1.77893,0.03968,0.0403876,0.0635503,2026-07-16 22:11:06.270
1099,9,3,19,CC_Chg,64279.3,3720,1.78653,0.03968,0.0410499,0.0647311,2026-07-16 22:12:06.270
1100,9,3,19,CC_Chg,64339.3,3780,1.7932,0.03968,0.041712,0.0659162,2026-07-16 22:13:06.270
1101,9,3,19,CC_Chg,64399.3,3840,1.7994,0.03999,0.0423741,0.0671057,2026-07-16 22:14:06.270
1102,9,3,19,CC_Chg,64406.1,3846.83,1.80001,0.03968,0.0424498,0.067242,2026-07-16 22:14:13.100
1103,10,2,20,CC_DChg,64406.2,0,1.76684,-0.03968,0,0,2026-07-16 22:14:13.170
1104,10,2,20,CC_DChg,64466.2,60,1.69849,-0.03999,0.000662975,0.00114476,2026-07-16 22:15:13.170
1105,10,2,20,CC_DChg,64526.2,120,1.65695,-0.03968,0.00132533,0.00225548,2026-07-16 22:16:13.170
1106,10,2,20,CC_DChg,64586.2,180,1.62238,-0.03968,0.00198739,0.00334073,2026-07-16 22:17:13.170
1107,10,2,20,CC_DChg,64646.2,240,1.59387,-0.03999,0.00264949,0.00440527,2026-07-16 22:18:13.170
1108,10,2,20,CC_DChg,64706.2,300,1.56968,-0.03968,0.00331167,0.00545247,2026-07-16 22:19:13.170
1109,10,2,20,CC_DChg,64766.2,360,1.54907,-0.03968,0.00397351,0.00648432,2026-07-16 22:20:13.170
1110,10,2,20,CC_DChg,64826.2,420,1.53109,-0.03968,0.00463565,0.00750397,2026-07-16 22:21:13.170
1111,10,2,20,CC_DChg,64886.2,480,1.51513,-0.03968,0.00529779,0.00851249,2026-07-16 22:22:13.170
1112,10,2,20,CC_DChg,64946.2,540,1.50117,-0.03968,0.00595955,0.00951058,2026-07-16 22:23:13.170
1113,10,2,20,CC_DChg,65006.2,600,1.48862,-0.03968,0.00662169,0.0105004,2026-07-16 22:24:13.170
1114,10,2,20,CC_DChg,65066.2,660,1.47637,-0.03968,0.00728406,0.0114824,2026-07-16 22:25:13.170
1115,10,2,20,CC_DChg,65126.2,720,1.46552,-0.03968,0.00794651,0.0124569,2026-07-16 22:26:13.170
1116,10,2,20,CC_DChg,65186.2,780,1.45498,-0.03968,0.00860865,0.0134238,2026-07-16 22:27:13.170
1117,10,2,20,CC_DChg,65246.2,840,1.44522,-0.03968,0.00927056,0.0143837,2026-07-16 22:28:13.170
1118,10,2,20,CC_DChg,65306.2,900,1.43639,-0.03968,0.00993262,0.0153375,2026-07-16 22:29:13.170
1119,10,2,20,CC_DChg,65366.2,960,1.42848,-0.03968,0.0105947,0.0162858,2026-07-16 22:30:13.170
1120,10,2,20,CC_DChg,65426.2,1020,1.42213,-0.03968,0.0112568,0.0172295,2026-07-16 22:31:13.170
1121,10,2,20,CC_DChg,65486.2,1080,1.41685,-0.03968,0.0119189,0.0181694,2026-07-16 22:32:13.170
1122,10,2,20,CC_DChg,65546.2,1140,1.41174,-0.03968,0.0125809,0.0191057,2026-07-16 22:33:13.170
1123,10,2,20,CC_DChg,65606.2,1200,1.40678,-0.03968,0.0132428,0.0200385,2026-07-16 22:34:13.170
1124,10,2,20,CC_DChg,65666.2,1260,1.40229,-0.03968,0.0139046,0.0209682,2026-07-16 22:35:13.170
1125,10,2,20,CC_DChg,65726.2,1320,1.39779,-0.03968,0.0145669,0.0218956,2026-07-16 22:36:13.170
1126,10,2,20,CC_DChg,65786.2,1380,1.39345,-0.03968,0.0152288,0.0228194,2026-07-16 22:37:13.170
1127,10,2,20,CC_DChg,65846.2,1440,1.38911,-0.03968,0.0158909,0.0237406,2026-07-16 22:38:13.170
1128,10,2,20,CC_DChg,65906.2,1500,1.38415,-0.03968,0.016553,0.0246587,2026-07-16 22:39:13.170
1129,10,2,20,CC_DChg,65966.2,1560,1.37904,-0.03968,0.0172152,0.0255737,2026-07-16 22:40:13.170
1130,10,2,20,CC_DChg,66026.2,1620,1.37315,-0.03968,0.0178772,0.0264847,2026-07-16 22:41:13.170
1131,10,2,20,CC_DChg,66086.2,1680,1.36648,-0.03968,0.0185392,0.0273917,2026-07-16 22:42:13.170
1132,10,2,20,CC_DChg,66146.2,1740,1.35842,-0.03968,0.0192013,0.0282939,2026-07-16 22:43:13.170
1133,10,2,20,CC_DChg,66206.2,1800,1.34943,-0.03968,0.0198636,0.0291908,2026-07-16 22:44:13.170
1134,10,2,20,CC_DChg,66266.2,1860,1.33842,-0.03968,0.0205257,0.0300808,2026-07-16 22:45:13.170
1135,10,2,20,CC_DChg,66326.2,1920,1.32587,-0.03968,0.0211881,0.0309633,2026-07-16 22:46:13.170
1136,10,2,20,CC_DChg,66386.2,1980,1.31099,-0.03968,0.0218501,0.0318363,2026-07-16 22:47:13.170
1137,10,2,20,CC_DChg,66446.2,2040,1.29425,-0.03968,0.022512,0.0326987,2026-07-16 22:48:13.170
1138,10,2,20,CC_DChg,66506.2,2100,1.27859,-0.03968,0.0231742,0.0335502,2026-07-16 22:49:13.170
1139,10,2,20,CC_DChg,66566.2,2160,1.27487,-0.03968,0.0238364,0.034395,2026-07-16 22:50:13.170
1140,10,2,20,CC_DChg,66626.2,2220,1.27844,-0.03968,0.0244983,0.0352401,2026-07-16 22:51:13.170
1141,10,2,20,CC_DChg,66686.2,2280,1.28076,-0.03999,0.0251604,0.0360875,2026-07-16 22:52:13.170
1142,10,2,20,CC_DChg,66746.2,2340,1.27953,-0.03999,0.0258227,0.0369357,2026-07-16 22:53:13.170
1143,10,2,20,CC_DChg,66806.2,2400,1.27534,-0.03968,0.026485,0.0377819,2026-07-16 22:54:13.170
1144,10,2,20,CC_DChg,66866.2,2460,1.2679,-0.03968,0.0271473,0.0386245,2026-07-16 22:55:13.170
1145,10,2,20,CC_DChg,66926.2,2520,1.25751,-0.03968,0.0278091,0.0394603,2026-07-16 22:56:13.170
1146,10,2,20,CC_DChg,66986.2,2580,1.24341,-0.03968,0.028471,0.0402882,2026-07-16 22:57:13.170
1147,10,2,20,CC_DChg,67046.2,2640,1.22574,-0.03968,0.0291328,0.0411055,2026-07-16 22:58:13.170
1148,10,2,20,CC_DChg,67106.2,2700,1.20264,-0.03968,0.0297949,0.0419097,2026-07-16 22:59:13.170
1149,10,2,20,CC_DChg,67166.2,2760,1.17583,-0.03968,0.0304571,0.0426974,2026-07-16 23:00:13.170
1150,10,2,20,CC_DChg,67226.2,2820,1.14545,-0.03968,0.0311191,0.0434658,2026-07-16 23:01:13.170
1151,10,2,20,CC_DChg,67286.2,2880,1.11538,-0.03968,0.0317811,0.0442142,2026-07-16 23:02:13.170
1152,10,2,20,CC_DChg,67346.2,2940,1.085,-0.03968,0.0324432,0.0449427,2026-07-16 23:03:13.170
1153,10,2,20,CC_DChg,67406.2,3000,1.05524,-0.03968,0.0331051,0.0456512,2026-07-16 23:04:13.170
1154,10,2,20,CC_DChg,67466.2,3060,1.02548,-0.03968,0.0337671,0.0463398,2026-07-16 23:05:13.170
1155,10,2,20,CC_DChg,67526.2,3120,0.996805,-0.03999,0.0344293,0.0470093,2026-07-16 23:06:13.170
1156,10,2,20,CC_DChg,67586.2,3180,0.968595,-0.03968,0.0350914,0.0476598,2026-07-16 23:07:13.170
1157,10,2,20,CC_DChg,67646.2,3240,0.94209,-0.03968,0.0357538,0.0482925,2026-07-16 23:08:13.170
1158,10,2,20,CC_DChg,67706.2,3300,0.917135,-0.03968,0.0364162,0.0489081,2026-07-16 23:09:13.170
1159,10,2,20,CC_DChg,67766.2,3360,0.893265,-0.03968,0.0370785,0.0495074,2026-07-16 23:10:13.170
1160,10,2,20,CC_DChg,67826.2,3420,0.87079,-0.03999,0.0377409,0.0500917,2026-07-16 23:11:13.170
1161,10,2,20,CC_DChg,67886.2,3480,0.850175,-0.03968,0.0384032,0.0506616,2026-07-16 23:12:13.170
1162,10,2,20,CC_DChg,67946.2,3540,0.83049,-0.03968,0.0390652,0.0512179,2026-07-16 23:13:13.170
1163,10,2,20,CC_DChg,68006.2,3600,0.81158,-0.03968,0.0397274,0.0517617,2026-07-16 23:14:13.170
1164,10,2,20,CC_DChg,68043.7,3637.57,0.799645,-0.03968,0.0401425,0.0520961,2026-07-16 23:14:50.740
1165,10,3,21,CC_Chg,68043.8,0,0.835295,0.03968,0,0,2026-07-16 23:14:50.810
1166,10,3,21,CC_Chg,68103.8,60,1.03679,0.03968,0.000662955,0.000627918,2026-07-16 23:15:50.810
1167,10,3,21,CC_Chg,68163.8,120,1.18637,0.03968,0.00132487,0.00136411,2026-07-16 23:16:50.810
1168,10,3,21,CC_Chg,68223.8,180,1.37315,0.03968,0.00198661,0.00220684,2026-07-16 23:17:50.810
1169,10,3,21,CC_Chg,68283.8,240,1.54845,0.03968,0.00264831,0.00317866,2026-07-16 23:18:50.810
1170,10,3,21,CC_Chg,68343.8,300,1.52815,0.03968,0.00331037,0.00419505,2026-07-16 23:19:50.810
1171,10,3,21,CC_Chg,68403.8,360,1.52659,0.03968,0.00397236,0.00520595,2026-07-16 23:20:50.810
1172,10,3,21,CC_Chg,68463.8,420,1.52644,0.03968,0.00463442,0.00621657,2026-07-16 23:21:50.810
1173,10,3,21,CC_Chg,68523.8,480,1.52644,0.03968,0.00529639,0.00722712,2026-07-16 23:22:50.810
1174,10,3,21,CC_Chg,68583.8,540,1.52675,0.03968,0.00595828,0.00823767,2026-07-16 23:23:50.810
1175,10,3,21,CC_Chg,68643.8,600,1.52706,0.03968,0.00662008,0.00924822,2026-07-16 23:24:50.810
1176,10,3,21,CC_Chg,68703.8,660,1.52753,0.03968,0.00728206,0.0102593,2026-07-16 23:25:50.810
1177,10,3,21,CC_Chg,68763.8,720,1.52768,0.03968,0.00794427,0.011271,2026-07-16 23:26:50.810
1178,10,3,21,CC_Chg,68823.8,780,1.52815,0.03968,0.00860632,0.0122826,2026-07-16 23:27:50.810
1179,10,3,21,CC_Chg,68883.8,840,1.52861,0.03968,0.0092685,0.0132947,2026-07-16 23:28:50.810
1180,10,3,21,CC_Chg,68943.8,900,1.52907,0.03999,0.00993014,0.0143062,2026-07-16 23:29:50.810
1181,10,3,21,CC_Chg,69003.8,960,1.5297,0.03968,0.0105919,0.0153184,2026-07-16 23:30:50.810
1182,10,3,21,CC_Chg,69063.8,1020,1.53047,0.03968,0.0112541,0.0163315,2026-07-16 23:31:50.810
1183,10,3,21,CC_Chg,69123.8,1080,1.5314,0.03968,0.0119158,0.0173445,2026-07-16 23:32:50.810
1184,10,3,21,CC_Chg,69183.8,1140,1.53249,0.03999,0.0125777,0.0183586,2026-07-16 23:33:50.810
1185,10,3,21,CC_Chg,69243.8,1200,1.53435,0.03999,0.0132396,0.0193737,2026-07-16 23:34:50.810
1186,10,3,21,CC_Chg,69303.8,1260,1.53652,0.03999,0.0139018,0.0203904,2026-07-16 23:35:50.810
1187,10,3,21,CC_Chg,69363.8,1320,1.53961,0.03968,0.0145641,0.0214092,2026-07-16 23:36:50.810
1188,10,3,21,CC_Chg,69423.8,1380,1.54349,0.03968,0.0152262,0.0224299,2026-07-16 23:37:50.810
1189,10,3,21,CC_Chg,69483.8,1440,1.54814,0.03968,0.0158881,0.0234531,2026-07-16 23:38:50.810
1190,10,3,21,CC_Chg,69543.8,1500,1.55341,0.03968,0.0165503,0.02448,2026-07-16 23:39:50.810
1191,10,3,21,CC_Chg,69603.8,1560,1.55852,0.03968,0.0172122,0.02551,2026-07-16 23:40:50.810
1192,10,3,21,CC_Chg,69663.8,1620,1.56317,0.03968,0.0178743,0.0265435,2026-07-16 23:41:50.810
1193,10,3,21,CC_Chg,69723.8,1680,1.56674,0.03968,0.0185363,0.0275797,2026-07-16 23:42:50.810
1194,10,3,21,CC_Chg,69783.8,1740,1.56968,0.03968,0.019198,0.0286176,2026-07-16 23:43:50.810
1195,10,3,21,CC_Chg,69843.8,1800,1.57232,0.03968,0.0198602,0.0296579,2026-07-16 23:44:50.810
1196,10,3,21,CC_Chg,69903.8,1860,1.57449,0.03968,0.0205221,0.0306995,2026-07-16 23:45:50.810
1197,10,3,21,CC_Chg,69963.8,1920,1.57635,0.03968,0.021184,0.0317423,2026-07-16 23:46:50.810
1198,10,3,21,CC_Chg,70023.8,1980,1.57852,0.03968,0.0218462,0.0327869,2026-07-16 23:47:50.810
1199,10,3,21,CC_Chg,70083.8,2040,1.58022,0.03999,0.0225083,0.0338327,2026-07-16 23:48:50.810
1200,10,3,21,CC_Chg,70143.8,2100,1.58255,0.03968,0.0231706,0.0348803,2026-07-16 23:49:50.810
1201,10,3,21,CC_Chg,70203.8,2160,1.58457,0.03968,0.0238326,0.0359286,2026-07-16 23:50:50.810
1202,10,3,21,CC_Chg,70263.8,2220,1.58689,0.03968,0.0244947,0.0369786,2026-07-16 23:51:50.810
1203,10,3,21,CC_Chg,70323.8,2280,1.58953,0.03968,0.0251569,0.0380305,2026-07-16 23:52:50.810
1204,10,3,21,CC_Chg,70383.8,2340,1.59231,0.03999,0.0258186,0.0390833,2026-07-16 23:53:50.810
1205,10,3,21,CC_Chg,70443.8,2400,1.59557,0.03968,0.0264805,0.0401383,2026-07-16 23:54:50.810
1206,10,3,21,CC_Chg,70503.8,2460,1.59913,0.03968,0.0271426,0.0411958,2026-07-16 23:55:50.810
1207,10,3,21,CC_Chg,70563.8,2520,1.60332,0.03968,0.0278045,0.0422555,2026-07-16 23:56:50.810
1208,10,3,21,CC_Chg,70623.8,2580,1.60859,0.03999,0.0284664,0.0433186,2026-07-16 23:57:50.810
1209,10,3,21,CC_Chg,70683.8,2640,1.61634,0.03968,0.0291286,0.0443863,2026-07-16 23:58:50.810
1210,10,3,21,CC_Chg,70743.8,2700,1.62626,0.03999,0.0297906,0.0454598,2026-07-16 23:59:50.810
1211,10,3,21,CC_Chg,70803.8,2760,1.63664,0.03999,0.0304527,0.04654,2026-07-17 00:00:50.810
1212,10,3,21,CC_Chg,70863.8,2820,1.64688,0.03968,0.031115,0.0476274,2026-07-17 00:01:50.810
1213,10,3,21,CC_Chg,70923.8,2880,1.65586,0.03968,0.0317772,0.0487211,2026-07-17 00:02:50.810
1214,10,3,21,CC_Chg,70983.8,2940,1.66532,0.03968,0.0324395,0.0498209,2026-07-17 00:03:50.810
1215,10,3,21,CC_Chg,71043.8,3000,1.67431,0.03968,0.0331015,0.0509264,2026-07-17 00:04:50.810
1216,10,3,21,CC_Chg,71103.8,3060,1.6833,0.03968,0.0337636,0.0520379,2026-07-17 00:05:50.810
1217,10,3,21,CC_Chg,71163.8,3120,1.6926,0.03968,0.0344256,0.0531555,2026-07-17 00:06:50.810
1218,10,3,21,CC_Chg,71223.8,3180,1.70206,0.03968,0.0350878,0.0542796,2026-07-17 00:07:50.810
1219,10,3,21,CC_Chg,71283.8,3240,1.71182,0.03968,0.0357499,0.0554098,2026-07-17 00:08:50.810
1220,10,3,21,CC_Chg,71343.8,3300,1.72158,0.03968,0.0364118,0.0565462,2026-07-17 00:09:50.810
1221,10,3,21,CC_Chg,71403.8,3360,1.7312,0.03968,0.0370735,0.0576887,2026-07-17 00:10:50.810
1222,10,3,21,CC_Chg,71463.8,3420,1.7408,0.03999,0.0377351,0.0588374,2026-07-17 00:11:50.810
1223,10,3,21,CC_Chg,71523.8,3480,1.75011,0.03968,0.0383967,0.0599924,2026-07-17 00:12:50.810
1224,10,3,21,CC_Chg,71583.8,3540,1.75894,0.03968,0.0390585,0.0611536,2026-07-17 00:13:50.810
1225,10,3,21,CC_Chg,71643.8,3600,1.76762,0.03968,0.0397202,0.0623206,2026-07-17 00:14:50.810
1226,10,3,21,CC_Chg,71703.8,3660,1.77553,0.03968,0.0403822,0.0634933,2026-07-17 00:15:50.810
1227,10,3,21,CC_Chg,71763.8,3720,1.78312,0.03968,0.041044,0.0646711,2026-07-17 00:16:50.810
1228,10,3,21,CC_Chg,71823.8,3780,1.79025,0.03968,0.041706,0.0658539,2026-07-17 00:17:50.810
1229,10,3,21,CC_Chg,71883.8,3840,1.79661,0.03968,0.0423677,0.0670407,2026-07-17 00:18:50.810
1230,10,3,21,CC_Chg,71917.7,3873.88,1.80001,0.03999,0.0427417,0.0677133,2026-07-17 00:19:24.690
1231,11,2,22,CC_DChg,71917.8,0,1.76716,-0.03968,0,0,2026-07-17 00:19:24.760
1232,11,2,22,CC_DChg,71977.8,60,1.69989,-0.03999,0.000662706,0.00114484,2026-07-17 00:20:24.760
1233,11,2,22,CC_DChg,72037.8,120,1.6585,-0.03968,0.00132439,0.00225553,2026-07-17 00:21:24.760
1234,11,2,22,CC_DChg,72097.8,180,1.62471,-0.03968,0.0019861,0.00334161,2026-07-17 00:22:24.760
1235,11,2,22,CC_DChg,72157.8,240,1.5965,-0.03999,0.00264785,0.00440721,2026-07-17 00:23:24.760
1236,11,2,22,CC_DChg,72217.8,300,1.57232,-0.03968,0.00330981,0.00545577,2026-07-17 00:24:24.760
1237,11,2,22,CC_DChg,72277.8,360,1.5517,-0.03968,0.00397173,0.00648957,2026-07-17 00:25:24.760
1238,11,2,22,CC_DChg,72337.8,420,1.53373,-0.03968,0.00463351,0.00751055,2026-07-17 00:26:24.760
1239,11,2,22,CC_DChg,72397.8,480,1.51822,-0.03968,0.00529509,0.00852011,2026-07-17 00:27:24.760
1240,11,2,22,CC_DChg,72457.8,540,1.50412,-0.03968,0.00595685,0.00952012,2026-07-17 00:28:24.760
1241,11,2,22,CC_DChg,72517.8,600,1.49157,-0.03968,0.00661897,0.0105119,2026-07-17 00:29:24.760
1242,11,2,22,CC_DChg,72577.8,660,1.47963,-0.03968,0.00728075,0.0114951,2026-07-17 00:30:24.760
1243,11,2,22,CC_DChg,72637.8,720,1.46878,-0.03968,0.00794281,0.0124712,2026-07-17 00:31:24.760
1244,11,2,22,CC_DChg,72697.8,780,1.45824,-0.03968,0.00860467,0.0134399,2026-07-17 00:32:24.760
1245,11,2,22,CC_DChg,72757.8,840,1.44863,-0.03968,0.00926652,0.0144019,2026-07-17 00:33:24.760
1246,11,2,22,CC_DChg,72817.8,900,1.43964,-0.03968,0.00992831,0.0153576,2026-07-17 00:34:24.760
1247,11,2,22,CC_DChg,72877.8,960,1.43111,-0.03968,0.0105903,0.0163077,2026-07-17 00:35:24.760
1248,11,2,22,CC_DChg,72937.8,1020,1.42445,-0.03968,0.0112518,0.0172522,2026-07-17 00:36:24.760
1249,11,2,22,CC_DChg,72997.8,1080,1.41871,-0.03968,0.0119135,0.0181929,2026-07-17 00:37:24.760
1250,11,2,22,CC_DChg,73057.8,1140,1.4136,-0.03968,0.0125755,0.0191303,2026-07-17 00:38:24.760
1251,11,2,22,CC_DChg,73117.8,1200,1.40833,-0.03968,0.0132374,0.0200644,2026-07-17 00:39:24.760
1252,11,2,22,CC_DChg,73177.8,1260,1.40383,-0.03968,0.0138991,0.0209949,2026-07-17 00:40:24.760
1253,11,2,22,CC_DChg,73237.8,1320,1.39934,-0.03968,0.0145614,0.0219232,2026-07-17 00:41:24.760
1254,11,2,22,CC_DChg,73297.8,1380,1.39469,-0.03968,0.0152233,0.022848,2026-07-17 00:42:24.760
1255,11,2,22,CC_DChg,73357.8,1440,1.39004,-0.03999,0.0158851,0.0237696,2026-07-17 00:43:24.760
1256,11,2,22,CC_DChg,73417.8,1500,1.38555,-0.03968,0.0165474,0.0246887,2026-07-17 00:44:24.760
1257,11,2,22,CC_DChg,73477.8,1560,1.37997,-0.03968,0.0172094,0.0256042,2026-07-17 00:45:24.760
1258,11,2,22,CC_DChg,73537.8,1620,1.3747,-0.03968,0.0178715,0.0265162,2026-07-17 00:46:24.760
1259,11,2,22,CC_DChg,73597.8,1680,1.36818,-0.03968,0.0185336,0.0274243,2026-07-17 00:47:24.760
1260,11,2,22,CC_DChg,73657.8,1740,1.36059,-0.03968,0.0191957,0.0283278,2026-07-17 00:48:24.760
1261,11,2,22,CC_DChg,73717.8,1800,1.35207,-0.03968,0.019858,0.0292263,2026-07-17 00:49:24.760
1262,11,2,22,CC_DChg,73777.8,1860,1.34183,-0.03999,0.02052,0.0301182,2026-07-17 00:50:24.760
1263,11,2,22,CC_DChg,73837.8,1920,1.32943,-0.03968,0.021182,0.0310025,2026-07-17 00:51:24.760
1264,11,2,22,CC_DChg,73897.8,1980,1.31533,-0.03968,0.0218437,0.0318777,2026-07-17 00:52:24.760
1265,11,2,22,CC_DChg,73957.8,2040,1.29937,-0.03968,0.0225058,0.0327435,2026-07-17 00:53:24.760
1266,11,2,22,CC_DChg,74017.8,2100,1.28293,-0.03968,0.0231677,0.033598,2026-07-17 00:54:24.760
1267,11,2,22,CC_DChg,74077.8,2160,1.27565,-0.03968,0.0238296,0.0344439,2026-07-17 00:55:24.760
1268,11,2,22,CC_DChg,74137.8,2220,1.27844,-0.03968,0.0244916,0.0352892,2026-07-17 00:56:24.760
1269,11,2,22,CC_DChg,74197.8,2280,1.28092,-0.03968,0.0251535,0.0361363,2026-07-17 00:57:24.760
1270,11,2,22,CC_DChg,74257.8,2340,1.28045,-0.03968,0.0258156,0.0369845,2026-07-17 00:58:24.760
1271,11,2,22,CC_DChg,74317.8,2400,1.27658,-0.03968,0.0264772,0.0378306,2026-07-17 00:59:24.760
1272,11,2,22,CC_DChg,74377.8,2460,1.26976,-0.03999,0.0271389,0.0386734,2026-07-17 01:00:24.760
1273,11,2,22,CC_DChg,74437.8,2520,1.26031,-0.03999,0.0278011,0.0395113,2026-07-17 01:01:24.760
1274,11,2,22,CC_DChg,74497.8,2580,1.2476,-0.03968,0.028463,0.0403415,2026-07-17 01:02:24.760
1275,11,2,22,CC_DChg,74557.8,2640,1.23086,-0.03968,0.0291253,0.0411624,2026-07-17 01:03:24.760
1276,11,2,22,CC_DChg,74617.8,2700,1.20962,-0.03968,0.0297873,0.0419705,2026-07-17 01:04:24.760
1277,11,2,22,CC_DChg,74677.8,2760,1.18389,-0.03968,0.0304489,0.0427626,2026-07-17 01:05:24.760
1278,11,2,22,CC_DChg,74737.8,2820,1.15475,-0.03968,0.0311112,0.0435371,2026-07-17 01:06:24.760
1279,11,2,22,CC_DChg,74797.8,2880,1.1253,-0.03968,0.0317734,0.044292,2026-07-17 01:07:24.760
1280,11,2,22,CC_DChg,74857.8,2940,1.0957,-0.03968,0.0324355,0.0450272,2026-07-17 01:08:24.760
1281,11,2,22,CC_DChg,74917.8,3000,1.06594,-0.03968,0.0330975,0.0457425,2026-07-17 01:09:24.760
1282,11,2,22,CC_DChg,74977.8,3060,1.03618,-0.03968,0.0337597,0.0464386,2026-07-17 01:10:24.760
1283,11,2,22,CC_DChg,75037.8,3120,1.00719,-0.03968,0.0344219,0.0471153,2026-07-17 01:11:24.760
1284,11,2,22,CC_DChg,75097.8,3180,0.979135,-0.03968,0.0350839,0.0477727,2026-07-17 01:12:24.760
1285,11,2,22,CC_DChg,75157.8,3240,0.952475,-0.03968,0.035746,0.0484121,2026-07-17 01:13:24.760
1286,11,2,22,CC_DChg,75217.8,3300,0.926435,-0.03968,0.0364079,0.0490339,2026-07-17 01:14:24.760
1287,11,2,22,CC_DChg,75277.8,3360,0.90241,-0.03968,0.0370698,0.0496392,2026-07-17 01:15:24.760
1288,11,2,22,CC_DChg,75337.8,3420,0.87947,-0.03968,0.0377316,0.0502288,2026-07-17 01:16:24.760
1289,11,2,22,CC_DChg,75397.8,3480,0.8587,-0.03968,0.038394,0.0508044,2026-07-17 01:17:24.760
1290,11,2,22,CC_DChg,75457.8,3540,0.83886,-0.03968,0.0390558,0.0513662,2026-07-17 01:18:24.760
1291,11,2,22,CC_DChg,75517.8,3600,0.81995,-0.03968,0.0397174,0.051915,2026-07-17 01:19:24.760
1292,11,2,22,CC_DChg,75577.8,3660,0.80135,-0.03968,0.0403793,0.0524518,2026-07-17 01:20:24.760
1293,11,2,22,CC_DChg,75584,3666.2,0.7998,-0.03968,0.0404481,0.0525068,2026-07-17 01:20:30.960
1294,11,3,23,CC_Chg,75584,0,0.83452,0.03968,0,0,2026-07-17 01:20:31.040
1295,11,3,23,CC_Chg,75644,60,1.03649,0.03968,0.000663181,0.000627778,2026-07-17 01:21:31.040
1296,11,3,23,CC_Chg,75704,120,1.18436,0.03968,0.00132592,0.0013643,2026-07-17 01:22:31.040
1297,11,3,23,CC_Chg,75764,180,1.37221,0.03968,0.00198895,0.00220764,2026-07-17 01:23:31.040
1298,11,3,23,CC_Chg,75824,240,1.54907,0.03968,0.00265257,0.00318202,2026-07-17 01:24:31.040
1299,11,3,23,CC_Chg,75884,300,1.52799,0.03999,0.00331646,0.00420132,2026-07-17 01:25:31.040
1300,11,3,23,CC_Chg,75944,360,1.5269,0.03999,0.00398118,0.00521661,2026-07-17 01:26:31.040
1301,11,3,23,CC_Chg,76004,420,1.52706,0.03968,0.00464572,0.00623134,2026-07-17 01:27:31.040
1302,11,3,23,CC_Chg,76064,480,1.52706,0.03999,0.00531009,0.00724598,2026-07-17 01:28:31.040
1303,11,3,23,CC_Chg,76124,540,1.52753,0.03999,0.00597482,0.00826131,2026-07-17 01:29:31.040
1304,11,3,23,CC_Chg,76184,600,1.52768,0.03999,0.00663951,0.00927678,2026-07-17 01:30:31.040
1305,11,3,23,CC_Chg,76244,660,1.52799,0.03999,0.00730414,0.0102923,2026-07-17 01:31:31.040
1306,11,3,23,CC_Chg,76304,720,1.52845,0.03968,0.00796854,0.0113077,2026-07-17 01:32:31.040
1307,11,3,23,CC_Chg,76364,780,1.52876,0.03999,0.00863341,0.0123241,2026-07-17 01:33:31.040
1308,11,3,23,CC_Chg,76424,840,1.52938,0.03968,0.00929785,0.01334,2026-07-17 01:34:31.040
1309,11,3,23,CC_Chg,76484,900,1.5297,0.03999,0.00996243,0.0143566,2026-07-17 01:35:31.040
1310,11,3,23,CC_Chg,76544,960,1.53016,0.03999,0.0106268,0.0153731,2026-07-17 01:36:31.040
1311,11,3,23,CC_Chg,76604,1020,1.53124,0.03968,0.0112915,0.0163905,2026-07-17 01:37:31.040
1312,11,3,23,CC_Chg,76664,1080,1.53187,0.03999,0.0119559,0.0174081,2026-07-17 01:38:31.040
1313,11,3,23,CC_Chg,76724,1140,1.53326,0.03968,0.0126205,0.0184268,2026-07-17 01:39:31.040
1314,11,3,23,CC_Chg,76784,1200,1.53481,0.03999,0.013285,0.0194462,2026-07-17 01:40:31.040
1315,11,3,23,CC_Chg,76844,1260,1.53713,0.03999,0.0139498,0.0204673,2026-07-17 01:41:31.040
1316,11,3,23,CC_Chg,76904,1320,1.53992,0.03999,0.0146143,0.0214897,2026-07-17 01:42:31.040
1317,11,3,23,CC_Chg,76964,1380,1.54349,0.03999,0.0152789,0.0225144,2026-07-17 01:43:31.040
1318,11,3,23,CC_Chg,77024,1440,1.54798,0.03999,0.0159436,0.0235418,2026-07-17 01:44:31.040
1319,11,3,23,CC_Chg,77084,1500,1.55326,0.03968,0.0166084,0.0245728,2026-07-17 01:45:31.040
1320,11,3,23,CC_Chg,77144,1560,1.55852,0.03968,0.0172738,0.0256081,2026-07-17 01:46:31.040
1321,11,3,23,CC_Chg,77204,1620,1.56317,0.03968,0.0179384,0.0266454,2026-07-17 01:47:31.040
1322,11,3,23,CC_Chg,77264,1680,1.56705,0.03999,0.0186033,0.0276862,2026-07-17 01:48:31.040
1323,11,3,23,CC_Chg,77324,1740,1.57,0.03999,0.0192684,0.0287294,2026-07-17 01:49:31.040
1324,11,3,23,CC_Chg,77384,1800,1.57248,0.03999,0.019933,0.0297739,2026-07-17 01:50:31.040
1325,11,3,23,CC_Chg,77444,1860,1.5748,0.03999,0.0205977,0.0308201,2026-07-17 01:51:31.040
1326,11,3,23,CC_Chg,77504,1920,1.57682,0.03999,0.0212624,0.0318677,2026-07-17 01:52:31.040
1327,11,3,23,CC_Chg,77564,1980,1.57868,0.03999,0.0219271,0.0329166,2026-07-17 01:53:31.040
1328,11,3,23,CC_Chg,77624,2040,1.58085,0.03999,0.0225918,0.0339667,2026-07-17 01:54:31.040
1329,11,3,23,CC_Chg,77684,2100,1.58286,0.03968,0.0232563,0.0350179,2026-07-17 01:55:31.040
1330,11,3,23,CC_Chg,77744,2160,1.58488,0.03968,0.0239208,0.0360705,2026-07-17 01:56:31.040
1331,11,3,23,CC_Chg,77804,2220,1.58751,0.03968,0.0245853,0.0371245,2026-07-17 01:57:31.040
1332,11,3,23,CC_Chg,77864,2280,1.58984,0.03968,0.0252497,0.03818,2026-07-17 01:58:31.040
1333,11,3,23,CC_Chg,77924,2340,1.59247,0.03999,0.0259142,0.0392374,2026-07-17 01:59:31.040
1334,11,3,23,CC_Chg,77984,2400,1.59557,0.03968,0.026579,0.0402971,2026-07-17 02:00:31.040
1335,11,3,23,CC_Chg,78044,2460,1.59913,0.03968,0.0272437,0.0413589,2026-07-17 02:01:31.040
1336,11,3,23,CC_Chg,78104,2520,1.60301,0.03999,0.0279078,0.0424222,2026-07-17 02:02:31.040
1337,11,3,23,CC_Chg,78164,2580,1.60859,0.03968,0.0285725,0.0434897,2026-07-17 02:03:31.040
1338,11,3,23,CC_Chg,78224,2640,1.61556,0.03968,0.0292372,0.0445611,2026-07-17 02:04:31.040
1339,11,3,23,CC_Chg,78284,2700,1.62518,0.03999,0.0299018,0.045638,2026-07-17 02:05:31.040
1340,11,3,23,CC_Chg,78344,2760,1.63525,0.03968,0.0305663,0.0467213,2026-07-17 02:06:31.040
1341,11,3,23,CC_Chg,78404,2820,1.64501,0.03968,0.0312309,0.0478115,2026-07-17 02:07:31.040
1342,11,3,23,CC_Chg,78464,2880,1.65416,0.03999,0.0318957,0.0489082,2026-07-17 02:08:31.040
1343,11,3,23,CC_Chg,78524,2940,1.66315,0.03999,0.0325607,0.0500113,2026-07-17 02:09:31.040
1344,11,3,23,CC_Chg,78584,3000,1.6723,0.03999,0.0332253,0.0511198,2026-07-17 02:10:31.040
1345,11,3,23,CC_Chg,78644,3060,1.68113,0.03968,0.0338902,0.0522347,2026-07-17 02:11:31.040
1346,11,3,23,CC_Chg,78704,3120,1.69012,0.03999,0.034555,0.0533554,2026-07-17 02:12:31.040
1347,11,3,23,CC_Chg,78764,3180,1.69958,0.03999,0.0352198,0.0544823,2026-07-17 02:13:31.040
1348,11,3,23,CC_Chg,78824,3240,1.70887,0.03968,0.0358845,0.055615,2026-07-17 02:14:31.040
1349,11,3,23,CC_Chg,78884,3300,1.71864,0.03968,0.0365491,0.056754,2026-07-17 02:15:31.040
1350,11,3,23,CC_Chg,78944,3360,1.72825,0.03999,0.0372137,0.0578994,2026-07-17 02:16:31.040
1351,11,3,23,CC_Chg,79004,3420,1.73817,0.03999,0.0378787,0.059052,2026-07-17 02:17:31.040
1352,11,3,23,CC_Chg,79064,3480,1.74762,0.03999,0.0385435,0.0602109,2026-07-17 02:18:31.040
1353,11,3,23,CC_Chg,79124,3540,1.75677,0.03999,0.0392082,0.0613758,2026-07-17 02:19:31.040
1354,11,3,23,CC_Chg,79184,3600,1.76545,0.03968,0.039873,0.0625467,2026-07-17 02:20:31.040
1355,11,3,23,CC_Chg,79244,3660,1.77413,0.03968,0.0405373,0.0637225,2026-07-17 02:21:31.040
1356,11,3,23,CC_Chg,79304,3720,1.78157,0.03968,0.0412019,0.064904,2026-07-17 02:22:31.040
1357,11,3,23,CC_Chg,79364,3780,1.78839,0.03999,0.0418663,0.06609,2026-07-17 02:23:31.040
1358,11,3,23,CC_Chg,79424,3840,1.79537,0.03968,0.0425311,0.0672813,2026-07-17 02:24:31.040
1359,11,3,23,CC_Chg,79470.7,3886.62,1.80001,0.03999,0.043048,0.0682107,2026-07-17 02:25:17.660
1360,12,2,24,CC_DChg,79470.7,0,1.76716,-0.03999,0,0,2026-07-17 02:25:17.730
1361,12,2,24,CC_DChg,79530.7,60,1.69989,-0.03999,0.000664899,0.00114859,2026-07-17 02:26:17.730
1362,12,2,24,CC_DChg,79590.7,120,1.65928,-0.03999,0.0013295,0.00226436,2026-07-17 02:27:17.730
1363,12,2,24,CC_DChg,79650.7,180,1.6258,-0.03968,0.00199404,0.00335551,2026-07-17 02:28:17.730
1364,12,2,24,CC_DChg,79710.7,240,1.59743,-0.03999,0.00265855,0.00442606,2026-07-17 02:29:17.730
1365,12,2,24,CC_DChg,79770.7,300,1.57294,-0.03999,0.00332271,0.00547867,2026-07-17 02:30:17.730
1366,12,2,24,CC_DChg,79830.7,360,1.55248,-0.03968,0.00398748,0.00651747,2026-07-17 02:31:17.730
1367,12,2,24,CC_DChg,79890.7,420,1.53481,-0.03999,0.00465137,0.00754228,2026-07-17 02:32:17.730
1368,12,2,24,CC_DChg,79950.7,480,1.51931,-0.03968,0.00531559,0.00855651,2026-07-17 02:33:17.730
1369,12,2,24,CC_DChg,80010.7,540,1.50551,-0.03968,0.00597969,0.00956081,2026-07-17 02:34:17.730
1370,12,2,24,CC_DChg,80070.7,600,1.4928,-0.03999,0.00664374,0.0105563,2026-07-17 02:35:17.730
1371,12,2,24,CC_DChg,80130.7,660,1.48087,-0.03968,0.00730817,0.0115443,2026-07-17 02:36:17.730
1372,12,2,24,CC_DChg,80190.7,720,1.47002,-0.03999,0.00797224,0.0125241,2026-07-17 02:37:17.730
1373,12,2,24,CC_DChg,80250.7,780,1.45964,-0.03968,0.00863678,0.0134975,2026-07-17 02:38:17.730
1374,12,2,24,CC_DChg,80310.7,840,1.45002,-0.03968,0.00930125,0.0144642,2026-07-17 02:39:17.730
1375,12,2,24,CC_DChg,80370.7,900,1.44088,-0.03968,0.00996563,0.0154245,2026-07-17 02:40:17.730
1376,12,2,24,CC_DChg,80430.7,960,1.43251,-0.03999,0.0106303,0.0163794,2026-07-17 02:41:17.730
1377,12,2,24,CC_DChg,80490.7,1020,1.42538,-0.03968,0.0112944,0.0173283,2026-07-17 02:42:17.730
1378,12,2,24,CC_DChg,80550.7,1080,1.41934,-0.03999,0.0119589,0.0182735,2026-07-17 02:43:17.730
1379,12,2,24,CC_DChg,80610.7,1140,1.41391,-0.03999,0.0126234,0.019215,2026-07-17 02:44:17.730
1380,12,2,24,CC_DChg,80670.7,1200,1.40864,-0.03999,0.0132877,0.0201527,2026-07-17 02:45:17.730
1381,12,2,24,CC_DChg,80730.7,1260,1.40399,-0.03999,0.0139524,0.0210875,2026-07-17 02:46:17.730
1382,12,2,24,CC_DChg,80790.7,1320,1.39949,-0.03999,0.014617,0.0220192,2026-07-17 02:47:17.730
1383,12,2,24,CC_DChg,80850.7,1380,1.395,-0.03999,0.0152812,0.0229473,2026-07-17 02:48:17.730
1384,12,2,24,CC_DChg,80910.7,1440,1.39066,-0.03968,0.0159459,0.023873,2026-07-17 02:49:17.730
1385,12,2,24,CC_DChg,80970.7,1500,1.38586,-0.03968,0.0166102,0.0247952,2026-07-17 02:50:17.730
1386,12,2,24,CC_DChg,81030.7,1560,1.38058,-0.03999,0.0172747,0.0257145,2026-07-17 02:51:17.730
1387,12,2,24,CC_DChg,81090.7,1620,1.37516,-0.03999,0.0179389,0.0266298,2026-07-17 02:52:17.730
1388,12,2,24,CC_DChg,81150.7,1680,1.36896,-0.03999,0.0186032,0.0275414,2026-07-17 02:53:17.730
1389,12,2,24,CC_DChg,81210.7,1740,1.36152,-0.03999,0.0192676,0.0284486,2026-07-17 02:54:17.730
1390,12,2,24,CC_DChg,81270.7,1800,1.35284,-0.03999,0.0199322,0.0293508,2026-07-17 02:55:17.730
1391,12,2,24,CC_DChg,81330.7,1860,1.34276,-0.03968,0.0205966,0.0302464,2026-07-17 02:56:17.730
1392,12,2,24,CC_DChg,81390.7,1920,1.33037,-0.03999,0.0212611,0.0311348,2026-07-17 02:57:17.730
1393,12,2,24,CC_DChg,81450.7,1980,1.31611,-0.03999,0.0219254,0.0320141,2026-07-17 02:58:17.730
1394,12,2,24,CC_DChg,81510.7,2040,1.30014,-0.03999,0.0225901,0.0328838,2026-07-17 02:59:17.730
1395,12,2,24,CC_DChg,81570.7,2100,1.28324,-0.03999,0.0232545,0.033742,2026-07-17 03:00:17.730
1396,12,2,24,CC_DChg,81630.7,2160,1.27472,-0.03999,0.0239188,0.0345909,2026-07-17 03:01:17.730
1397,12,2,24,CC_DChg,81690.7,2220,1.27689,-0.03999,0.0245832,0.0354384,2026-07-17 03:02:17.730
1398,12,2,24,CC_DChg,81750.7,2280,1.28015,-0.03999,0.0252477,0.0362882,2026-07-17 03:03:17.730
1399,12,2,24,CC_DChg,81810.7,2340,1.28045,-0.03999,0.0259125,0.0371395,2026-07-17 03:04:17.730
1400,12,2,24,CC_DChg,81870.7,2400,1.2772,-0.03968,0.0265771,0.0379897,2026-07-17 03:05:17.730
1401,12,2,24,CC_DChg,81930.7,2460,1.27069,-0.03999,0.0272417,0.0388366,2026-07-17 03:06:17.730
1402,12,2,24,CC_DChg,81990.7,2520,1.26108,-0.03999,0.0279061,0.039678,2026-07-17 03:07:17.730
1403,12,2,24,CC_DChg,82050.7,2580,1.24713,-0.03968,0.0285704,0.0405113,2026-07-17 03:08:17.730
1404,12,2,24,CC_DChg,82110.7,2640,1.22961,-0.03999,0.0292352,0.0413348,2026-07-17 03:09:17.730
1405,12,2,24,CC_DChg,82170.7,2700,1.20792,-0.03968,0.0298998,0.0421451,2026-07-17 03:10:17.730
1406,12,2,24,CC_DChg,82230.7,2760,1.18188,-0.03999,0.0305638,0.0429389,2026-07-17 03:11:17.730
1407,12,2,24,CC_DChg,82290.7,2820,1.15305,-0.03999,0.0312282,0.0437147,2026-07-17 03:12:17.730
1408,12,2,24,CC_DChg,82350.7,2880,1.12375,-0.03999,0.0318928,0.0444715,2026-07-17 03:13:17.730
1409,12,2,24,CC_DChg,82410.7,2940,1.09476,-0.03968,0.0325573,0.0452087,2026-07-17 03:14:17.730
1410,12,2,24,CC_DChg,82470.7,3000,1.06485,-0.03968,0.0332214,0.0459259,2026-07-17 03:15:17.730
1411,12,2,24,CC_DChg,82530.7,3060,1.0354,-0.03999,0.033886,0.0466238,2026-07-17 03:16:17.730
1412,12,2,24,CC_DChg,82590.7,3120,1.00626,-0.03968,0.0345502,0.0473018,2026-07-17 03:17:17.730
1413,12,2,24,CC_DChg,82650.7,3180,0.978515,-0.03968,0.0352151,0.0479616,2026-07-17 03:18:17.730
1414,12,2,24,CC_DChg,82710.7,3240,0.9517,-0.03999,0.0358793,0.0486027,2026-07-17 03:19:17.730
1415,12,2,24,CC_DChg,82770.7,3300,0.925815,-0.03968,0.0365441,0.0492266,2026-07-17 03:20:17.730
1416,12,2,24,CC_DChg,82830.7,3360,0.90148,-0.03968,0.0372086,0.0498336,2026-07-17 03:21:17.730
1417,12,2,24,CC_DChg,82890.7,3420,0.878075,-0.03999,0.037873,0.0504248,2026-07-17 03:22:17.730
1418,12,2,24,CC_DChg,82950.7,3480,0.85715,-0.03999,0.0385373,0.0510012,2026-07-17 03:23:17.730
1419,12,2,24,CC_DChg,83010.7,3540,0.83793,-0.03999,0.039202,0.0515646,2026-07-17 03:24:17.730
1420,12,2,24,CC_DChg,83070.7,3600,0.81995,-0.03999,0.0398668,0.0521156,2026-07-17 03:25:17.730
1421,12,2,24,CC_DChg,83130.7,3660,0.80197,-0.03999,0.0405312,0.0526545,2026-07-17 03:26:17.730
1422,12,2,24,CC_DChg,83138.2,3667.46,0.7998,-0.03968,0.0406142,0.0527209,2026-07-17 03:26:25.190
1423,12,3,25,CC_Chg,83138.3,0,0.83607,0.03999,0,0,2026-07-17 03:26:25.260
1424,12,3,25,CC_Chg,83198.3,60,1.03679,0.03968,0.000665744,0.000630501,2026-07-17 03:27:25.260
1425,12,3,25,CC_Chg,83258.3,120,1.18342,0.03968,0.00133043,0.00136914,2026-07-17 03:28:25.260
1426,12,3,25,CC_Chg,83318.3,180,1.37206,0.03968,0.00199495,0.00221407,2026-07-17 03:29:25.260
1427,12,3,25,CC_Chg,83378.3,240,1.54892,0.03999,0.0026598,0.00319035,2026-07-17 03:30:25.260
1428,12,3,25,CC_Chg,83438.3,300,1.52845,0.03999,0.00332445,0.00421109,2026-07-17 03:31:25.260
1429,12,3,25,CC_Chg,83498.3,360,1.52737,0.03999,0.0039889,0.00522617,2026-07-17 03:32:25.260
1430,12,3,25,CC_Chg,83558.3,420,1.52737,0.03999,0.00465324,0.00624088,2026-07-17 03:33:25.260
1431,12,3,25,CC_Chg,83618.3,480,1.52784,0.03968,0.0053175,0.00725562,2026-07-17 03:34:25.260
1432,12,3,25,CC_Chg,83678.3,540,1.52799,0.03968,0.00598231,0.00827133,2026-07-17 03:35:25.260
1433,12,3,25,CC_Chg,83738.3,600,1.52799,0.03999,0.00664718,0.00928728,2026-07-17 03:36:25.260
1434,12,3,25,CC_Chg,83798.3,660,1.52861,0.03968,0.00731195,0.0103033,2026-07-17 03:37:25.260
1435,12,3,25,CC_Chg,83858.3,720,1.52876,0.03999,0.00797659,0.0113193,2026-07-17 03:38:25.260
1436,12,3,25,CC_Chg,83918.3,780,1.52923,0.03968,0.00864136,0.0123358,2026-07-17 03:39:25.260
1437,12,3,25,CC_Chg,83978.3,840,1.52938,0.03999,0.00930601,0.0133523,2026-07-17 03:40:25.260
1438,12,3,25,CC_Chg,84038.3,900,1.53001,0.03968,0.00997054,0.0143689,2026-07-17 03:41:25.260
1439,12,3,25,CC_Chg,84098.3,960,1.53047,0.03999,0.0106353,0.0153862,2026-07-17 03:42:25.260
1440,12,3,25,CC_Chg,84158.3,1020,1.53124,0.03999,0.0112999,0.0164038,2026-07-17 03:43:25.260
1441,12,3,25,CC_Chg,84218.3,1080,1.53249,0.03999,0.0119647,0.0174222,2026-07-17 03:44:25.260
1442,12,3,25,CC_Chg,84278.3,1140,1.53373,0.03999,0.0126295,0.0184416,2026-07-17 03:45:25.260
1443,12,3,25,CC_Chg,84338.3,1200,1.53527,0.03999,0.0132942,0.0194615,2026-07-17 03:46:25.260
1444,12,3,25,CC_Chg,84398.3,1260,1.53744,0.03999,0.0139583,0.020482,2026-07-17 03:47:25.260
1445,12,3,25,CC_Chg,84458.3,1320,1.54024,0.03999,0.0146229,0.0215047,2026-07-17 03:48:25.260
1446,12,3,25,CC_Chg,84518.3,1380,1.54411,0.03968,0.0152875,0.0225296,2026-07-17 03:49:25.260
1447,12,3,25,CC_Chg,84578.3,1440,1.54876,0.03999,0.0159524,0.0235579,2026-07-17 03:50:25.260
1448,12,3,25,CC_Chg,84638.3,1500,1.55403,0.03999,0.0166172,0.0245893,2026-07-17 03:51:25.260
1449,12,3,25,CC_Chg,84698.3,1560,1.5593,0.03968,0.017282,0.0256242,2026-07-17 03:52:25.260
1450,12,3,25,CC_Chg,84758.3,1620,1.56395,0.03999,0.0179464,0.0266618,2026-07-17 03:53:25.260
1451,12,3,25,CC_Chg,84818.3,1680,1.56767,0.03999,0.0186109,0.0277023,2026-07-17 03:54:25.260
1452,12,3,25,CC_Chg,84878.3,1740,1.57046,0.03968,0.0192755,0.0287451,2026-07-17 03:55:25.260
1453,12,3,25,CC_Chg,84938.3,1800,1.57279,0.03999,0.0199399,0.0297894,2026-07-17 03:56:25.260
1454,12,3,25,CC_Chg,84998.3,1860,1.57511,0.03968,0.0206046,0.0308357,2026-07-17 03:57:25.260
1455,12,3,25,CC_Chg,85058.3,1920,1.57713,0.03999,0.0212695,0.0318837,2026-07-17 03:58:25.260
1456,12,3,25,CC_Chg,85118.3,1980,1.57914,0.03968,0.0219342,0.0329328,2026-07-17 03:59:25.260
1457,12,3,25,CC_Chg,85178.3,2040,1.58131,0.03999,0.0225985,0.0339826,2026-07-17 04:00:25.260
1458,12,3,25,CC_Chg,85238.3,2100,1.58363,0.03968,0.0232634,0.0350347,2026-07-17 04:01:25.260
1459,12,3,25,CC_Chg,85298.3,2160,1.58611,0.03999,0.0239278,0.0360877,2026-07-17 04:02:25.260
1460,12,3,25,CC_Chg,85358.3,2220,1.58844,0.03968,0.024592,0.0371421,2026-07-17 04:03:25.260
1461,12,3,25,CC_Chg,85418.3,2280,1.59076,0.03999,0.0252563,0.038198,2026-07-17 04:04:25.260
1462,12,3,25,CC_Chg,85478.3,2340,1.5934,0.03999,0.0259205,0.0392555,2026-07-17 04:05:25.260
1463,12,3,25,CC_Chg,85538.3,2400,1.5965,0.03999,0.0265854,0.040316,2026-07-17 04:06:25.260
1464,12,3,25,CC_Chg,85598.3,2460,1.59991,0.03999,0.0272501,0.0413784,2026-07-17 04:07:25.260
1465,12,3,25,CC_Chg,85658.3,2520,1.60394,0.03999,0.0279152,0.0424437,2026-07-17 04:08:25.260
1466,12,3,25,CC_Chg,85718.3,2580,1.60936,0.03999,0.0285801,0.0435119,2026-07-17 04:09:25.260
1467,12,3,25,CC_Chg,85778.3,2640,1.61665,0.03999,0.0292449,0.0445842,2026-07-17 04:10:25.260
1468,12,3,25,CC_Chg,85838.3,2700,1.6261,0.03968,0.0299099,0.0456623,2026-07-17 04:11:25.260
1469,12,3,25,CC_Chg,85898.3,2760,1.63634,0.03999,0.0305746,0.0467466,2026-07-17 04:12:25.260
1470,12,3,25,CC_Chg,85958.3,2820,1.64594,0.03999,0.0312395,0.0478379,2026-07-17 04:13:25.260
1471,12,3,25,CC_Chg,86018.3,2880,1.65478,0.03999,0.0319042,0.048935,2026-07-17 04:14:25.260
1472,12,3,25,CC_Chg,86078.3,2940,1.66346,0.03968,0.0325684,0.0500371,2026-07-17 04:15:25.260
1473,12,3,25,CC_Chg,86138.3,3000,1.67214,0.03999,0.0332331,0.0511456,2026-07-17 04:16:25.260
1474,12,3,25,CC_Chg,86198.3,3060,1.68067,0.03968,0.0338976,0.0522596,2026-07-17 04:17:25.260
1475,12,3,25,CC_Chg,86258.3,3120,1.68965,0.03999,0.0345618,0.0533788,2026-07-17 04:18:25.260
1476,12,3,25,CC_Chg,86318.3,3180,1.6988,0.03999,0.0352261,0.0545044,2026-07-17 04:19:25.260
1477,12,3,25,CC_Chg,86378.3,3240,1.70826,0.03968,0.0358904,0.055636,2026-07-17 04:20:25.260
1478,12,3,25,CC_Chg,86438.3,3300,1.71833,0.03968,0.0365546,0.0567741,2026-07-17 04:21:25.260
1479,12,3,25,CC_Chg,86498.3,3360,1.72748,0.03968,0.0372191,0.057919,2026-07-17 04:22:25.260
1480,12,3,25,CC_Chg,86558.3,3420,1.73708,0.03999,0.0378834,0.0590697,2026-07-17 04:23:25.260
1481,12,3,25,CC_Chg,86618.3,3480,1.74608,0.03999,0.0385479,0.0602272,2026-07-17 04:24:25.260
1482,12,3,25,CC_Chg,86678.3,3540,1.75507,0.03999,0.0392124,0.0613906,2026-07-17 04:25:25.260
1483,12,3,25,CC_Chg,86738.3,3600,1.76344,0.03999,0.0398766,0.0625591,2026-07-17 04:26:25.260
1484,12,3,25,CC_Chg,86798.3,3660,1.77196,0.03999,0.0405411,0.063734,2026-07-17 04:27:25.260
1485,12,3,25,CC_Chg,86858.3,3720,1.77971,0.03968,0.0412058,0.0649143,2026-07-17 04:28:25.260
1486,12,3,25,CC_Chg,86918.3,3780,1.78715,0.03999,0.0418705,0.0660998,2026-07-17 04:29:25.260
1487,12,3,25,CC_Chg,86978.3,3840,1.79397,0.03999,0.0425347,0.0672891,2026-07-17 04:30:25.260
1488,12,3,25,CC_Chg,87035.4,3897.19,1.80001,0.03999,0.0431686,0.0684284,2026-07-17 04:31:22.450
1489,13,2,26,CC_DChg,87035.5,0,1.76607,-0.03999,0,0,2026-07-17 04:31:22.520
1490,13,2,26,CC_DChg,87095.5,60,1.70035,-0.03999,0.000665251,0.00114945,2026-07-17 04:32:22.520
1491,13,2,26,CC_DChg,87155.5,120,1.66036,-0.03968,0.00132944,0.00226521,2026-07-17 04:33:22.520
1492,13,2,26,CC_DChg,87215.5,180,1.62688,-0.03999,0.00199359,0.00335664,2026-07-17 04:34:22.520
1493,13,2,26,CC_DChg,87275.5,240,1.59898,-0.03968,0.00265809,0.00442823,2026-07-17 04:35:22.520
1494,13,2,26,CC_DChg,87335.5,300,1.57465,-0.03999,0.00332258,0.00548251,2026-07-17 04:36:22.520
1495,13,2,26,CC_DChg,87395.5,360,1.55418,-0.03968,0.00398696,0.0065219,2026-07-17 04:37:22.520
1496,13,2,26,CC_DChg,87455.5,420,1.53652,-0.03999,0.00465107,0.00754812,2026-07-17 04:38:22.520
1497,13,2,26,CC_DChg,87515.5,480,1.52102,-0.03968,0.00531553,0.00856384,2026-07-17 04:39:22.520
1498,13,2,26,CC_DChg,87575.5,540,1.50722,-0.03999,0.00597972,0.00956947,2026-07-17 04:40:22.520
1499,13,2,26,CC_DChg,87635.5,600,1.49466,-0.03968,0.00664379,0.0105662,2026-07-17 04:41:22.520
1500,13,2,26,CC_DChg,87695.5,660,1.48289,-0.03999,0.00730851,0.0115559,2026-07-17 04:42:22.520
1501,13,2,26,CC_DChg,87755.5,720,1.47203,-0.03999,0.00797276,0.0125373,2026-07-17 04:43:22.520
1502,13,2,26,CC_DChg,87815.5,780,1.46212,-0.03999,0.00863739,0.0135124,2026-07-17 04:44:22.520
1503,13,2,26,CC_DChg,87875.5,840,1.45219,-0.03999,0.00930189,0.0144806,2026-07-17 04:45:22.520
1504,13,2,26,CC_DChg,87935.5,900,1.44305,-0.03999,0.00996619,0.0154424,2026-07-17 04:46:22.520
1505,13,2,26,CC_DChg,87995.5,960,1.43468,-0.03968,0.0106311,0.016399,2026-07-17 04:47:22.520
1506,13,2,26,CC_DChg,88055.5,1020,1.42708,-0.03999,0.0112955,0.0173498,2026-07-17 04:48:22.520
1507,13,2,26,CC_DChg,88115.5,1080,1.42088,-0.03999,0.0119603,0.0182965,2026-07-17 04:49:22.520
1508,13,2,26,CC_DChg,88175.5,1140,1.41577,-0.03968,0.0126251,0.0192395,2026-07-17 04:50:22.520
1509,13,2,26,CC_DChg,88235.5,1200,1.41034,-0.03968,0.0132896,0.0201784,2026-07-17 04:51:22.520
1510,13,2,26,CC_DChg,88295.5,1260,1.40539,-0.03999,0.0139544,0.0211144,2026-07-17 04:52:22.520
1511,13,2,26,CC_DChg,88355.5,1320,1.40043,-0.03968,0.0146189,0.0220466,2026-07-17 04:53:22.520
1512,13,2,26,CC_DChg,88415.5,1380,1.39593,-0.03999,0.015283,0.0229754,2026-07-17 04:54:22.520
1513,13,2,26,CC_DChg,88475.5,1440,1.39143,-0.03968,0.0159476,0.0239017,2026-07-17 04:55:22.520
1514,13,2,26,CC_DChg,88535.5,1500,1.38647,-0.03968,0.016612,0.0248245,2026-07-17 04:56:22.520
1515,13,2,26,CC_DChg,88595.5,1560,1.38089,-0.03968,0.0172765,0.025744,2026-07-17 04:57:22.520
1516,13,2,26,CC_DChg,88655.5,1620,1.37532,-0.03999,0.0179409,0.0266598,2026-07-17 04:58:22.520
1517,13,2,26,CC_DChg,88715.5,1680,1.36881,-0.03968,0.0186059,0.0275722,2026-07-17 04:59:22.520
1518,13,2,26,CC_DChg,88775.5,1740,1.36121,-0.03999,0.0192705,0.0284795,2026-07-17 05:00:22.520
1519,13,2,26,CC_DChg,88835.5,1800,1.35284,-0.03968,0.0199352,0.0293816,2026-07-17 05:01:22.520
1520,13,2,26,CC_DChg,88895.5,1860,1.34308,-0.03999,0.0206,0.0302779,2026-07-17 05:02:22.520
1521,13,2,26,CC_DChg,88955.5,1920,1.33129,-0.03999,0.0212645,0.0311668,2026-07-17 05:03:22.520
1522,13,2,26,CC_DChg,89015.5,1980,1.31797,-0.03999,0.0219291,0.0320474,2026-07-17 05:04:22.520
1523,13,2,26,CC_DChg,89075.5,2040,1.30215,-0.03999,0.0225938,0.0329184,2026-07-17 05:05:22.520
1524,13,2,26,CC_DChg,89135.5,2100,1.28557,-0.03968,0.0232585,0.0337785,2026-07-17 05:06:22.520
1525,13,2,26,CC_DChg,89195.5,2160,1.27487,-0.03999,0.023923,0.0346285,2026-07-17 05:07:22.520
1526,13,2,26,CC_DChg,89255.5,2220,1.27673,-0.03999,0.0245877,0.0354761,2026-07-17 05:08:22.520
1527,13,2,26,CC_DChg,89315.5,2280,1.28045,-0.03968,0.0252522,0.0363259,2026-07-17 05:09:22.520
1528,13,2,26,CC_DChg,89375.5,2340,1.28092,-0.03999,0.0259168,0.0371773,2026-07-17 05:10:22.520
1529,13,2,26,CC_DChg,89435.5,2400,1.27798,-0.03999,0.0265812,0.0380278,2026-07-17 05:11:22.520
1530,13,2,26,CC_DChg,89495.5,2460,1.27147,-0.03999,0.0272457,0.0388751,2026-07-17 05:12:22.520
1531,13,2,26,CC_DChg,89555.5,2520,1.26216,-0.03968,0.0279101,0.039717,2026-07-17 05:13:22.520
1532,13,2,26,CC_DChg,89615.5,2580,1.24914,-0.03999,0.0285745,0.0405515,2026-07-17 05:14:22.520
1533,13,2,26,CC_DChg,89675.5,2640,1.23194,-0.03968,0.0292396,0.0413768,2026-07-17 05:15:22.520
1534,13,2,26,CC_DChg,89735.5,2700,1.21024,-0.03999,0.0299044,0.042189,2026-07-17 05:16:22.520
1535,13,2,26,CC_DChg,89795.5,2760,1.18451,-0.03999,0.0305688,0.0429849,2026-07-17 05:17:22.520
1536,13,2,26,CC_DChg,89855.5,2820,1.15599,-0.03968,0.0312332,0.0437627,2026-07-17 05:18:22.520
1537,13,2,26,CC_DChg,89915.5,2880,1.12716,-0.03999,0.0318975,0.0445211,2026-07-17 05:19:22.520
1538,13,2,26,CC_DChg,89975.5,2940,1.09756,-0.03999,0.0325621,0.0452605,2026-07-17 05:20:22.520
1539,13,2,26,CC_DChg,90035.5,3000,1.06857,-0.03999,0.0332269,0.0459806,2026-07-17 05:21:22.520
1540,13,2,26,CC_DChg,90095.5,3060,1.03958,-0.03999,0.0338912,0.0466809,2026-07-17 05:22:22.520
1541,13,2,26,CC_DChg,90155.5,3120,1.01045,-0.03999,0.0345555,0.0473619,2026-07-17 05:23:22.520
1542,13,2,26,CC_DChg,90215.5,3180,0.982855,-0.03999,0.0352199,0.0480241,2026-07-17 05:24:22.520
1543,13,2,26,CC_DChg,90275.5,3240,0.955575,-0.03999,0.0358845,0.0486683,2026-07-17 05:25:22.520
1544,13,2,26,CC_DChg,90335.5,3300,0.93,-0.03999,0.0365487,0.0492946,2026-07-17 05:26:22.520
1545,13,2,26,CC_DChg,90395.5,3360,0.905355,-0.03999,0.0372129,0.0499041,2026-07-17 05:27:22.520
1546,13,2,26,CC_DChg,90455.5,3420,0.88288,-0.03999,0.0378773,0.0504982,2026-07-17 05:28:22.520
1547,13,2,26,CC_DChg,90515.5,3480,0.861645,-0.03999,0.038542,0.051078,2026-07-17 05:29:22.520
1548,13,2,26,CC_DChg,90575.5,3540,0.84258,-0.03968,0.0392067,0.0516443,2026-07-17 05:30:22.520
1549,13,2,26,CC_DChg,90635.5,3600,0.824135,-0.03968,0.0398716,0.0521983,2026-07-17 05:31:22.520
1550,13,2,26,CC_DChg,90695.5,3660,0.806,-0.03968,0.0405359,0.0527397,2026-07-17 05:32:22.520
1551,13,2,26,CC_DChg,90717.1,3681.53,0.79949,-0.03999,0.0407748,0.0529315,2026-07-17 05:32:44.050
1552,13,3,27,CC_Chg,90717.1,0,0.83545,0.03999,0,0,2026-07-17 05:32:44.120
1553,13,3,27,CC_Chg,90777.1,60,1.03587,0.03999,0.000665792,0.000630402,2026-07-17 05:33:44.120
1554,13,3,27,CC_Chg,90837.1,120,1.1842,0.03968,0.00133027,0.00136841,2026-07-17 05:34:44.120
1555,13,3,27,CC_Chg,90897.1,180,1.3702,0.03999,0.00199512,0.002213,2026-07-17 05:35:44.120
1556,13,3,27,CC_Chg,90957.1,240,1.54938,0.03968,0.00265957,0.00318829,2026-07-17 05:36:44.120
1557,13,3,27,CC_Chg,91017.1,300,1.52876,0.03999,0.00332379,0.00420861,2026-07-17 05:37:44.120
1558,13,3,27,CC_Chg,91077.1,360,1.52737,0.03968,0.00398898,0.00522492,2026-07-17 05:38:44.120
1559,13,3,27,CC_Chg,91137.1,420,1.52737,0.03999,0.00465351,0.00623994,2026-07-17 05:39:44.120
1560,13,3,27,CC_Chg,91197.1,480,1.52753,0.03999,0.005318,0.00725503,2026-07-17 05:40:44.120
1561,13,3,27,CC_Chg,91257.1,540,1.5283,0.03999,0.00598269,0.00827068,2026-07-17 05:41:44.120
1562,13,3,27,CC_Chg,91317.1,600,1.52861,0.03968,0.00664737,0.00928662,2026-07-17 05:42:44.120
1563,13,3,27,CC_Chg,91377.1,660,1.52892,0.03968,0.00731206,0.0103027,2026-07-17 05:43:44.120
1564,13,3,27,CC_Chg,91437.1,720,1.52892,0.03999,0.00797721,0.0113198,2026-07-17 05:44:44.120
1565,13,3,27,CC_Chg,91497.1,780,1.5297,0.03968,0.00864194,0.0123364,2026-07-17 05:45:44.120
1566,13,3,27,CC_Chg,91557.1,840,1.53001,0.03968,0.00930655,0.0133532,2026-07-17 05:46:44.120
1567,13,3,27,CC_Chg,91617.1,900,1.53032,0.03968,0.0099712,0.0143702,2026-07-17 05:47:44.120
1568,13,3,27,CC_Chg,91677.1,960,1.53124,0.03999,0.0106359,0.0153878,2026-07-17 05:48:44.120
1569,13,3,27,CC_Chg,91737.1,1020,1.53202,0.03999,0.0113008,0.0164061,2026-07-17 05:49:44.120
1570,13,3,27,CC_Chg,91797.1,1080,1.5331,0.03999,0.0119654,0.0174248,2026-07-17 05:50:44.120
1571,13,3,27,CC_Chg,91857.1,1140,1.53435,0.03968,0.0126304,0.0184448,2026-07-17 05:51:44.120
1572,13,3,27,CC_Chg,91917.1,1200,1.53574,0.03999,0.0132952,0.0194653,2026-07-17 05:52:44.120
1573,13,3,27,CC_Chg,91977.1,1260,1.53807,0.03999,0.0139599,0.0204869,2026-07-17 05:53:44.120
1574,13,3,27,CC_Chg,92037.1,1320,1.54086,0.03968,0.0146246,0.0215102,2026-07-17 05:54:44.120
1575,13,3,27,CC_Chg,92097.1,1380,1.54473,0.03968,0.0152892,0.0225355,2026-07-17 05:55:44.120
1576,13,3,27,CC_Chg,92157.1,1440,1.54923,0.03968,0.0159538,0.0235634,2026-07-17 05:56:44.120
1577,13,3,27,CC_Chg,92217.1,1500,1.55418,0.03999,0.0166186,0.0245951,2026-07-17 05:57:44.120
1578,13,3,27,CC_Chg,92277.1,1560,1.55915,0.03999,0.0172834,0.0256299,2026-07-17 05:58:44.120
1579,13,3,27,CC_Chg,92337.1,1620,1.56411,0.03968,0.0179478,0.0266677,2026-07-17 05:59:44.120
1580,13,3,27,CC_Chg,92397.1,1680,1.56751,0.03999,0.0186125,0.0277086,2026-07-17 06:00:44.120
1581,13,3,27,CC_Chg,92457.1,1740,1.57031,0.03999,0.0192773,0.0287518,2026-07-17 06:01:44.120
1582,13,3,27,CC_Chg,92517.1,1800,1.57279,0.03999,0.0199419,0.0297964,2026-07-17 06:02:44.120
1583,13,3,27,CC_Chg,92577.1,1860,1.57496,0.03968,0.020606,0.0308417,2026-07-17 06:03:44.120
1584,13,3,27,CC_Chg,92637.1,1920,1.57682,0.03999,0.0212705,0.0318891,2026-07-17 06:04:44.120
1585,13,3,27,CC_Chg,92697.1,1980,1.57899,0.03968,0.021935,0.0329377,2026-07-17 06:05:44.120
1586,13,3,27,CC_Chg,92757.1,2040,1.581,0.03968,0.0225994,0.0339875,2026-07-17 06:06:44.120
1587,13,3,27,CC_Chg,92817.1,2100,1.58302,0.03999,0.0232641,0.0350391,2026-07-17 06:07:44.120
1588,13,3,27,CC_Chg,92877.1,2160,1.58519,0.03999,0.0239288,0.0360921,2026-07-17 06:08:44.120
1589,13,3,27,CC_Chg,92937.1,2220,1.58751,0.03999,0.0245936,0.0371468,2026-07-17 06:09:44.120
1590,13,3,27,CC_Chg,92997.1,2280,1.59014,0.03968,0.0252581,0.0382026,2026-07-17 06:10:44.120
1591,13,3,27,CC_Chg,93057.1,2340,1.59293,0.03968,0.0259223,0.0392596,2026-07-17 06:11:44.120
1592,13,3,27,CC_Chg,93117.1,2400,1.59604,0.03968,0.0265868,0.0403193,2026-07-17 06:12:44.120
1593,13,3,27,CC_Chg,93177.1,2460,1.5996,0.03999,0.0272513,0.0413811,2026-07-17 06:13:44.120
1594,13,3,27,CC_Chg,93237.1,2520,1.60394,0.03968,0.0279159,0.0424455,2026-07-17 06:14:44.120
1595,13,3,27,CC_Chg,93297.1,2580,1.60967,0.03968,0.0285804,0.0435133,2026-07-17 06:15:44.120
1596,13,3,27,CC_Chg,93357.1,2640,1.61727,0.03999,0.0292451,0.0445857,2026-07-17 06:16:44.120
1597,13,3,27,CC_Chg,93417.1,2700,1.62672,0.03968,0.0299097,0.0456637,2026-07-17 06:17:44.120
1598,13,3,27,CC_Chg,93477.1,2760,1.63649,0.03999,0.0305745,0.0467484,2026-07-17 06:18:44.120
1599,13,3,27,CC_Chg,93537.1,2820,1.64548,0.03968,0.0312394,0.0478396,2026-07-17 06:19:44.120
1600,13,3,27,CC_Chg,93597.1,2880,1.65416,0.03999,0.0319039,0.0489361,2026-07-17 06:20:44.120
1601,13,3,27,CC_Chg,93657.1,2940,1.663,0.03999,0.0325683,0.0500382,2026-07-17 06:21:44.120
1602,13,3,27,CC_Chg,93717.1,3000,1.67183,0.03968,0.0332326,0.0511459,2026-07-17 06:22:44.120
1603,13,3,27,CC_Chg,93777.1,3060,1.68067,0.03968,0.0338969,0.0522594,2026-07-17 06:23:44.120
1604,13,3,27,CC_Chg,93837.1,3120,1.68935,0.03999,0.0345614,0.0533789,2026-07-17 06:24:44.120
1605,13,3,27,CC_Chg,93897.1,3180,1.69802,0.03999,0.0352258,0.0545042,2026-07-17 06:25:44.120
1606,13,3,27,CC_Chg,93957.1,3240,1.70748,0.03968,0.0358899,0.0556352,2026-07-17 06:26:44.120
1607,13,3,27,CC_Chg,94017.1,3300,1.71694,0.03968,0.0365542,0.0567727,2026-07-17 06:27:44.120
1608,13,3,27,CC_Chg,94077.1,3360,1.72623,0.03968,0.0372186,0.0579166,2026-07-17 06:28:44.120
1609,13,3,27,CC_Chg,94137.1,3420,1.73554,0.03999,0.0378831,0.059067,2026-07-17 06:29:44.120
1610,13,3,27,CC_Chg,94197.1,3480,1.74514,0.03999,0.0385474,0.060223,2026-07-17 06:30:44.120
1611,13,3,27,CC_Chg,94257.1,3540,1.75382,0.03999,0.0392116,0.061385,2026-07-17 06:31:44.120
1612,13,3,27,CC_Chg,94317.1,3600,1.76282,0.03968,0.0398764,0.0625542,2026-07-17 06:32:44.120
1613,13,3,27,CC_Chg,94377.1,3660,1.77119,0.03999,0.0405408,0.0637283,2026-07-17 06:33:44.120
1614,13,3,27,CC_Chg,94437.1,3720,1.77924,0.03999,0.0412054,0.0649082,2026-07-17 06:34:44.120
1615,13,3,27,CC_Chg,94497.1,3780,1.78699,0.03968,0.0418701,0.0660935,2026-07-17 06:35:44.120
1616,13,3,27,CC_Chg,94557.1,3840,1.79397,0.03999,0.0425346,0.0672835,2026-07-17 06:36:44.120
1617,13,3,27,CC_Chg,94614.3,3897.19,1.80001,0.03968,0.0431685,0.0684227,2026-07-17 06:37:41.310
1618,14,2,28,CC_DChg,94614.4,0,1.76653,-0.03999,0,0,2026-07-17 06:37:41.380
1619,14,2,28,CC_DChg,94674.4,60,1.70081,-0.03968,0.000665596,0.00115015,2026-07-17 06:38:41.380
1620,14,2,28,CC_DChg,94734.4,120,1.66129,-0.03999,0.00132993,0.00226648,2026-07-17 06:39:41.380
1621,14,2,28,CC_DChg,94794.4,180,1.62797,-0.03999,0.00199443,0.00335899,2026-07-17 06:40:41.380
1622,14,2,28,CC_DChg,94854.4,240,1.59991,-0.03999,0.00265919,0.00443161,2026-07-17 06:41:41.380
1623,14,2,28,CC_DChg,94914.4,300,1.57604,-0.03968,0.00332381,0.00548679,2026-07-17 06:42:41.380
1624,14,2,28,CC_DChg,94974.4,360,1.55527,-0.03999,0.00398849,0.00652741,2026-07-17 06:43:41.380
1625,14,2,28,CC_DChg,95034.4,420,1.53807,-0.03999,0.00465272,0.00755474,2026-07-17 06:44:41.380
1626,14,2,28,CC_DChg,95094.4,480,1.52256,-0.03999,0.00531733,0.00857171,2026-07-17 06:45:41.380
1627,14,2,28,CC_DChg,95154.4,540,1.50862,-0.03968,0.00598194,0.00957902,2026-07-17 06:46:41.380
1628,14,2,28,CC_DChg,95214.4,600,1.49653,-0.03999,0.00664667,0.0105778,2026-07-17 06:47:41.380
1629,14,2,28,CC_DChg,95274.4,660,1.48459,-0.03999,0.00731105,0.0115681,2026-07-17 06:48:41.380
1630,14,2,28,CC_DChg,95334.4,720,1.47405,-0.03999,0.00797561,0.0125513,2026-07-17 06:49:41.380
1631,14,2,28,CC_DChg,95394.4,780,1.46351,-0.03999,0.00864024,0.0135276,2026-07-17 06:50:41.380
1632,14,2,28,CC_DChg,95454.4,840,1.45406,-0.03968,0.00930506,0.0144975,2026-07-17 06:51:41.380
1633,14,2,28,CC_DChg,95514.4,900,1.44476,-0.03999,0.00996988,0.0154611,2026-07-17 06:52:41.380
1634,14,2,28,CC_DChg,95574.4,960,1.43639,-0.03968,0.0106345,0.0164186,2026-07-17 06:53:41.380
1635,14,2,28,CC_DChg,95634.4,1020,1.42848,-0.03999,0.0112992,0.0173707,2026-07-17 06:54:41.380
1636,14,2,28,CC_DChg,95694.4,1080,1.42213,-0.03999,0.0119639,0.0183182,2026-07-17 06:55:41.380
1637,14,2,28,CC_DChg,95754.4,1140,1.41654,-0.03999,0.012629,0.0192622,2026-07-17 06:56:41.380
1638,14,2,28,CC_DChg,95814.4,1200,1.41128,-0.03968,0.0132935,0.0202016,2026-07-17 06:57:41.380
1639,14,2,28,CC_DChg,95874.4,1260,1.406,-0.03999,0.013958,0.0211377,2026-07-17 06:58:41.380
1640,14,2,28,CC_DChg,95934.4,1320,1.4012,-0.03968,0.0146223,0.0220702,2026-07-17 06:59:41.380
1641,14,2,28,CC_DChg,95994.4,1380,1.39671,-0.03999,0.0152869,0.0230002,2026-07-17 07:00:41.380
1642,14,2,28,CC_DChg,96054.4,1440,1.39221,-0.03999,0.0159514,0.0239268,2026-07-17 07:01:41.380
1643,14,2,28,CC_DChg,96114.4,1500,1.38709,-0.03968,0.0166162,0.0248506,2026-07-17 07:02:41.380
1644,14,2,28,CC_DChg,96174.4,1560,1.38198,-0.03968,0.0172808,0.0257709,2026-07-17 07:03:41.380
1645,14,2,28,CC_DChg,96234.4,1620,1.37624,-0.03968,0.0179455,0.0266878,2026-07-17 07:04:41.380
1646,14,2,28,CC_DChg,96294.4,1680,1.37004,-0.03968,0.0186099,0.0276003,2026-07-17 07:05:41.380
1647,14,2,28,CC_DChg,96354.4,1740,1.36276,-0.03999,0.0192749,0.028509,2026-07-17 07:06:41.380
1648,14,2,28,CC_DChg,96414.4,1800,1.35455,-0.03999,0.0199397,0.0294124,2026-07-17 07:07:41.380
1649,14,2,28,CC_DChg,96474.4,1860,1.34478,-0.03999,0.020604,0.0303092,2026-07-17 07:08:41.380
1650,14,2,28,CC_DChg,96534.4,1920,1.333,-0.03999,0.0212684,0.0311991,2026-07-17 07:09:41.380
1651,14,2,28,CC_DChg,96594.4,1980,1.31967,-0.03968,0.021933,0.0320807,2026-07-17 07:10:41.380
1652,14,2,28,CC_DChg,96654.4,2040,1.30401,-0.03999,0.0225975,0.0329527,2026-07-17 07:11:41.380
1653,14,2,28,CC_DChg,96714.4,2100,1.28712,-0.03968,0.0232617,0.0338134,2026-07-17 07:12:41.380
1654,14,2,28,CC_DChg,96774.4,2160,1.27565,-0.03999,0.0239262,0.0346642,2026-07-17 07:13:41.380
1655,14,2,28,CC_DChg,96834.4,2220,1.27689,-0.03999,0.0245906,0.0355117,2026-07-17 07:14:41.380
1656,14,2,28,CC_DChg,96894.4,2280,1.28045,-0.03999,0.025255,0.0363614,2026-07-17 07:15:41.380
1657,14,2,28,CC_DChg,96954.4,2340,1.28092,-0.03968,0.0259197,0.037213,2026-07-17 07:16:41.380
1658,14,2,28,CC_DChg,97014.4,2400,1.27798,-0.03968,0.0265844,0.0380637,2026-07-17 07:17:41.380
1659,14,2,28,CC_DChg,97074.4,2460,1.27178,-0.03968,0.0272492,0.0389114,2026-07-17 07:18:41.380
1660,14,2,28,CC_DChg,97134.4,2520,1.2617,-0.03968,0.027914,0.0397538,2026-07-17 07:19:41.380
1661,14,2,28,CC_DChg,97194.4,2580,1.24853,-0.03999,0.0285788,0.0405884,2026-07-17 07:20:41.380
1662,14,2,28,CC_DChg,97254.4,2640,1.23101,-0.03968,0.0292433,0.0414125,2026-07-17 07:21:41.380
1663,14,2,28,CC_DChg,97314.4,2700,1.21009,-0.03968,0.0299077,0.0422238,2026-07-17 07:22:41.380
1664,14,2,28,CC_DChg,97374.4,2760,1.18389,-0.03968,0.0305722,0.0430194,2026-07-17 07:23:41.380
1665,14,2,28,CC_DChg,97434.4,2820,1.15568,-0.03999,0.0312367,0.0437969,2026-07-17 07:24:41.380
1666,14,2,28,CC_DChg,97494.4,2880,1.12685,-0.03999,0.0319017,0.0445557,2026-07-17 07:25:41.380
1667,14,2,28,CC_DChg,97554.4,2940,1.09817,-0.03999,0.0325662,0.045295,2026-07-17 07:26:41.380
1668,14,2,28,CC_DChg,97614.4,3000,1.06872,-0.03999,0.033231,0.0460152,2026-07-17 07:27:41.380
1669,14,2,28,CC_DChg,97674.4,3060,1.0399,-0.03999,0.0338957,0.0467162,2026-07-17 07:28:41.380
1670,14,2,28,CC_DChg,97734.4,3120,1.01168,-0.03968,0.0345604,0.047398,2026-07-17 07:29:41.380
1671,14,2,28,CC_DChg,97794.4,3180,0.983785,-0.03999,0.0352249,0.048061,2026-07-17 07:30:41.380
1672,14,2,28,CC_DChg,97854.4,3240,0.957435,-0.03999,0.0358898,0.0487066,2026-07-17 07:31:41.380
1673,14,2,28,CC_DChg,97914.4,3300,0.931705,-0.03999,0.0365547,0.0493347,2026-07-17 07:32:41.380
1674,14,2,28,CC_DChg,97974.4,3360,0.907525,-0.03968,0.0372198,0.0499465,2026-07-17 07:33:41.380
1675,14,2,28,CC_DChg,98034.4,3420,0.88443,-0.03968,0.0378844,0.0505418,2026-07-17 07:34:41.380
1676,14,2,28,CC_DChg,98094.4,3480,0.86304,-0.03999,0.0385487,0.0511222,2026-07-17 07:35:41.380
1677,14,2,28,CC_DChg,98154.4,3540,0.84382,-0.03968,0.0392133,0.0516894,2026-07-17 07:36:41.380
1678,14,2,28,CC_DChg,98214.4,3600,0.825685,-0.03999,0.039878,0.0522442,2026-07-17 07:37:41.380
1679,14,2,28,CC_DChg,98274.4,3660,0.807395,-0.03999,0.0405426,0.0527869,2026-07-17 07:38:41.380
1680,14,2,28,CC_DChg,98301,3686.58,0.7998,-0.03999,0.0408373,0.0530238,2026-07-17 07:39:07.960
1681,14,3,29,CC_Chg,98301,0,0.83545,0.03968,0,0,2026-07-17 07:39:08.030
1682,14,3,29,CC_Chg,98361,60,1.03633,0.03999,0.000665633,0.000630326,2026-07-17 07:40:08.030
1683,14,3,29,CC_Chg,98421,120,1.1825,0.03999,0.00133088,0.00136925,2026-07-17 07:41:08.030
1684,14,3,29,CC_Chg,98481,180,1.37067,0.03999,0.00199589,0.00221424,2026-07-17 07:42:08.030
1685,14,3,29,CC_Chg,98541,240,1.54984,0.03999,0.00266083,0.00319067,2026-07-17 07:43:08.030
1686,14,3,29,CC_Chg,98601,300,1.5283,0.03999,0.00332548,0.00421127,2026-07-17 07:44:08.030
1687,14,3,29,CC_Chg,98661,360,1.52706,0.03999,0.00399002,0.00522644,2026-07-17 07:45:08.030
1688,14,3,29,CC_Chg,98721,420,1.52721,0.03968,0.00465492,0.00624191,2026-07-17 07:46:08.030
1689,14,3,29,CC_Chg,98781,480,1.52753,0.03968,0.00531952,0.00725703,2026-07-17 07:47:08.030
1690,14,3,29,CC_Chg,98841,540,1.52784,0.03968,0.00598403,0.00827223,2026-07-17 07:48:08.030
1691,14,3,29,CC_Chg,98901,600,1.52815,0.03999,0.00664902,0.00928835,2026-07-17 07:49:08.030
1692,14,3,29,CC_Chg,98961,660,1.52861,0.03999,0.00731378,0.0103044,2026-07-17 07:50:08.030
1693,14,3,29,CC_Chg,99021,720,1.52907,0.03999,0.00797866,0.0113209,2026-07-17 07:51:08.030
1694,14,3,29,CC_Chg,99081,780,1.52954,0.03968,0.00864338,0.0123376,2026-07-17 07:52:08.030
1695,14,3,29,CC_Chg,99141,840,1.53016,0.03999,0.00930807,0.0133545,2026-07-17 07:53:08.030
1696,14,3,29,CC_Chg,99201,900,1.53078,0.03968,0.00997287,0.014372,2026-07-17 07:54:08.030
1697,14,3,29,CC_Chg,99261,960,1.53124,0.03999,0.010638,0.0153903,2026-07-17 07:55:08.030
1698,14,3,29,CC_Chg,99321,1020,1.53218,0.03999,0.0113034,0.0164095,2026-07-17 07:56:08.030
1699,14,3,29,CC_Chg,99381,1080,1.53295,0.03999,0.0119682,0.0174284,2026-07-17 07:57:08.030
1700,14,3,29,CC_Chg,99441,1140,1.53435,0.03999,0.0126332,0.0184483,2026-07-17 07:58:08.030
1701,14,3,29,CC_Chg,99501,1200,1.53605,0.03968,0.0132978,0.0194686,2026-07-17 07:59:08.030
1702,14,3,29,CC_Chg,99561,1260,1.53822,0.03968,0.0139629,0.0204911,2026-07-17 08:00:08.030
1703,14,3,29,CC_Chg,99621,1320,1.54116,0.03999,0.0146278,0.0215149,2026-07-17 08:01:08.030
1704,14,3,29,CC_Chg,99681,1380,1.54504,0.03999,0.0152925,0.0225407,2026-07-17 08:02:08.030
1705,14,3,29,CC_Chg,99741,1440,1.54969,0.03968,0.0159571,0.023569,2026-07-17 08:03:08.030
1706,14,3,29,CC_Chg,99801,1500,1.55465,0.03968,0.0166216,0.0246004,2026-07-17 08:04:08.030
1707,14,3,29,CC_Chg,99861,1560,1.55977,0.03968,0.0172866,0.0256359,2026-07-17 08:05:08.030
1708,14,3,29,CC_Chg,99921,1620,1.56441,0.03999,0.0179514,0.0266746,2026-07-17 08:06:08.030
1709,14,3,29,CC_Chg,99981,1680,1.56798,0.03999,0.0186158,0.0277153,2026-07-17 08:07:08.030
1710,14,3,29,CC_Chg,100041,1740,1.57062,0.03999,0.0192803,0.0287582,2026-07-17 08:08:08.030
1711,14,3,29,CC_Chg,100101,1800,1.57325,0.03999,0.0199449,0.0298029,2026-07-17 08:09:08.030
1712,14,3,29,CC_Chg,100161,1860,1.57526,0.03968,0.0206095,0.0308492,2026-07-17 08:10:08.030
1713,14,3,29,CC_Chg,100221,1920,1.57697,0.03999,0.0212744,0.0318972,2026-07-17 08:11:08.030
1714,14,3,29,CC_Chg,100281,1980,1.57883,0.03999,0.0219393,0.0329464,2026-07-17 08:12:08.030
1715,14,3,29,CC_Chg,100341,2040,1.58085,0.03999,0.0226038,0.0339965,2026-07-17 08:13:08.030
1716,14,3,29,CC_Chg,100401,2100,1.58286,0.03999,0.0232683,0.0350477,2026-07-17 08:14:08.030
1717,14,3,29,CC_Chg,100461,2160,1.58519,0.03999,0.023933,0.0361006,2026-07-17 08:15:08.030
1718,14,3,29,CC_Chg,100521,2220,1.58736,0.03999,0.0245976,0.0371548,2026-07-17 08:16:08.030
1719,14,3,29,CC_Chg,100581,2280,1.58999,0.03999,0.0252622,0.0382108,2026-07-17 08:17:08.030
1720,14,3,29,CC_Chg,100641,2340,1.59278,0.03999,0.0259271,0.039269,2026-07-17 08:18:08.030
1721,14,3,29,CC_Chg,100701,2400,1.59604,0.03999,0.026592,0.0403293,2026-07-17 08:19:08.030
1722,14,3,29,CC_Chg,100761,2460,1.59991,0.03999,0.0272568,0.0413916,2026-07-17 08:20:08.030
1723,14,3,29,CC_Chg,100821,2520,1.6041,0.03999,0.0279219,0.0424572,2026-07-17 08:21:08.030
1724,14,3,29,CC_Chg,100881,2580,1.60998,0.03999,0.0285867,0.0435257,2026-07-17 08:22:08.030
1725,14,3,29,CC_Chg,100941,2640,1.61789,0.03968,0.0292516,0.0445985,2026-07-17 08:23:08.030
1726,14,3,29,CC_Chg,101001,2700,1.62735,0.03999,0.0299164,0.0456775,2026-07-17 08:24:08.030
1727,14,3,29,CC_Chg,101061,2760,1.63664,0.03968,0.0305815,0.0467629,2026-07-17 08:25:08.030
1728,14,3,29,CC_Chg,101121,2820,1.64563,0.03999,0.0312461,0.0478536,2026-07-17 08:26:08.030
1729,14,3,29,CC_Chg,101181,2880,1.65369,0.03999,0.0319109,0.0489504,2026-07-17 08:27:08.030
1730,14,3,29,CC_Chg,101241,2940,1.66206,0.03999,0.0325758,0.0500529,2026-07-17 08:28:08.030
1731,14,3,29,CC_Chg,101301,3000,1.67059,0.03999,0.0332403,0.0511602,2026-07-17 08:29:08.030
1732,14,3,29,CC_Chg,101361,3060,1.67881,0.03999,0.0339051,0.0522735,2026-07-17 08:30:08.030
1733,14,3,29,CC_Chg,101421,3120,1.68718,0.03999,0.0345693,0.0533914,2026-07-17 08:31:08.030
1734,14,3,29,CC_Chg,101481,3180,1.69601,0.03999,0.0352342,0.0545163,2026-07-17 08:32:08.030
1735,14,3,29,CC_Chg,101541,3240,1.70515,0.03999,0.035899,0.0556469,2026-07-17 08:33:08.030
1736,14,3,29,CC_Chg,101601,3300,1.71446,0.03999,0.0365641,0.0567841,2026-07-17 08:34:08.030
1737,14,3,29,CC_Chg,101661,3360,1.72391,0.03999,0.0372288,0.0579269,2026-07-17 08:35:08.030
1738,14,3,29,CC_Chg,101721,3420,1.73352,0.03968,0.0378935,0.059076,2026-07-17 08:36:08.030
1739,14,3,29,CC_Chg,101781,3480,1.74266,0.03968,0.0385584,0.0602317,2026-07-17 08:37:08.030
1740,14,3,29,CC_Chg,101841,3540,1.75165,0.03999,0.039223,0.0613932,2026-07-17 08:38:08.030
1741,14,3,29,CC_Chg,101901,3600,1.76033,0.03999,0.0398878,0.0625607,2026-07-17 08:39:08.030
1742,14,3,29,CC_Chg,101961,3660,1.76886,0.03999,0.0405526,0.063734,2026-07-17 08:40:08.030
1743,14,3,29,CC_Chg,102021,3720,1.77645,0.03999,0.041217,0.0649119,2026-07-17 08:41:08.030
1744,14,3,29,CC_Chg,102081,3780,1.78405,0.03999,0.0418816,0.0660951,2026-07-17 08:42:08.030
1745,14,3,29,CC_Chg,102141,3840,1.79133,0.03999,0.0425465,0.067284,2026-07-17 08:43:08.030
1746,14,3,29,CC_Chg,102201,3900,1.79769,0.03999,0.0432117,0.0684778,2026-07-17 08:44:08.030
1747,14,3,29,CC_Chg,102223,3921.74,1.80001,0.03999,0.043453,0.0689119,2026-07-17 08:44:29.770
1748,15,2,30,CC_DChg,102223,0,1.76762,-0.03968,0,0,2026-07-17 08:44:29.840
1749,15,2,30,CC_DChg,102283,60,1.70298,-0.03999,0.000665356,0.00115084,2026-07-17 08:45:29.840
1750,15,2,30,CC_DChg,102343,120,1.66393,-0.03999,0.00132997,0.00226921,2026-07-17 08:46:29.840
1751,15,2,30,CC_DChg,102403,180,1.63091,-0.03999,0.00199437,0.0033635,2026-07-17 08:47:29.840
1752,15,2,30,CC_DChg,102463,240,1.60285,-0.03968,0.00265915,0.00443832,2026-07-17 08:48:29.840
1753,15,2,30,CC_DChg,102523,300,1.57929,-0.03999,0.00332395,0.00549599,2026-07-17 08:49:29.840
1754,15,2,30,CC_DChg,102583,360,1.55868,-0.03968,0.00398895,0.00653928,2026-07-17 08:50:29.840
1755,15,2,30,CC_DChg,102643,420,1.54116,-0.03968,0.00465371,0.00756958,2026-07-17 08:51:29.840
1756,15,2,30,CC_DChg,102703,480,1.52567,-0.03968,0.00531832,0.00858861,2026-07-17 08:52:29.840
1757,15,2,30,CC_DChg,102763,540,1.51171,-0.03999,0.00598306,0.00959819,2026-07-17 08:53:29.840
1758,15,2,30,CC_DChg,102823,600,1.49931,-0.03999,0.00664754,0.0105986,2026-07-17 08:54:29.840
1759,15,2,30,CC_DChg,102883,660,1.48769,-0.03999,0.0073124,0.0115917,2026-07-17 08:55:29.840
1760,15,2,30,CC_DChg,102943,720,1.47684,-0.03999,0.00797719,0.0125772,2026-07-17 08:56:29.840
1761,15,2,30,CC_DChg,103003,780,1.46692,-0.03999,0.00864213,0.013556,2026-07-17 08:57:29.840
1762,15,2,30,CC_DChg,103063,840,1.45684,-0.03999,0.00930686,0.0145277,2026-07-17 08:58:29.840
1763,15,2,30,CC_DChg,103123,900,1.44801,-0.03968,0.00997152,0.0154931,2026-07-17 08:59:29.840
1764,15,2,30,CC_DChg,103183,960,1.43902,-0.03999,0.0106358,0.016452,2026-07-17 09:00:29.840
1765,15,2,30,CC_DChg,103243,1020,1.43111,-0.03968,0.0113003,0.0174056,2026-07-17 09:01:29.840
1766,15,2,30,CC_DChg,103303,1080,1.42445,-0.03968,0.0119647,0.0183541,2026-07-17 09:02:29.840
1767,15,2,30,CC_DChg,103363,1140,1.4184,-0.03968,0.0126294,0.0192988,2026-07-17 09:03:29.840
1768,15,2,30,CC_DChg,103423,1200,1.41314,-0.03999,0.0132935,0.0202391,2026-07-17 09:04:29.840
1769,15,2,30,CC_DChg,103483,1260,1.40771,-0.03968,0.0139577,0.021176,2026-07-17 09:05:29.840
1770,15,2,30,CC_DChg,103543,1320,1.40275,-0.03999,0.0146224,0.0221101,2026-07-17 09:06:29.840
1771,15,2,30,CC_DChg,103603,1380,1.39826,-0.03968,0.0152868,0.0230407,2026-07-17 09:07:29.840
1772,15,2,30,CC_DChg,103663,1440,1.39345,-0.03999,0.0159513,0.0239683,2026-07-17 09:08:29.840
1773,15,2,30,CC_DChg,103723,1500,1.38864,-0.03968,0.0166158,0.0248927,2026-07-17 09:09:29.840
1774,15,2,30,CC_DChg,103783,1560,1.38369,-0.03999,0.0172804,0.025814,2026-07-17 09:10:29.840
1775,15,2,30,CC_DChg,103843,1620,1.3781,-0.03968,0.017945,0.0267317,2026-07-17 09:11:29.840
1776,15,2,30,CC_DChg,103903,1680,1.37206,-0.03999,0.0186091,0.0276451,2026-07-17 09:12:29.840
1777,15,2,30,CC_DChg,103963,1740,1.36493,-0.03999,0.0192736,0.0285545,2026-07-17 09:13:29.840
1778,15,2,30,CC_DChg,104023,1800,1.35702,-0.03999,0.0199386,0.0294597,2026-07-17 09:14:29.840
1779,15,2,30,CC_DChg,104083,1860,1.34773,-0.03999,0.0206031,0.0303585,2026-07-17 09:15:29.840
1780,15,2,30,CC_DChg,104143,1920,1.33688,-0.03968,0.0212678,0.0312509,2026-07-17 09:16:29.840
1781,15,2,30,CC_DChg,104203,1980,1.32386,-0.03999,0.0219323,0.032135,2026-07-17 09:17:29.840
1782,15,2,30,CC_DChg,104263,2040,1.30882,-0.03968,0.0225966,0.0330094,2026-07-17 09:18:29.840
1783,15,2,30,CC_DChg,104323,2100,1.29192,-0.03999,0.0232609,0.0338734,2026-07-17 09:19:29.840
1784,15,2,30,CC_DChg,104383,2160,1.27704,-0.03999,0.0239255,0.0347267,2026-07-17 09:20:29.840
1785,15,2,30,CC_DChg,104443,2220,1.27596,-0.03968,0.0245902,0.0355747,2026-07-17 09:21:29.840
1786,15,2,30,CC_DChg,104503,2280,1.28015,-0.03999,0.0252549,0.0364241,2026-07-17 09:22:29.840
1787,15,2,30,CC_DChg,104563,2340,1.28185,-0.03968,0.0259196,0.0372758,2026-07-17 09:23:29.840
1788,15,2,30,CC_DChg,104623,2400,1.27968,-0.03999,0.0265841,0.0381271,2026-07-17 09:24:29.840
1789,15,2,30,CC_DChg,104683,2460,1.27425,-0.03968,0.0272484,0.0389755,2026-07-17 09:25:29.840
1790,15,2,30,CC_DChg,104743,2520,1.26496,-0.03999,0.0279129,0.0398194,2026-07-17 09:26:29.840
1791,15,2,30,CC_DChg,104803,2580,1.25271,-0.03999,0.0285777,0.0406564,2026-07-17 09:27:29.840
1792,15,2,30,CC_DChg,104863,2640,1.23659,-0.03999,0.0292421,0.0414837,2026-07-17 09:28:29.840
1793,15,2,30,CC_DChg,104923,2700,1.21675,-0.03968,0.0299068,0.0422994,2026-07-17 09:29:29.840
1794,15,2,30,CC_DChg,104983,2760,1.19226,-0.03968,0.0305714,0.0431002,2026-07-17 09:30:29.840
1795,15,2,30,CC_DChg,105043,2820,1.16436,-0.03968,0.0312359,0.0438833,2026-07-17 09:31:29.840
1796,15,2,30,CC_DChg,105103,2880,1.13553,-0.03999,0.0319009,0.0446479,2026-07-17 09:32:29.840
1797,15,2,30,CC_DChg,105163,2940,1.10639,-0.03999,0.0325654,0.0453928,2026-07-17 09:33:29.840
1798,15,2,30,CC_DChg,105223,3000,1.07771,-0.03999,0.0332302,0.0461189,2026-07-17 09:34:29.840
1799,15,2,30,CC_DChg,105283,3060,1.04873,-0.03999,0.0338952,0.046826,2026-07-17 09:35:29.840
1800,15,2,30,CC_DChg,105343,3120,1.02021,-0.03999,0.0345598,0.0475136,2026-07-17 09:36:29.840
1801,15,2,30,CC_DChg,105403,3180,0.991845,-0.03968,0.0352245,0.0481822,2026-07-17 09:37:29.840
1802,15,2,30,CC_DChg,105463,3240,0.96503,-0.03999,0.0358892,0.0488328,2026-07-17 09:38:29.840
1803,15,2,30,CC_DChg,105523,3300,0.93899,-0.03999,0.0365538,0.0494655,2026-07-17 09:39:29.840
1804,15,2,30,CC_DChg,105583,3360,0.914345,-0.03968,0.0372189,0.0500817,2026-07-17 09:40:29.840
1805,15,2,30,CC_DChg,105643,3420,0.89032,-0.03999,0.0378834,0.0506811,2026-07-17 09:41:29.840
1806,15,2,30,CC_DChg,105703,3480,0.868465,-0.03999,0.0385482,0.0512657,2026-07-17 09:42:29.840
1807,15,2,30,CC_DChg,105763,3540,0.848315,-0.03999,0.0392129,0.0518361,2026-07-17 09:43:29.840
1808,15,2,30,CC_DChg,105823,3600,0.830025,-0.03999,0.0398777,0.0523941,2026-07-17 09:44:29.840
1809,15,2,30,CC_DChg,105883,3660,0.812045,-0.03999,0.0405424,0.0529398,2026-07-17 09:45:29.840
1810,15,2,30,CC_DChg,105924,3701.39,0.7998,-0.03968,0.0410013,0.0533096,2026-07-17 09:46:11.230
1811,15,3,31,CC_Chg,105924,0,0.835605,0.03968,0,0,2026-07-17 09:46:11.300
1812,15,3,31,CC_Chg,105984,60,1.03556,0.03968,0.000665856,0.000630494,2026-07-17 09:47:11.300
1813,15,3,31,CC_Chg,106044,120,1.18389,0.03999,0.00133115,0.00136934,2026-07-17 09:48:11.300
1814,15,3,31,CC_Chg,106104,180,1.36989,0.03999,0.00199613,0.00221409,2026-07-17 09:49:11.300
1815,15,3,31,CC_Chg,106164,240,1.5514,0.03968,0.00266099,0.00319052,2026-07-17 09:50:11.300
1816,15,3,31,CC_Chg,106224,300,1.52845,0.03999,0.00332592,0.00421159,2026-07-17 09:51:11.300
1817,15,3,31,CC_Chg,106284,360,1.52737,0.03968,0.00399081,0.00522738,2026-07-17 09:52:11.300
1818,15,3,31,CC_Chg,106344,420,1.52737,0.03999,0.00465519,0.00624213,2026-07-17 09:53:11.300
1819,15,3,31,CC_Chg,106404,480,1.52768,0.03999,0.00532007,0.00725778,2026-07-17 09:54:11.300
1820,15,3,31,CC_Chg,106464,540,1.52799,0.03999,0.0059846,0.00827316,2026-07-17 09:55:11.300
1821,15,3,31,CC_Chg,106524,600,1.52861,0.03999,0.0066494,0.0092892,2026-07-17 09:56:11.300
1822,15,3,31,CC_Chg,106584,660,1.52876,0.03999,0.00731417,0.0103055,2026-07-17 09:57:11.300
1823,15,3,31,CC_Chg,106644,720,1.52923,0.03999,0.00797863,0.0113215,2026-07-17 09:58:11.300
1824,15,3,31,CC_Chg,106704,780,1.52985,0.03999,0.0086435,0.0123386,2026-07-17 09:59:11.300
1825,15,3,31,CC_Chg,106764,840,1.53032,0.03999,0.00930828,0.0133558,2026-07-17 10:00:11.300
1826,15,3,31,CC_Chg,106824,900,1.53093,0.03999,0.0099733,0.0143737,2026-07-17 10:01:11.300
1827,15,3,31,CC_Chg,106884,960,1.53171,0.03999,0.0106378,0.0153914,2026-07-17 10:02:11.300
1828,15,3,31,CC_Chg,106944,1020,1.53264,0.03999,0.0113022,0.0164093,2026-07-17 10:03:11.300
1829,15,3,31,CC_Chg,107004,1080,1.53357,0.03968,0.0119662,0.0174273,2026-07-17 10:04:11.300
1830,15,3,31,CC_Chg,107064,1140,1.53496,0.03968,0.012631,0.0184473,2026-07-17 10:05:11.300
1831,15,3,31,CC_Chg,107124,1200,1.53667,0.03968,0.0132954,0.0194677,2026-07-17 10:06:11.300
1832,15,3,31,CC_Chg,107184,1260,1.53884,0.03999,0.0139603,0.02049,2026-07-17 10:07:11.300
1833,15,3,31,CC_Chg,107244,1320,1.54178,0.03968,0.0146251,0.021514,2026-07-17 10:08:11.300
1834,15,3,31,CC_Chg,107304,1380,1.5455,0.03999,0.0152898,0.0225401,2026-07-17 10:09:11.300
1835,15,3,31,CC_Chg,107364,1440,1.55,0.03999,0.0159542,0.0235684,2026-07-17 10:10:11.300
1836,15,3,31,CC_Chg,107424,1500,1.5548,0.03999,0.0166191,0.0246005,2026-07-17 10:11:11.300
1837,15,3,31,CC_Chg,107484,1560,1.55992,0.03968,0.0172836,0.0256354,2026-07-17 10:12:11.300
1838,15,3,31,CC_Chg,107544,1620,1.56441,0.03968,0.0179481,0.0266735,2026-07-17 10:13:11.300
1839,15,3,31,CC_Chg,107604,1680,1.56767,0.03999,0.0186128,0.0277146,2026-07-17 10:14:11.300
1840,15,3,31,CC_Chg,107664,1740,1.57062,0.03999,0.0192773,0.0287574,2026-07-17 10:15:11.300
1841,15,3,31,CC_Chg,107724,1800,1.57309,0.03968,0.0199418,0.029802,2026-07-17 10:16:11.300
1842,15,3,31,CC_Chg,107784,1860,1.57511,0.03999,0.0206064,0.0308483,2026-07-17 10:17:11.300
1843,15,3,31,CC_Chg,107844,1920,1.57697,0.03999,0.0212707,0.0318952,2026-07-17 10:18:11.300
1844,15,3,31,CC_Chg,107904,1980,1.57899,0.03999,0.0219352,0.0329439,2026-07-17 10:19:11.300
1845,15,3,31,CC_Chg,107964,2040,1.581,0.03968,0.0225998,0.0339941,2026-07-17 10:20:11.300
1846,15,3,31,CC_Chg,108024,2100,1.58317,0.03999,0.0232644,0.0350456,2026-07-17 10:21:11.300
1847,15,3,31,CC_Chg,108084,2160,1.58519,0.03968,0.0239292,0.0360988,2026-07-17 10:22:11.300
1848,15,3,31,CC_Chg,108144,2220,1.58767,0.03999,0.0245941,0.0371537,2026-07-17 10:23:11.300
1849,15,3,31,CC_Chg,108204,2280,1.59014,0.03999,0.0252587,0.0382097,2026-07-17 10:24:11.300
1850,15,3,31,CC_Chg,108264,2340,1.59309,0.03968,0.0259238,0.0392684,2026-07-17 10:25:11.300
1851,15,3,31,CC_Chg,108324,2400,1.59634,0.03999,0.0265885,0.0403283,2026-07-17 10:26:11.300
1852,15,3,31,CC_Chg,108384,2460,1.59991,0.03999,0.027253,0.0413904,2026-07-17 10:27:11.300
1853,15,3,31,CC_Chg,108444,2520,1.60456,0.03968,0.0279177,0.0424553,2026-07-17 10:28:11.300
1854,15,3,31,CC_Chg,108504,2580,1.61014,0.03999,0.0285821,0.0435231,2026-07-17 10:29:11.300
1855,15,3,31,CC_Chg,108564,2640,1.61804,0.03999,0.0292467,0.0445959,2026-07-17 10:30:11.300
1856,15,3,31,CC_Chg,108624,2700,1.62735,0.03968,0.0299115,0.0456749,2026-07-17 10:31:11.300
1857,15,3,31,CC_Chg,108684,2760,1.63664,0.03968,0.0305761,0.0467596,2026-07-17 10:32:11.300
1858,15,3,31,CC_Chg,108744,2820,1.64517,0.03999,0.0312409,0.0478506,2026-07-17 10:33:11.300
1859,15,3,31,CC_Chg,108804,2880,1.65323,0.03999,0.0319057,0.0489471,2026-07-17 10:34:11.300
1860,15,3,31,CC_Chg,108864,2940,1.6616,0.03968,0.0325702,0.0500484,2026-07-17 10:35:11.300
1861,15,3,31,CC_Chg,108924,3000,1.66982,0.03968,0.0332346,0.0511552,2026-07-17 10:36:11.300
1862,15,3,31,CC_Chg,108984,3060,1.67772,0.03999,0.0338994,0.0522681,2026-07-17 10:37:11.300
1863,15,3,31,CC_Chg,109044,3120,1.6864,0.03968,0.0345644,0.0533866,2026-07-17 10:38:11.300
1864,15,3,31,CC_Chg,109104,3180,1.69508,0.03968,0.0352293,0.0545109,2026-07-17 10:39:11.300
1865,15,3,31,CC_Chg,109164,3240,1.70392,0.03999,0.0358943,0.0556412,2026-07-17 10:40:11.300
1866,15,3,31,CC_Chg,109224,3300,1.7129,0.03999,0.036559,0.0567769,2026-07-17 10:41:11.300
1867,15,3,31,CC_Chg,109284,3360,1.72236,0.03999,0.0372237,0.0579189,2026-07-17 10:42:11.300
1868,15,3,31,CC_Chg,109344,3420,1.73166,0.03999,0.0378888,0.0590675,2026-07-17 10:43:11.300
1869,15,3,31,CC_Chg,109404,3480,1.74096,0.03999,0.0385537,0.0602222,2026-07-17 10:44:11.300
1870,15,3,31,CC_Chg,109464,3540,1.74995,0.03999,0.0392182,0.0613823,2026-07-17 10:45:11.300
1871,15,3,31,CC_Chg,109524,3600,1.75863,0.03999,0.0398829,0.0625484,2026-07-17 10:46:11.300
1872,15,3,31,CC_Chg,109584,3660,1.76716,0.03968,0.0405476,0.0637205,2026-07-17 10:47:11.300
1873,15,3,31,CC_Chg,109644,3720,1.77521,0.03968,0.0412123,0.0648979,2026-07-17 10:48:11.300
1874,15,3,31,CC_Chg,109704,3780,1.78266,0.03999,0.0418767,0.06608,2026-07-17 10:49:11.300
1875,15,3,31,CC_Chg,109764,3840,1.78994,0.03968,0.0425411,0.067267,2026-07-17 10:50:11.300
1876,15,3,31,CC_Chg,109824,3900,1.79661,0.03999,0.0432056,0.0684588,2026-07-17 10:51:11.300
1877,15,3,31,CC_Chg,109856,3931.8,1.80001,0.03968,0.0435582,0.0690931,2026-07-17 10:51:43.100
1878,16,2,32,CC_DChg,109856,0,1.76824,-0.03968,0,0,2026-07-17 10:51:43.170
1879,16,2,32,CC_DChg,109916,60,1.70392,-0.03999,0.000664926,0.00115069,2026-07-17 10:52:43.170
1880,16,2,32,CC_DChg,109976,120,1.66532,-0.03999,0.00132922,0.00226942,2026-07-17 10:53:43.170
1881,16,2,32,CC_DChg,110036,180,1.63261,-0.03999,0.00199369,0.00336494,2026-07-17 10:54:43.170
1882,16,2,32,CC_DChg,110096,240,1.60502,-0.03968,0.00265837,0.0044408,2026-07-17 10:55:43.170
1883,16,2,32,CC_DChg,110156,300,1.581,-0.03968,0.00332286,0.00549923,2026-07-17 10:56:43.170
1884,16,2,32,CC_DChg,110216,360,1.56069,-0.03999,0.00398713,0.00654258,2026-07-17 10:57:43.170
1885,16,2,32,CC_DChg,110276,420,1.54272,-0.03999,0.00465163,0.00757362,2026-07-17 10:58:43.170
1886,16,2,32,CC_DChg,110336,480,1.52721,-0.03999,0.00531637,0.00859398,2026-07-17 10:59:43.170
1887,16,2,32,CC_DChg,110396,540,1.51357,-0.03968,0.00598107,0.00960465,2026-07-17 11:00:43.170
1888,16,2,32,CC_DChg,110456,600,1.50133,-0.03999,0.00664571,0.0106066,2026-07-17 11:01:43.170
1889,16,2,32,CC_DChg,110516,660,1.48986,-0.03968,0.00731048,0.0116008,2026-07-17 11:02:43.170
1890,16,2,32,CC_DChg,110576,720,1.47917,-0.03999,0.0079749,0.0125872,2026-07-17 11:03:43.170
1891,16,2,32,CC_DChg,110636,780,1.46909,-0.03968,0.00863913,0.0135664,2026-07-17 11:04:43.170
1892,16,2,32,CC_DChg,110696,840,1.45932,-0.03999,0.00930369,0.0145395,2026-07-17 11:05:43.170
1893,16,2,32,CC_DChg,110756,900,1.45002,-0.03999,0.00996848,0.0155066,2026-07-17 11:06:43.170
1894,16,2,32,CC_DChg,110816,960,1.44119,-0.03999,0.0106331,0.0164674,2026-07-17 11:07:43.170
1895,16,2,32,CC_DChg,110876,1020,1.43267,-0.03999,0.0112978,0.0174226,2026-07-17 11:08:43.170
1896,16,2,32,CC_DChg,110936,1080,1.42585,-0.03999,0.0119625,0.0183726,2026-07-17 11:09:43.170
1897,16,2,32,CC_DChg,110996,1140,1.41965,-0.03999,0.0126273,0.0193185,2026-07-17 11:10:43.170
1898,16,2,32,CC_DChg,111056,1200,1.41422,-0.03999,0.0132915,0.0202597,2026-07-17 11:11:43.170
1899,16,2,32,CC_DChg,111116,1260,1.4088,-0.03999,0.0139564,0.0211983,2026-07-17 11:12:43.170
1900,16,2,32,CC_DChg,111176,1320,1.40368,-0.03999,0.014621,0.0221329,2026-07-17 11:13:43.170
1901,16,2,32,CC_DChg,111236,1380,1.39872,-0.03999,0.0152858,0.0230646,2026-07-17 11:14:43.170
1902,16,2,32,CC_DChg,111296,1440,1.39407,-0.03999,0.0159506,0.0239929,2026-07-17 11:15:43.170
1903,16,2,32,CC_DChg,111356,1500,1.38911,-0.03999,0.0166153,0.024918,2026-07-17 11:16:43.170
1904,16,2,32,CC_DChg,111416,1560,1.3843,-0.03999,0.0172796,0.0258393,2026-07-17 11:17:43.170
1905,16,2,32,CC_DChg,111476,1620,1.37888,-0.03968,0.0179443,0.0267577,2026-07-17 11:18:43.170
1906,16,2,32,CC_DChg,111536,1680,1.37284,-0.03999,0.0186092,0.0276724,2026-07-17 11:19:43.170
1907,16,2,32,CC_DChg,111596,1740,1.36586,-0.03999,0.0192739,0.0285828,2026-07-17 11:20:43.170
1908,16,2,32,CC_DChg,111656,1800,1.35827,-0.03999,0.0199386,0.0294883,2026-07-17 11:21:43.170
1909,16,2,32,CC_DChg,111716,1860,1.34943,-0.03999,0.0206032,0.0303882,2026-07-17 11:22:43.170
1910,16,2,32,CC_DChg,111776,1920,1.33858,-0.03968,0.0212682,0.0312821,2026-07-17 11:23:43.170
1911,16,2,32,CC_DChg,111836,1980,1.32587,-0.03999,0.0219329,0.0321678,2026-07-17 11:24:43.170
1912,16,2,32,CC_DChg,111896,2040,1.31161,-0.03968,0.0225978,0.0330448,2026-07-17 11:25:43.170
1913,16,2,32,CC_DChg,111956,2100,1.29503,-0.03968,0.0232625,0.0339113,2026-07-17 11:26:43.170
1914,16,2,32,CC_DChg,112016,2160,1.27906,-0.03999,0.023927,0.0347663,2026-07-17 11:27:43.170
1915,16,2,32,CC_DChg,112076,2220,1.27519,-0.03968,0.0245919,0.0356146,2026-07-17 11:28:43.170
1916,16,2,32,CC_DChg,112136,2280,1.27921,-0.03999,0.0252565,0.0364634,2026-07-17 11:29:43.170
1917,16,2,32,CC_DChg,112196,2340,1.28154,-0.03999,0.0259209,0.0373143,2026-07-17 11:30:43.170
1918,16,2,32,CC_DChg,112256,2400,1.28015,-0.03968,0.0265858,0.0381661,2026-07-17 11:31:43.170
1919,16,2,32,CC_DChg,112316,2460,1.27487,-0.03968,0.0272501,0.039015,2026-07-17 11:32:43.170
1920,16,2,32,CC_DChg,112376,2520,1.2665,-0.03999,0.0279149,0.0398601,2026-07-17 11:33:43.170
1921,16,2,32,CC_DChg,112436,2580,1.25473,-0.03999,0.0285795,0.0406982,2026-07-17 11:34:43.170
1922,16,2,32,CC_DChg,112496,2640,1.23907,-0.03968,0.0292442,0.0415272,2026-07-17 11:35:43.170
1923,16,2,32,CC_DChg,112556,2700,1.21938,-0.03968,0.0299088,0.0423444,2026-07-17 11:36:43.170
1924,16,2,32,CC_DChg,112616,2760,1.19536,-0.03968,0.0305733,0.0431471,2026-07-17 11:37:43.170
1925,16,2,32,CC_DChg,112676,2820,1.16808,-0.03968,0.031238,0.0439328,2026-07-17 11:38:43.170
1926,16,2,32,CC_DChg,112736,2880,1.13972,-0.03999,0.0319025,0.0446994,2026-07-17 11:39:43.170
1927,16,2,32,CC_DChg,112796,2940,1.11073,-0.03999,0.0325671,0.0454472,2026-07-17 11:40:43.170
1928,16,2,32,CC_DChg,112856,3000,1.08205,-0.03968,0.0332318,0.0461759,2026-07-17 11:41:43.170
1929,16,2,32,CC_DChg,112916,3060,1.05338,-0.03999,0.0338963,0.0468854,2026-07-17 11:42:43.170
1930,16,2,32,CC_DChg,112976,3120,1.0247,-0.03999,0.0345607,0.0475758,2026-07-17 11:43:43.170
1931,16,2,32,CC_DChg,113036,3180,0.99696,-0.03999,0.035225,0.0482474,2026-07-17 11:44:43.170
1932,16,2,32,CC_DChg,113096,3240,0.96999,-0.03968,0.0358895,0.0489008,2026-07-17 11:45:43.170
1933,16,2,32,CC_DChg,113156,3300,0.94426,-0.03999,0.0365544,0.0495371,2026-07-17 11:46:43.170
1934,16,2,32,CC_DChg,113216,3360,0.91884,-0.03999,0.0372189,0.0501561,2026-07-17 11:47:43.170
1935,16,2,32,CC_DChg,113276,3420,0.89466,-0.03999,0.0378836,0.0507589,2026-07-17 11:48:43.170
1936,16,2,32,CC_DChg,113336,3480,0.87234,-0.03968,0.0385482,0.0513462,2026-07-17 11:49:43.170
1937,16,2,32,CC_DChg,113396,3540,0.85188,-0.03999,0.0392125,0.0519189,2026-07-17 11:50:43.170
1938,16,2,32,CC_DChg,113456,3600,0.833125,-0.03999,0.0398772,0.0524789,2026-07-17 11:51:43.170
1939,16,2,32,CC_DChg,113516,3660,0.815145,-0.03999,0.0405418,0.0530266,2026-07-17 11:52:43.170
1940,16,2,32,CC_DChg,113568,3711.67,0.7998,-0.03968,0.0411148,0.0534892,2026-07-17 11:53:34.840
1941,16,3,33,CC_Chg,113568,0,0.835605,0.03968,0,0,2026-07-17 11:53:34.940
1942,16,3,33,CC_Chg,113628,60,1.03602,0.03999,0.000666537,0.000631232,2026-07-17 11:54:34.940
1943,16,3,33,CC_Chg,113688,120,1.18234,0.03999,0.00133177,0.00137015,2026-07-17 11:55:34.940
1944,16,3,33,CC_Chg,113748,180,1.37082,0.03999,0.00199695,0.00221524,2026-07-17 11:56:34.940
1945,16,3,33,CC_Chg,113808,240,1.55186,0.03999,0.00266198,0.00319234,2026-07-17 11:57:34.940
1946,16,3,33,CC_Chg,113868,300,1.52845,0.03999,0.00332713,0.00421363,2026-07-17 11:58:34.940
1947,16,3,33,CC_Chg,113928,360,1.52737,0.03999,0.00399193,0.00522926,2026-07-17 11:59:34.940
1948,16,3,33,CC_Chg,113988,420,1.52737,0.03999,0.00465654,0.00624438,2026-07-17 12:00:34.940
1949,16,3,33,CC_Chg,114048,480,1.52799,0.03968,0.00532142,0.00726013,2026-07-17 12:01:34.940
1950,16,3,33,CC_Chg,114108,540,1.5283,0.03968,0.00598601,0.00827571,2026-07-17 12:02:34.940
1951,16,3,33,CC_Chg,114168,600,1.52861,0.03999,0.00665038,0.00929117,2026-07-17 12:03:34.940
1952,16,3,33,CC_Chg,114228,660,1.52892,0.03999,0.00731513,0.0103075,2026-07-17 12:04:34.940
1953,16,3,33,CC_Chg,114288,720,1.52954,0.03968,0.00798044,0.011325,2026-07-17 12:05:34.940
1954,16,3,33,CC_Chg,114348,780,1.53016,0.03999,0.00864532,0.0123421,2026-07-17 12:06:34.940
1955,16,3,33,CC_Chg,114408,840,1.53062,0.03968,0.00930978,0.013359,2026-07-17 12:07:34.940
1956,16,3,33,CC_Chg,114468,900,1.53124,0.03999,0.00997419,0.0143762,2026-07-17 12:08:34.940
1957,16,3,33,CC_Chg,114528,960,1.53202,0.03999,0.010639,0.0153945,2026-07-17 12:09:34.940
1958,16,3,33,CC_Chg,114588,1020,1.53279,0.03999,0.0113034,0.0164128,2026-07-17 12:10:34.940
1959,16,3,33,CC_Chg,114648,1080,1.53388,0.03999,0.0119679,0.0174318,2026-07-17 12:11:34.940
1960,16,3,33,CC_Chg,114708,1140,1.53543,0.03999,0.0126327,0.0184521,2026-07-17 12:12:34.940
1961,16,3,33,CC_Chg,114768,1200,1.53713,0.03999,0.0132977,0.0194736,2026-07-17 12:13:34.940
1962,16,3,33,CC_Chg,114828,1260,1.53915,0.03999,0.0139625,0.0204963,2026-07-17 12:14:34.940
1963,16,3,33,CC_Chg,114888,1320,1.54209,0.03968,0.0146274,0.0215208,2026-07-17 12:15:34.940
1964,16,3,33,CC_Chg,114948,1380,1.54597,0.03968,0.0152924,0.0225475,2026-07-17 12:16:34.940
1965,16,3,33,CC_Chg,115008,1440,1.55031,0.03999,0.0159572,0.0235767,2026-07-17 12:17:34.940
1966,16,3,33,CC_Chg,115068,1500,1.55543,0.03999,0.0166218,0.0246088,2026-07-17 12:18:34.940
1967,16,3,33,CC_Chg,115128,1560,1.56038,0.03999,0.0172864,0.0256443,2026-07-17 12:19:34.940
1968,16,3,33,CC_Chg,115188,1620,1.56472,0.03999,0.0179507,0.0266824,2026-07-17 12:20:34.940
1969,16,3,33,CC_Chg,115248,1680,1.56829,0.03999,0.0186154,0.0277239,2026-07-17 12:21:34.940
1970,16,3,33,CC_Chg,115308,1740,1.57092,0.03999,0.0192803,0.0287676,2026-07-17 12:22:34.940
1971,16,3,33,CC_Chg,115368,1800,1.5734,0.03999,0.0199453,0.0298131,2026-07-17 12:23:34.940
1972,16,3,33,CC_Chg,115428,1860,1.57542,0.03968,0.02061,0.0308599,2026-07-17 12:24:34.940
1973,16,3,33,CC_Chg,115488,1920,1.57728,0.03999,0.0212747,0.0319079,2026-07-17 12:25:34.940
1974,16,3,33,CC_Chg,115548,1980,1.57945,0.03999,0.0219394,0.0329571,2026-07-17 12:26:34.940
1975,16,3,33,CC_Chg,115608,2040,1.58162,0.03999,0.0226041,0.0340077,2026-07-17 12:27:34.940
1976,16,3,33,CC_Chg,115668,2100,1.58394,0.03999,0.023269,0.0350601,2026-07-17 12:28:34.940
1977,16,3,33,CC_Chg,115728,2160,1.58596,0.03968,0.0239338,0.0361137,2026-07-17 12:29:34.940
1978,16,3,33,CC_Chg,115788,2220,1.58828,0.03999,0.0245984,0.0371687,2026-07-17 12:30:34.940
1979,16,3,33,CC_Chg,115848,2280,1.59092,0.03999,0.0252634,0.0382257,2026-07-17 12:31:34.940
1980,16,3,33,CC_Chg,115908,2340,1.59356,0.03999,0.0259282,0.0392842,2026-07-17 12:32:34.940
1981,16,3,33,CC_Chg,115968,2400,1.59665,0.03999,0.0265931,0.0403449,2026-07-17 12:33:34.940
1982,16,3,33,CC_Chg,116028,2460,1.60038,0.03999,0.027258,0.0414079,2026-07-17 12:34:34.940
1983,16,3,33,CC_Chg,116088,2520,1.60487,0.03968,0.0279223,0.0424726,2026-07-17 12:35:34.940
1984,16,3,33,CC_Chg,116148,2580,1.61092,0.03968,0.0285866,0.0435407,2026-07-17 12:36:34.940
1985,16,3,33,CC_Chg,116208,2640,1.61898,0.03999,0.0292513,0.044614,2026-07-17 12:37:34.940
1986,16,3,33,CC_Chg,116268,2700,1.62812,0.03968,0.0299157,0.0456928,2026-07-17 12:38:34.940
1987,16,3,33,CC_Chg,116328,2760,1.63695,0.03999,0.0305803,0.0467778,2026-07-17 12:39:34.940
1988,16,3,33,CC_Chg,116388,2820,1.64548,0.03999,0.0312449,0.0478688,2026-07-17 12:40:34.940
1989,16,3,33,CC_Chg,116448,2880,1.65354,0.03968,0.0319094,0.0489648,2026-07-17 12:41:34.940
1990,16,3,33,CC_Chg,116508,2940,1.66145,0.03999,0.0325737,0.0500659,2026-07-17 12:42:34.940
1991,16,3,33,CC_Chg,116568,3000,1.66935,0.03999,0.0332385,0.0511732,2026-07-17 12:43:34.940
1992,16,3,33,CC_Chg,116628,3060,1.6771,0.03999,0.0339033,0.0522857,2026-07-17 12:44:34.940
1993,16,3,33,CC_Chg,116688,3120,1.68562,0.03968,0.0345679,0.0534031,2026-07-17 12:45:34.940
1994,16,3,33,CC_Chg,116748,3180,1.6943,0.03968,0.0352321,0.0545256,2026-07-17 12:46:34.940
1995,16,3,33,CC_Chg,116808,3240,1.70298,0.03999,0.0358967,0.0556544,2026-07-17 12:47:34.940
1996,16,3,33,CC_Chg,116868,3300,1.71213,0.03999,0.0365616,0.0567898,2026-07-17 12:48:34.940
1997,16,3,33,CC_Chg,116928,3360,1.72128,0.03968,0.0372265,0.0579312,2026-07-17 12:49:34.940
1998,16,3,33,CC_Chg,116988,3420,1.73042,0.03999,0.0378913,0.0590786,2026-07-17 12:50:34.940
1999,16,3,33,CC_Chg,117048,3480,1.73988,0.03968,0.0385559,0.0602318,2026-07-17 12:51:34.940
2000,16,3,33,CC_Chg,117108,3540,1.74917,0.03968,0.0392202,0.0613906,2026-07-17 12:52:34.940
2001,16,3,33,CC_Chg,117168,3600,1.75801,0.03968,0.039885,0.0625563,2026-07-17 12:53:34.940
2002,16,3,33,CC_Chg,117228,3660,1.76653,0.03999,0.0405495,0.0637274,2026-07-17 12:54:34.940
2003,16,3,33,CC_Chg,117288,3720,1.77459,0.03999,0.0412144,0.0649048,2026-07-17 12:55:34.940
2004,16,3,33,CC_Chg,117348,3780,1.7825,0.03999,0.0418797,0.0660883,2026-07-17 12:56:34.940
2005,16,3,33,CC_Chg,117408,3840,1.78947,0.03999,0.0425438,0.0672744,2026-07-17 12:57:34.940
2006,16,3,33,CC_Chg,117468,3900,1.79629,0.03999,0.0432086,0.0684665,2026-07-17 12:58:34.940
2007,16,3,33,CC_Chg,117504,3936.2,1.80001,0.03968,0.0436099,0.0691882,2026-07-17 12:59:11.140
2008,17,2,34,CC_DChg,117504,0,1.76808,-0.03999,0,0,2026-07-17 12:59:11.210
2009,17,2,34,CC_DChg,117564,60,1.70453,-0.03999,0.000665301,0.00115147,2026-07-17 13:00:11.210
2010,17,2,34,CC_DChg,117624,120,1.66625,-0.03999,0.00132992,0.00227121,2026-07-17 13:01:11.210
2011,17,2,34,CC_DChg,117684,180,1.6337,-0.03999,0.00199425,0.00336709,2026-07-17 13:02:11.210
2012,17,2,34,CC_DChg,117744,240,1.60611,-0.03968,0.00265883,0.00444355,2026-07-17 13:03:11.210
2013,17,2,34,CC_DChg,117804,300,1.58224,-0.03968,0.00332349,0.00550304,2026-07-17 13:04:11.210
2014,17,2,34,CC_DChg,117864,360,1.56163,-0.03999,0.00398783,0.00654737,2026-07-17 13:05:11.210
2015,17,2,34,CC_DChg,117924,420,1.54426,-0.03999,0.00465217,0.00757908,2026-07-17 13:06:11.210
2016,17,2,34,CC_DChg,117984,480,1.52876,-0.03999,0.00531664,0.00860005,2026-07-17 13:07:11.210
2017,17,2,34,CC_DChg,118044,540,1.51544,-0.03999,0.00598142,0.00961194,2026-07-17 13:08:11.210
2018,17,2,34,CC_DChg,118104,600,1.50273,-0.03999,0.00664615,0.0106151,2026-07-17 13:09:11.210
2019,17,2,34,CC_DChg,118164,660,1.49172,-0.03968,0.00731073,0.0116102,2026-07-17 13:10:11.210
2020,17,2,34,CC_DChg,118224,720,1.48056,-0.03999,0.00797546,0.0125981,2026-07-17 13:11:11.210
2021,17,2,34,CC_DChg,118284,780,1.4708,-0.03999,0.00864002,0.0135788,2026-07-17 13:12:11.210
2022,17,2,34,CC_DChg,118344,840,1.46103,-0.03999,0.00930433,0.0145526,2026-07-17 13:13:11.210
2023,17,2,34,CC_DChg,118404,900,1.45173,-0.03999,0.00996889,0.0155204,2026-07-17 13:14:11.210
2024,17,2,34,CC_DChg,118464,960,1.44259,-0.03999,0.0106337,0.0164827,2026-07-17 13:15:11.210
2025,17,2,34,CC_DChg,118524,1020,1.43453,-0.03968,0.0112983,0.0174389,2026-07-17 13:16:11.210
2026,17,2,34,CC_DChg,118584,1080,1.42708,-0.03968,0.0119628,0.0183897,2026-07-17 13:17:11.210
2027,17,2,34,CC_DChg,118644,1140,1.42104,-0.03968,0.0126275,0.0193362,2026-07-17 13:18:11.210
2028,17,2,34,CC_DChg,118704,1200,1.41515,-0.03999,0.0132919,0.0202785,2026-07-17 13:19:11.210
2029,17,2,34,CC_DChg,118764,1260,1.40988,-0.03999,0.0139567,0.0212175,2026-07-17 13:20:11.210
2030,17,2,34,CC_DChg,118824,1320,1.40446,-0.03999,0.0146211,0.0221526,2026-07-17 13:21:11.210
2031,17,2,34,CC_DChg,118884,1380,1.39996,-0.03968,0.015286,0.0230848,2026-07-17 13:22:11.210
2032,17,2,34,CC_DChg,118944,1440,1.39484,-0.03968,0.0159502,0.0240131,2026-07-17 13:23:11.210
2033,17,2,34,CC_DChg,119004,1500,1.3902,-0.03968,0.0166145,0.0249383,2026-07-17 13:24:11.210
2034,17,2,34,CC_DChg,119064,1560,1.38523,-0.03968,0.017279,0.0258603,2026-07-17 13:25:11.210
2035,17,2,34,CC_DChg,119124,1620,1.37966,-0.03999,0.0179435,0.0267791,2026-07-17 13:26:11.210
2036,17,2,34,CC_DChg,119184,1680,1.37392,-0.03999,0.0186075,0.0276934,2026-07-17 13:27:11.210
2037,17,2,34,CC_DChg,119244,1740,1.3671,-0.03999,0.0192721,0.0286043,2026-07-17 13:28:11.210
2038,17,2,34,CC_DChg,119304,1800,1.35966,-0.03968,0.0199369,0.0295109,2026-07-17 13:29:11.210
2039,17,2,34,CC_DChg,119364,1860,1.35082,-0.03999,0.0206014,0.0304113,2026-07-17 13:30:11.210
2040,17,2,34,CC_DChg,119424,1920,1.33997,-0.03999,0.0212658,0.0313054,2026-07-17 13:31:11.210
2041,17,2,34,CC_DChg,119484,1980,1.32788,-0.03968,0.0219304,0.032192,2026-07-17 13:32:11.210
2042,17,2,34,CC_DChg,119544,2040,1.31316,-0.03999,0.0225947,0.0330696,2026-07-17 13:33:11.210
2043,17,2,34,CC_DChg,119604,2100,1.29735,-0.03999,0.0232599,0.0339379,2026-07-17 13:34:11.210
2044,17,2,34,CC_DChg,119664,2160,1.28061,-0.03999,0.0239242,0.0347942,2026-07-17 13:35:11.210
2045,17,2,34,CC_DChg,119724,2220,1.27456,-0.03999,0.0245889,0.0356426,2026-07-17 13:36:11.210
2046,17,2,34,CC_DChg,119784,2280,1.27828,-0.03999,0.0252533,0.0364905,2026-07-17 13:37:11.210
2047,17,2,34,CC_DChg,119844,2340,1.28092,-0.03999,0.025918,0.0373412,2026-07-17 13:38:11.210
2048,17,2,34,CC_DChg,119904,2400,1.27999,-0.03968,0.0265825,0.0381922,2026-07-17 13:39:11.210
2049,17,2,34,CC_DChg,119964,2460,1.27534,-0.03999,0.0272472,0.0390416,2026-07-17 13:40:11.210
2050,17,2,34,CC_DChg,120024,2520,1.26682,-0.03999,0.027912,0.039887,2026-07-17 13:41:11.210
2051,17,2,34,CC_DChg,120084,2580,1.25503,-0.03999,0.0285768,0.0407254,2026-07-17 13:42:11.210
2052,17,2,34,CC_DChg,120144,2640,1.23985,-0.03999,0.0292412,0.0415546,2026-07-17 13:43:11.210
2053,17,2,34,CC_DChg,120204,2700,1.22047,-0.03968,0.0299053,0.0423719,2026-07-17 13:44:11.210
2054,17,2,34,CC_DChg,120264,2760,1.19707,-0.03968,0.0305697,0.0431753,2026-07-17 13:45:11.210
2055,17,2,34,CC_DChg,120324,2820,1.16948,-0.03968,0.031234,0.0439616,2026-07-17 13:46:11.210
2056,17,2,34,CC_DChg,120384,2880,1.14111,-0.03968,0.0318983,0.044729,2026-07-17 13:47:11.210
2057,17,2,34,CC_DChg,120444,2940,1.11213,-0.03999,0.0325627,0.0454774,2026-07-17 13:48:11.210
2058,17,2,34,CC_DChg,120504,3000,1.08314,-0.03968,0.0332274,0.0462071,2026-07-17 13:49:11.210
2059,17,2,34,CC_DChg,120564,3060,1.05415,-0.03999,0.0338919,0.0469172,2026-07-17 13:50:11.210
2060,17,2,34,CC_DChg,120624,3120,1.02595,-0.03999,0.0345565,0.0476086,2026-07-17 13:51:11.210
2061,17,2,34,CC_DChg,120684,3180,0.99882,-0.03999,0.0352211,0.0482815,2026-07-17 13:52:11.210
2062,17,2,34,CC_DChg,120744,3240,0.97247,-0.03999,0.0358858,0.0489368,2026-07-17 13:53:11.210
2063,17,2,34,CC_DChg,120804,3300,0.94767,-0.03999,0.0365502,0.0495746,2026-07-17 13:54:11.210
2064,17,2,34,CC_DChg,120864,3360,0.92287,-0.03999,0.0372146,0.050196,2026-07-17 13:55:11.210
2065,17,2,34,CC_DChg,120924,3420,0.89931,-0.03999,0.0378795,0.0508017,2026-07-17 13:56:11.210
2066,17,2,34,CC_DChg,120984,3480,0.876525,-0.03999,0.038544,0.0513916,2026-07-17 13:57:11.210
2067,17,2,34,CC_DChg,121044,3540,0.85591,-0.03999,0.039209,0.0519677,2026-07-17 13:58:11.210
2068,17,2,34,CC_DChg,121104,3600,0.836845,-0.03968,0.0398737,0.0525302,2026-07-17 13:59:11.210
2069,17,2,34,CC_DChg,121164,3660,0.818245,-0.03999,0.0405383,0.0530802,2026-07-17 14:00:11.210
2070,17,2,34,CC_DChg,121224,3720,0.80011,-0.03999,0.0412029,0.053618,2026-07-17 14:01:11.210
2071,17,2,34,CC_DChg,121226,3722.16,0.799645,-0.03999,0.0412272,0.0536374,2026-07-17 14:01:13.370
2072,17,3,35,CC_Chg,121226,0,0.835295,0.03999,0,0,2026-07-17 14:01:13.440
2073,17,3,35,CC_Chg,121286,60,1.0354,0.03968,0.000665706,0.000630392,2026-07-17 14:02:13.440
2074,17,3,35,CC_Chg,121346,120,1.18389,0.03999,0.00133055,0.00136871,2026-07-17 14:03:13.440
2075,17,3,35,CC_Chg,121406,180,1.37035,0.03999,0.00199531,0.00221297,2026-07-17 14:04:13.440
2076,17,3,35,CC_Chg,121466,240,1.55232,0.03968,0.00265954,0.00318894,2026-07-17 14:05:13.440
2077,17,3,35,CC_Chg,121526,300,1.52861,0.03999,0.00332411,0.00420943,2026-07-17 14:06:13.440
2078,17,3,35,CC_Chg,121586,360,1.52737,0.03999,0.00398888,0.00522517,2026-07-17 14:07:13.440
2079,17,3,35,CC_Chg,121646,420,1.52753,0.03968,0.00465356,0.00624053,2026-07-17 14:08:13.440
2080,17,3,35,CC_Chg,121706,480,1.52799,0.03968,0.00531754,0.00725498,2026-07-17 14:09:13.440
2081,17,3,35,CC_Chg,121766,540,1.5283,0.03968,0.00598181,0.00827012,2026-07-17 14:10:13.440
2082,17,3,35,CC_Chg,121826,600,1.52861,0.03968,0.00664624,0.00928578,2026-07-17 14:11:13.440
2083,17,3,35,CC_Chg,121886,660,1.52907,0.03999,0.00731103,0.0103022,2026-07-17 14:12:13.440
2084,17,3,35,CC_Chg,121946,720,1.52954,0.03999,0.00797526,0.0113181,2026-07-17 14:13:13.440
2085,17,3,35,CC_Chg,122006,780,1.53016,0.03968,0.0086401,0.0123354,2026-07-17 14:14:13.440
2086,17,3,35,CC_Chg,122066,840,1.53093,0.03968,0.00930471,0.0133526,2026-07-17 14:15:13.440
2087,17,3,35,CC_Chg,122126,900,1.5314,0.03999,0.009969,0.0143698,2026-07-17 14:16:13.440
2088,17,3,35,CC_Chg,122186,960,1.53218,0.03999,0.0106335,0.0153877,2026-07-17 14:17:13.440
2089,17,3,35,CC_Chg,122246,1020,1.53295,0.03968,0.011298,0.0164061,2026-07-17 14:18:13.440
2090,17,3,35,CC_Chg,122306,1080,1.53404,0.03999,0.011963,0.0174259,2026-07-17 14:19:13.440
2091,17,3,35,CC_Chg,122366,1140,1.53527,0.03999,0.0126278,0.0184463,2026-07-17 14:20:13.440
2092,17,3,35,CC_Chg,122426,1200,1.53698,0.03999,0.0132925,0.0194674,2026-07-17 14:21:13.440
2093,17,3,35,CC_Chg,122486,1260,1.53946,0.03999,0.013957,0.0204895,2026-07-17 14:22:13.440
2094,17,3,35,CC_Chg,122546,1320,1.54225,0.03999,0.0146217,0.0215138,2026-07-17 14:23:13.440
2095,17,3,35,CC_Chg,122606,1380,1.54597,0.03968,0.0152865,0.0225403,2026-07-17 14:24:13.440
2096,17,3,35,CC_Chg,122666,1440,1.55031,0.03999,0.0159508,0.0235689,2026-07-17 14:25:13.440
2097,17,3,35,CC_Chg,122726,1500,1.55512,0.03999,0.0166152,0.0246005,2026-07-17 14:26:13.440
2098,17,3,35,CC_Chg,122786,1560,1.56008,0.03999,0.0172796,0.0256355,2026-07-17 14:27:13.440
2099,17,3,35,CC_Chg,122846,1620,1.56441,0.03968,0.017944,0.0266735,2026-07-17 14:28:13.440
2100,17,3,35,CC_Chg,122906,1680,1.56783,0.03999,0.0186084,0.0277142,2026-07-17 14:29:13.440
2101,17,3,35,CC_Chg,122966,1740,1.57046,0.03968,0.0192731,0.0287574,2026-07-17 14:30:13.440
2102,17,3,35,CC_Chg,123026,1800,1.57294,0.03999,0.0199377,0.029802,2026-07-17 14:31:13.440
2103,17,3,35,CC_Chg,123086,1860,1.57526,0.03968,0.0206024,0.0308484,2026-07-17 14:32:13.440
2104,17,3,35,CC_Chg,123146,1920,1.57713,0.03968,0.0212668,0.0318957,2026-07-17 14:33:13.440
2105,17,3,35,CC_Chg,123206,1980,1.57929,0.03999,0.0219311,0.032944,2026-07-17 14:34:13.440
2106,17,3,35,CC_Chg,123266,2040,1.58116,0.03999,0.0225954,0.0339939,2026-07-17 14:35:13.440
2107,17,3,35,CC_Chg,123326,2100,1.58317,0.03968,0.02326,0.0350454,2026-07-17 14:36:13.440
2108,17,3,35,CC_Chg,123386,2160,1.58519,0.03999,0.0239244,0.036098,2026-07-17 14:37:13.440
2109,17,3,35,CC_Chg,123446,2220,1.58782,0.03968,0.0245889,0.0371523,2026-07-17 14:38:13.440
2110,17,3,35,CC_Chg,123506,2280,1.5903,0.03968,0.0252536,0.0382087,2026-07-17 14:39:13.440
2111,17,3,35,CC_Chg,123566,2340,1.59325,0.03999,0.025918,0.0392663,2026-07-17 14:40:13.440
2112,17,3,35,CC_Chg,123626,2400,1.59665,0.03999,0.0265826,0.0403262,2026-07-17 14:41:13.440
2113,17,3,35,CC_Chg,123686,2460,1.60022,0.03999,0.0272471,0.0413885,2026-07-17 14:42:13.440
2114,17,3,35,CC_Chg,123746,2520,1.60471,0.03968,0.0279118,0.0424536,2026-07-17 14:43:13.440
2115,17,3,35,CC_Chg,123806,2580,1.61061,0.03999,0.0285762,0.0435218,2026-07-17 14:44:13.440
2116,17,3,35,CC_Chg,123866,2640,1.61882,0.03999,0.0292411,0.0445953,2026-07-17 14:45:13.440
2117,17,3,35,CC_Chg,123926,2700,1.62797,0.03999,0.0299059,0.0456746,2026-07-17 14:46:13.440
2118,17,3,35,CC_Chg,123986,2760,1.63695,0.03968,0.0305704,0.0467595,2026-07-17 14:47:13.440
2119,17,3,35,CC_Chg,124046,2820,1.64517,0.03999,0.0312352,0.0478505,2026-07-17 14:48:13.440
2120,17,3,35,CC_Chg,124106,2880,1.65323,0.03968,0.0319,0.048947,2026-07-17 14:49:13.440
2121,17,3,35,CC_Chg,124166,2940,1.66098,0.03968,0.0325645,0.0500483,2026-07-17 14:50:13.440
2122,17,3,35,CC_Chg,124226,3000,1.66857,0.03968,0.0332288,0.0511543,2026-07-17 14:51:13.440
2123,17,3,35,CC_Chg,124286,3060,1.67694,0.03999,0.0338931,0.0522655,2026-07-17 14:52:13.440
2124,17,3,35,CC_Chg,124346,3120,1.68485,0.03999,0.0345571,0.0533817,2026-07-17 14:53:13.440
2125,17,3,35,CC_Chg,124406,3180,1.69353,0.03968,0.0352215,0.0545042,2026-07-17 14:54:13.440
2126,17,3,35,CC_Chg,124466,3240,1.70221,0.03968,0.0358858,0.0556321,2026-07-17 14:55:13.440
2127,17,3,35,CC_Chg,124526,3300,1.71073,0.03999,0.0365504,0.0567662,2026-07-17 14:56:13.440
2128,17,3,35,CC_Chg,124586,3360,1.72003,0.03999,0.0372148,0.0579062,2026-07-17 14:57:13.440
2129,17,3,35,CC_Chg,124646,3420,1.72965,0.03999,0.0378791,0.0590519,2026-07-17 14:58:13.440
2130,17,3,35,CC_Chg,124706,3480,1.73863,0.03999,0.0385436,0.0602043,2026-07-17 14:59:13.440
2131,17,3,35,CC_Chg,124766,3540,1.74778,0.03999,0.0392077,0.0613621,2026-07-17 15:00:13.440
2132,17,3,35,CC_Chg,124826,3600,1.75662,0.03999,0.0398721,0.0625265,2026-07-17 15:01:13.440
2133,17,3,35,CC_Chg,124886,3660,1.76545,0.03999,0.0405365,0.0636965,2026-07-17 15:02:13.440
2134,17,3,35,CC_Chg,124946,3720,1.77336,0.03999,0.0412008,0.0648721,2026-07-17 15:03:13.440
2135,17,3,35,CC_Chg,125006,3780,1.78126,0.03968,0.0418654,0.0660533,2026-07-17 15:04:13.440
2136,17,3,35,CC_Chg,125066,3840,1.7887,0.03968,0.0425301,0.0672399,2026-07-17 15:05:13.440
2137,17,3,35,CC_Chg,125126,3900,1.79583,0.03968,0.0431948,0.0684313,2026-07-17 15:06:13.440
2138,17,3,35,CC_Chg,125168,3941.99,1.80017,0.03999,0.0436605,0.0692687,2026-07-17 15:06:55.430
2139,18,2,36,CC_DChg,125168,0,1.7687,-0.03968,0,0,2026-07-17 15:06:55.500
2140,18,2,36,CC_DChg,125228,60,1.70547,-0.03968,0.000665582,0.00115239,2026-07-17 15:07:55.500
2141,18,2,36,CC_DChg,125288,120,1.66671,-0.03999,0.00133001,0.00227231,2026-07-17 15:08:55.500
2142,18,2,36,CC_DChg,125348,180,1.63478,-0.03968,0.00199469,0.00336943,2026-07-17 15:09:55.500
2143,18,2,36,CC_DChg,125408,240,1.6075,-0.03999,0.00265911,0.00444636,2026-07-17 15:10:55.500
2144,18,2,36,CC_DChg,125468,300,1.58379,-0.03999,0.00332368,0.00550654,2026-07-17 15:11:55.500
2145,18,2,36,CC_DChg,125528,360,1.56333,-0.03999,0.00398775,0.00655132,2026-07-17 15:12:55.500
2146,18,2,36,CC_DChg,125588,420,1.54566,-0.03999,0.00465199,0.00758376,2026-07-17 15:13:55.500
2147,18,2,36,CC_DChg,125648,480,1.53032,-0.03999,0.00531678,0.00860611,2026-07-17 15:14:55.500
2148,18,2,36,CC_DChg,125708,540,1.51652,-0.03968,0.00598131,0.00961845,2026-07-17 15:15:55.500
2149,18,2,36,CC_DChg,125768,600,1.50443,-0.03968,0.00664569,0.0106219,2026-07-17 15:16:55.500
2150,18,2,36,CC_DChg,125828,660,1.4928,-0.03999,0.00731029,0.0116178,2026-07-17 15:17:55.500
2151,18,2,36,CC_DChg,125888,720,1.48195,-0.03999,0.00797476,0.0126062,2026-07-17 15:18:55.500
2152,18,2,36,CC_DChg,125948,780,1.47219,-0.03999,0.00863934,0.0135879,2026-07-17 15:19:55.500
2153,18,2,36,CC_DChg,126008,840,1.46243,-0.03968,0.00930394,0.0145631,2026-07-17 15:20:55.500
2154,18,2,36,CC_DChg,126068,900,1.45328,-0.03999,0.00996836,0.0155318,2026-07-17 15:21:55.500
2155,18,2,36,CC_DChg,126128,960,1.44429,-0.03999,0.0106331,0.0164949,2026-07-17 15:22:55.500
2156,18,2,36,CC_DChg,126188,1020,1.43623,-0.03968,0.0112978,0.0174524,2026-07-17 15:23:55.500
2157,18,2,36,CC_DChg,126248,1080,1.42848,-0.03999,0.0119621,0.0184038,2026-07-17 15:24:55.500
2158,18,2,36,CC_DChg,126308,1140,1.42228,-0.03999,0.0126265,0.0193507,2026-07-17 15:25:55.500
2159,18,2,36,CC_DChg,126368,1200,1.41639,-0.03999,0.0132913,0.0202944,2026-07-17 15:26:55.500
2160,18,2,36,CC_DChg,126428,1260,1.41112,-0.03968,0.0139558,0.0212338,2026-07-17 15:27:55.500
2161,18,2,36,CC_DChg,126488,1320,1.40569,-0.03968,0.0146199,0.0221692,2026-07-17 15:28:55.500
2162,18,2,36,CC_DChg,126548,1380,1.40074,-0.03999,0.0152846,0.0231019,2026-07-17 15:29:55.500
2163,18,2,36,CC_DChg,126608,1440,1.39609,-0.03968,0.0159489,0.0240309,2026-07-17 15:30:55.500
2164,18,2,36,CC_DChg,126668,1500,1.39112,-0.03999,0.0166133,0.0249569,2026-07-17 15:31:55.500
2165,18,2,36,CC_DChg,126728,1560,1.38601,-0.03999,0.0172776,0.0258795,2026-07-17 15:32:55.500
2166,18,2,36,CC_DChg,126788,1620,1.38074,-0.03999,0.0179426,0.0267995,2026-07-17 15:33:55.500
2167,18,2,36,CC_DChg,126848,1680,1.37516,-0.03999,0.0186069,0.0277149,2026-07-17 15:34:55.500
2168,18,2,36,CC_DChg,126908,1740,1.3685,-0.03968,0.0192716,0.0286269,2026-07-17 15:35:55.500
2169,18,2,36,CC_DChg,126968,1800,1.36075,-0.03999,0.019936,0.0295337,2026-07-17 15:36:55.500
2170,18,2,36,CC_DChg,127028,1860,1.35207,-0.03999,0.0206008,0.0304357,2026-07-17 15:37:55.500
2171,18,2,36,CC_DChg,127088,1920,1.34168,-0.03999,0.0212654,0.031331,2026-07-17 15:38:55.500
2172,18,2,36,CC_DChg,127148,1980,1.32959,-0.03999,0.0219298,0.0322187,2026-07-17 15:39:55.500
2173,18,2,36,CC_DChg,127208,2040,1.31564,-0.03999,0.0225942,0.0330977,2026-07-17 15:40:55.500
2174,18,2,36,CC_DChg,127268,2100,1.29983,-0.03999,0.0232589,0.033967,2026-07-17 15:41:55.500
2175,18,2,36,CC_DChg,127328,2160,1.28293,-0.03999,0.0239235,0.0348252,2026-07-17 15:42:55.500
2176,18,2,36,CC_DChg,127388,2220,1.27472,-0.03999,0.0245882,0.0356744,2026-07-17 15:43:55.500
2177,18,2,36,CC_DChg,127448,2280,1.27798,-0.03999,0.025253,0.0365228,2026-07-17 15:44:55.500
2178,18,2,36,CC_DChg,127508,2340,1.28076,-0.03999,0.0259177,0.0373734,2026-07-17 15:45:55.500
2179,18,2,36,CC_DChg,127568,2400,1.2803,-0.03968,0.0265822,0.0382247,2026-07-17 15:46:55.500
2180,18,2,36,CC_DChg,127628,2460,1.27612,-0.03968,0.0272466,0.0390741,2026-07-17 15:47:55.500
2181,18,2,36,CC_DChg,127688,2520,1.26805,-0.03968,0.0279112,0.0399197,2026-07-17 15:48:55.500
2182,18,2,36,CC_DChg,127748,2580,1.25628,-0.03968,0.0285759,0.0407589,2026-07-17 15:49:55.500
2183,18,2,36,CC_DChg,127808,2640,1.2414,-0.03999,0.0292405,0.0415892,2026-07-17 15:50:55.500
2184,18,2,36,CC_DChg,127868,2700,1.22218,-0.03999,0.0299052,0.0424081,2026-07-17 15:51:55.500
2185,18,2,36,CC_DChg,127928,2760,1.19877,-0.03968,0.0305699,0.0432129,2026-07-17 15:52:55.500
2186,18,2,36,CC_DChg,127988,2820,1.17149,-0.03968,0.0312347,0.0440008,2026-07-17 15:53:55.500
2187,18,2,36,CC_DChg,128048,2880,1.14297,-0.03968,0.0318993,0.0447701,2026-07-17 15:54:55.500
2188,18,2,36,CC_DChg,128108,2940,1.11476,-0.03968,0.0325637,0.0455201,2026-07-17 15:55:55.500
2189,18,2,36,CC_DChg,128168,3000,1.08593,-0.03999,0.0332285,0.0462517,2026-07-17 15:56:55.500
2190,18,2,36,CC_DChg,128228,3060,1.05772,-0.03999,0.033893,0.0469639,2026-07-17 15:57:55.500
2191,18,2,36,CC_DChg,128288,3120,1.02889,-0.03968,0.0345576,0.0476574,2026-07-17 15:58:55.500
2192,18,2,36,CC_DChg,128348,3180,1.00145,-0.03999,0.0352225,0.0483323,2026-07-17 15:59:55.500
2193,18,2,36,CC_DChg,128408,3240,0.97433,-0.03968,0.0358868,0.0489886,2026-07-17 16:00:55.500
2194,18,2,36,CC_DChg,128468,3300,0.948445,-0.03999,0.0365512,0.0496272,2026-07-17 16:01:55.500
2195,18,2,36,CC_DChg,128528,3360,0.923025,-0.03999,0.0372153,0.0502486,2026-07-17 16:02:55.500
2196,18,2,36,CC_DChg,128588,3420,0.899,-0.03968,0.0378801,0.0508542,2026-07-17 16:03:55.500
2197,18,2,36,CC_DChg,128648,3480,0.876215,-0.03999,0.0385447,0.051444,2026-07-17 16:04:55.500
2198,18,2,36,CC_DChg,128708,3540,0.85529,-0.03999,0.0392093,0.0520193,2026-07-17 16:05:55.500
2199,18,2,36,CC_DChg,128768,3600,0.835915,-0.03999,0.0398739,0.0525814,2026-07-17 16:06:55.500
2200,18,2,36,CC_DChg,128828,3660,0.817935,-0.03999,0.0405387,0.0531312,2026-07-17 16:07:55.500
2201,18,2,36,CC_DChg,128889,3720.68,0.7998,-0.03968,0.0412116,0.0536754,2026-07-17 16:08:56.180
2202,18,3,37,CC_Chg,128889,0,0.83545,0.03968,0,0,2026-07-17 16:08:56.250
2203,18,3,37,CC_Chg,128949,60,1.03587,0.03999,0.00066568,0.000630537,2026-07-17 16:09:56.250
2204,18,3,37,CC_Chg,129009,120,1.18219,0.03968,0.00133057,0.00136913,2026-07-17 16:10:56.250
2205,18,3,37,CC_Chg,129069,180,1.37113,0.03999,0.00199525,0.00221364,2026-07-17 16:11:56.250
2206,18,3,37,CC_Chg,129129,240,1.55279,0.03999,0.00266041,0.00319167,2026-07-17 16:12:56.250
2207,18,3,37,CC_Chg,129189,300,1.52845,0.03968,0.00332531,0.00421257,2026-07-17 16:13:56.250
2208,18,3,37,CC_Chg,129249,360,1.52753,0.03968,0.00399019,0.00522843,2026-07-17 16:14:56.250
2209,18,3,37,CC_Chg,129309,420,1.52768,0.03999,0.00465499,0.00624398,2026-07-17 16:15:56.250
2210,18,3,37,CC_Chg,129369,480,1.52799,0.03999,0.0053198,0.00725973,2026-07-17 16:16:56.250
2211,18,3,37,CC_Chg,129429,540,1.52845,0.03968,0.00598438,0.00827537,2026-07-17 16:17:56.250
2212,18,3,37,CC_Chg,129489,600,1.52876,0.03968,0.00664909,0.00929149,2026-07-17 16:18:56.250
2213,18,3,37,CC_Chg,129549,660,1.52923,0.03999,0.00731351,0.0103074,2026-07-17 16:19:56.250
2214,18,3,37,CC_Chg,129609,720,1.5297,0.03968,0.00797797,0.0113238,2026-07-17 16:20:56.250
2215,18,3,37,CC_Chg,129669,780,1.53032,0.03968,0.00864259,0.0123407,2026-07-17 16:21:56.250
2216,18,3,37,CC_Chg,129729,840,1.53093,0.03999,0.00930696,0.0133577,2026-07-17 16:22:56.250
2217,18,3,37,CC_Chg,129789,900,1.5314,0.03999,0.00997119,0.0143748,2026-07-17 16:23:56.250
2218,18,3,37,CC_Chg,129849,960,1.53233,0.03968,0.0106356,0.0153927,2026-07-17 16:24:56.250
2219,18,3,37,CC_Chg,129909,1020,1.5331,0.03999,0.0113001,0.0164114,2026-07-17 16:25:56.250
2220,18,3,37,CC_Chg,129969,1080,1.53435,0.03999,0.0119648,0.0174309,2026-07-17 16:26:56.250
2221,18,3,37,CC_Chg,130029,1140,1.53558,0.03999,0.0126294,0.0184511,2026-07-17 16:27:56.250
2222,18,3,37,CC_Chg,130089,1200,1.53744,0.03999,0.0132937,0.019472,2026-07-17 16:28:56.250
2223,18,3,37,CC_Chg,130149,1260,1.53977,0.03999,0.0139581,0.0204943,2026-07-17 16:29:56.250
2224,18,3,37,CC_Chg,130209,1320,1.54272,0.03999,0.0146227,0.0215187,2026-07-17 16:30:56.250
2225,18,3,37,CC_Chg,130269,1380,1.54675,0.03999,0.0152873,0.0225453,2026-07-17 16:31:56.250
2226,18,3,37,CC_Chg,130329,1440,1.55093,0.03968,0.0159516,0.0235742,2026-07-17 16:32:56.250
2227,18,3,37,CC_Chg,130389,1500,1.55558,0.03999,0.0166161,0.0246065,2026-07-17 16:33:56.250
2228,18,3,37,CC_Chg,130449,1560,1.56054,0.03999,0.0172804,0.0256415,2026-07-17 16:34:56.250
2229,18,3,37,CC_Chg,130509,1620,1.56488,0.03968,0.0179446,0.0266796,2026-07-17 16:35:56.250
2230,18,3,37,CC_Chg,130569,1680,1.56829,0.03968,0.0186087,0.0277201,2026-07-17 16:36:56.250
2231,18,3,37,CC_Chg,130629,1740,1.57077,0.03999,0.0192732,0.0287632,2026-07-17 16:37:56.250
2232,18,3,37,CC_Chg,130689,1800,1.57325,0.03968,0.0199379,0.0298081,2026-07-17 16:38:56.250
2233,18,3,37,CC_Chg,130749,1860,1.57526,0.03999,0.0206021,0.0308538,2026-07-17 16:39:56.250
2234,18,3,37,CC_Chg,130809,1920,1.57697,0.03999,0.0212665,0.031901,2026-07-17 16:40:56.250
2235,18,3,37,CC_Chg,130869,1980,1.57929,0.03999,0.021931,0.0329498,2026-07-17 16:41:56.250
2236,18,3,37,CC_Chg,130929,2040,1.58131,0.03999,0.0225953,0.0339995,2026-07-17 16:42:56.250
2237,18,3,37,CC_Chg,130989,2100,1.58317,0.03999,0.0232599,0.0350511,2026-07-17 16:43:56.250
2238,18,3,37,CC_Chg,131049,2160,1.5855,0.03999,0.0239243,0.036104,2026-07-17 16:44:56.250
2239,18,3,37,CC_Chg,131109,2220,1.58797,0.03999,0.024589,0.0371587,2026-07-17 16:45:56.250
2240,18,3,37,CC_Chg,131169,2280,1.59045,0.03999,0.0252534,0.0382146,2026-07-17 16:46:56.250
2241,18,3,37,CC_Chg,131229,2340,1.5934,0.03968,0.025918,0.0392727,2026-07-17 16:47:56.250
2242,18,3,37,CC_Chg,131289,2400,1.59681,0.03999,0.0265826,0.0403328,2026-07-17 16:48:56.250
2243,18,3,37,CC_Chg,131349,2460,1.60038,0.03999,0.0272477,0.041396,2026-07-17 16:49:56.250
2244,18,3,37,CC_Chg,131409,2520,1.60518,0.03999,0.0279121,0.0424611,2026-07-17 16:50:56.250
2245,18,3,37,CC_Chg,131469,2580,1.61138,0.03968,0.0285767,0.0435298,2026-07-17 16:51:56.250
2246,18,3,37,CC_Chg,131529,2640,1.61975,0.03968,0.0292414,0.0446036,2026-07-17 16:52:56.250
2247,18,3,37,CC_Chg,131589,2700,1.62858,0.03968,0.029906,0.0456831,2026-07-17 16:53:56.250
2248,18,3,37,CC_Chg,131649,2760,1.63726,0.03968,0.0305701,0.0467676,2026-07-17 16:54:56.250
2249,18,3,37,CC_Chg,131709,2820,1.64532,0.03999,0.0312343,0.0478578,2026-07-17 16:55:56.250
2250,18,3,37,CC_Chg,131769,2880,1.65308,0.03999,0.0318989,0.048954,2026-07-17 16:56:56.250
2251,18,3,37,CC_Chg,131829,2940,1.66051,0.03999,0.0325633,0.0500548,2026-07-17 16:57:56.250
2252,18,3,37,CC_Chg,131889,3000,1.66842,0.03999,0.0332277,0.0511606,2026-07-17 16:58:56.250
2253,18,3,37,CC_Chg,131949,3060,1.67617,0.03968,0.0338919,0.0522715,2026-07-17 16:59:56.250
2254,18,3,37,CC_Chg,132009,3120,1.68439,0.03968,0.0345563,0.0533878,2026-07-17 17:00:56.250
2255,18,3,37,CC_Chg,132069,3180,1.69276,0.03968,0.0352207,0.0545097,2026-07-17 17:01:56.250
2256,18,3,37,CC_Chg,132129,3240,1.70144,0.03999,0.0358855,0.055638,2026-07-17 17:02:56.250
2257,18,3,37,CC_Chg,132189,3300,1.71043,0.03968,0.0365502,0.0567719,2026-07-17 17:03:56.250
2258,18,3,37,CC_Chg,132249,3360,1.71926,0.03999,0.0372148,0.0579117,2026-07-17 17:04:56.250
2259,18,3,37,CC_Chg,132309,3420,1.7284,0.03968,0.0378793,0.0590573,2026-07-17 17:05:56.250
2260,18,3,37,CC_Chg,132369,3480,1.73771,0.03968,0.0385438,0.060209,2026-07-17 17:06:56.250
2261,18,3,37,CC_Chg,132429,3540,1.74685,0.03999,0.0392083,0.0613668,2026-07-17 17:07:56.250
2262,18,3,37,CC_Chg,132489,3600,1.75537,0.03968,0.0398727,0.0625304,2026-07-17 17:08:56.250
2263,18,3,37,CC_Chg,132549,3660,1.76405,0.03999,0.0405374,0.0637,2026-07-17 17:09:56.250
2264,18,3,37,CC_Chg,132609,3720,1.77242,0.03968,0.041202,0.0648753,2026-07-17 17:10:56.250
2265,18,3,37,CC_Chg,132669,3780,1.78018,0.03999,0.0418665,0.0660557,2026-07-17 17:11:56.250
2266,18,3,37,CC_Chg,132729,3840,1.78777,0.03968,0.0425313,0.0672417,2026-07-17 17:12:56.250
2267,18,3,37,CC_Chg,132789,3900,1.79475,0.03968,0.0431958,0.0684322,2026-07-17 17:13:56.250
2268,18,3,37,CC_Chg,132837,3947.71,1.80017,0.03999,0.0437246,0.0693828,2026-07-17 17:14:43.960
2269,19,2,38,CC_DChg,132837,0,1.76886,-0.03999,0,0,2026-07-17 17:14:44.030
2270,19,2,38,CC_DChg,132897,60,1.70593,-0.03968,0.000665763,0.00115291,2026-07-17 17:15:44.030
2271,19,2,38,CC_DChg,132957,120,1.66765,-0.03968,0.00133001,0.00227299,2026-07-17 17:16:44.030
2272,19,2,38,CC_DChg,133017,180,1.63618,-0.03968,0.00199477,0.00337091,2026-07-17 17:17:44.030
2273,19,2,38,CC_DChg,133077,240,1.60844,-0.03968,0.00265911,0.00444853,2026-07-17 17:18:44.030
2274,19,2,38,CC_DChg,133137,300,1.58519,-0.03999,0.00332369,0.00550964,2026-07-17 17:19:44.030
2275,19,2,38,CC_DChg,133197,360,1.56457,-0.03999,0.00398841,0.0065564,2026-07-17 17:20:44.030
2276,19,2,38,CC_DChg,133257,420,1.54721,-0.03968,0.00465329,0.00759082,2026-07-17 17:21:44.030
2277,19,2,38,CC_DChg,133317,480,1.53171,-0.03968,0.0053179,0.00861392,2026-07-17 17:22:44.030
2278,19,2,38,CC_DChg,133377,540,1.51807,-0.03999,0.00598228,0.00962704,2026-07-17 17:23:44.030
2279,19,2,38,CC_DChg,133437,600,1.50598,-0.03999,0.0066465,0.0106313,2026-07-17 17:24:44.030
2280,19,2,38,CC_DChg,133497,660,1.49466,-0.03999,0.00731115,0.0116285,2026-07-17 17:25:44.030
2281,19,2,38,CC_DChg,133557,720,1.48397,-0.03999,0.007976,0.0126186,2026-07-17 17:26:44.030
2282,19,2,38,CC_DChg,133617,780,1.47389,-0.03999,0.00864078,0.0136018,2026-07-17 17:27:44.030
2283,19,2,38,CC_DChg,133677,840,1.46413,-0.03999,0.00930526,0.0145781,2026-07-17 17:28:44.030
2284,19,2,38,CC_DChg,133737,900,1.45498,-0.03999,0.0099699,0.0155483,2026-07-17 17:29:44.030
2285,19,2,38,CC_DChg,133797,960,1.4463,-0.03999,0.0106344,0.0165124,2026-07-17 17:30:44.030
2286,19,2,38,CC_DChg,133857,1020,1.43778,-0.03999,0.0112989,0.0174706,2026-07-17 17:31:44.030
2287,19,2,38,CC_DChg,133917,1080,1.42988,-0.03999,0.0119636,0.0184236,2026-07-17 17:32:44.030
2288,19,2,38,CC_DChg,133977,1140,1.42352,-0.03968,0.0126282,0.0193718,2026-07-17 17:33:44.030
2289,19,2,38,CC_DChg,134037,1200,1.41763,-0.03999,0.0132926,0.0203157,2026-07-17 17:34:44.030
2290,19,2,38,CC_DChg,134097,1260,1.41189,-0.03999,0.013957,0.0212556,2026-07-17 17:35:44.030
2291,19,2,38,CC_DChg,134157,1320,1.40647,-0.03968,0.0146216,0.0221922,2026-07-17 17:36:44.030
2292,19,2,38,CC_DChg,134217,1380,1.40151,-0.03999,0.015286,0.0231252,2026-07-17 17:37:44.030
2293,19,2,38,CC_DChg,134277,1440,1.39655,-0.03999,0.0159505,0.0240551,2026-07-17 17:38:44.030
2294,19,2,38,CC_DChg,134337,1500,1.39206,-0.03968,0.0166155,0.0249823,2026-07-17 17:39:44.030
2295,19,2,38,CC_DChg,134397,1560,1.38678,-0.03968,0.0172805,0.0259063,2026-07-17 17:40:44.030
2296,19,2,38,CC_DChg,134457,1620,1.38167,-0.03968,0.0179452,0.0268265,2026-07-17 17:41:44.030
2297,19,2,38,CC_DChg,134517,1680,1.37593,-0.03999,0.0186097,0.0277427,2026-07-17 17:42:44.030
2298,19,2,38,CC_DChg,134577,1740,1.36958,-0.03999,0.0192747,0.0286558,2026-07-17 17:43:44.030
2299,19,2,38,CC_DChg,134637,1800,1.36245,-0.03999,0.019939,0.0295635,2026-07-17 17:44:44.030
2300,19,2,38,CC_DChg,134697,1860,1.35377,-0.03999,0.020604,0.0304667,2026-07-17 17:45:44.030
2301,19,2,38,CC_DChg,134757,1920,1.344,-0.03999,0.0212685,0.0313633,2026-07-17 17:46:44.030
2302,19,2,38,CC_DChg,134817,1980,1.33191,-0.03968,0.0219331,0.0322527,2026-07-17 17:47:44.030
2303,19,2,38,CC_DChg,134877,2040,1.31874,-0.03968,0.022598,0.033134,2026-07-17 17:48:44.030
2304,19,2,38,CC_DChg,134937,2100,1.30293,-0.03999,0.0232624,0.0340051,2026-07-17 17:49:44.030
2305,19,2,38,CC_DChg,134997,2160,1.28604,-0.03999,0.023927,0.0348655,2026-07-17 17:50:44.030
2306,19,2,38,CC_DChg,135057,2220,1.27472,-0.03999,0.0245915,0.0357157,2026-07-17 17:51:44.030
2307,19,2,38,CC_DChg,135117,2280,1.27673,-0.03999,0.0252563,0.0365636,2026-07-17 17:52:44.030
2308,19,2,38,CC_DChg,135177,2340,1.28045,-0.03999,0.0259208,0.0374134,2026-07-17 17:53:44.030
2309,19,2,38,CC_DChg,135237,2400,1.28045,-0.03999,0.0265852,0.0382644,2026-07-17 17:54:44.030
2310,19,2,38,CC_DChg,135297,2460,1.27658,-0.03999,0.0272497,0.0391142,2026-07-17 17:55:44.030
2311,19,2,38,CC_DChg,135357,2520,1.26961,-0.03999,0.027914,0.0399602,2026-07-17 17:56:44.030
2312,19,2,38,CC_DChg,135417,2580,1.25829,-0.03999,0.0285788,0.0408008,2026-07-17 17:57:44.030
2313,19,2,38,CC_DChg,135477,2640,1.24403,-0.03968,0.0292433,0.0416324,2026-07-17 17:58:44.030
2314,19,2,38,CC_DChg,135537,2700,1.22543,-0.03999,0.0299079,0.0424532,2026-07-17 17:59:44.030
2315,19,2,38,CC_DChg,135597,2760,1.20264,-0.03999,0.0305723,0.0432601,2026-07-17 18:00:44.030
2316,19,2,38,CC_DChg,135657,2820,1.17599,-0.03999,0.0312368,0.0440506,2026-07-17 18:01:44.030
2317,19,2,38,CC_DChg,135717,2880,1.14777,-0.03968,0.0319016,0.044823,2026-07-17 18:02:44.030
2318,19,2,38,CC_DChg,135777,2940,1.11895,-0.03968,0.0325661,0.0455762,2026-07-17 18:03:44.030
2319,19,2,38,CC_DChg,135837,3000,1.09042,-0.03968,0.0332305,0.0463102,2026-07-17 18:04:44.030
2320,19,2,38,CC_DChg,135897,3060,1.0616,-0.03968,0.0338952,0.0470255,2026-07-17 18:05:44.030
2321,19,2,38,CC_DChg,135957,3120,1.03338,-0.03999,0.0345597,0.0477216,2026-07-17 18:06:44.030
2322,19,2,38,CC_DChg,136017,3180,1.00517,-0.03968,0.0352238,0.0483986,2026-07-17 18:07:44.030
2323,19,2,38,CC_DChg,136077,3240,0.97805,-0.03968,0.0358882,0.0490573,2026-07-17 18:08:44.030
2324,19,2,38,CC_DChg,136137,3300,0.9517,-0.03999,0.0365526,0.0496984,2026-07-17 18:09:44.030
2325,19,2,38,CC_DChg,136197,3360,0.926435,-0.03999,0.0372172,0.0503225,2026-07-17 18:10:44.030
2326,19,2,38,CC_DChg,136257,3420,0.901945,-0.03999,0.0378819,0.05093,2026-07-17 18:11:44.030
2327,19,2,38,CC_DChg,136317,3480,0.87885,-0.03968,0.0385467,0.0515218,2026-07-17 18:12:44.030
2328,19,2,38,CC_DChg,136377,3540,0.85684,-0.03999,0.0392112,0.0520985,2026-07-17 18:13:44.030
2329,19,2,38,CC_DChg,136437,3600,0.83762,-0.03968,0.0398761,0.0526619,2026-07-17 18:14:44.030
2330,19,2,38,CC_DChg,136497,3660,0.819175,-0.03968,0.0405405,0.0532123,2026-07-17 18:15:44.030
2331,19,2,38,CC_DChg,136557,3720,0.800885,-0.03999,0.0412051,0.0537507,2026-07-17 18:16:44.030
2332,19,2,38,CC_DChg,136561,3723.87,0.7998,-0.03999,0.0412484,0.0537853,2026-07-17 18:16:47.900
2333,19,3,39,CC_Chg,136561,0,0.83576,0.03968,0,0,2026-07-17 18:16:47.970
2334,19,3,39,CC_Chg,136621,60,1.03649,0.03999,0.000665359,0.0006303,2026-07-17 18:17:47.970
2335,19,3,39,CC_Chg,136681,120,1.18234,0.03968,0.00133016,0.00136872,2026-07-17 18:18:47.970
2336,19,3,39,CC_Chg,136741,180,1.37221,0.03999,0.00199446,0.00221267,2026-07-17 18:19:47.970
2337,19,3,39,CC_Chg,136801,240,1.55295,0.03968,0.00265912,0.0031902,2026-07-17 18:20:47.970
2338,19,3,39,CC_Chg,136861,300,1.52892,0.03999,0.00332357,0.00421053,2026-07-17 18:21:47.970
2339,19,3,39,CC_Chg,136921,360,1.52768,0.03999,0.00398841,0.00522652,2026-07-17 18:22:47.970
2340,19,3,39,CC_Chg,136981,420,1.52799,0.03999,0.00465314,0.00624214,2026-07-17 18:23:47.970
2341,19,3,39,CC_Chg,137041,480,1.5283,0.03968,0.00531794,0.00725808,2026-07-17 18:24:47.970
2342,19,3,39,CC_Chg,137101,540,1.52876,0.03999,0.00598255,0.00827403,2026-07-17 18:25:47.970
2343,19,3,39,CC_Chg,137161,600,1.52907,0.03999,0.00664714,0.00929023,2026-07-17 18:26:47.970
2344,19,3,39,CC_Chg,137221,660,1.52938,0.03999,0.00731185,0.0103069,2026-07-17 18:27:47.970
2345,19,3,39,CC_Chg,137281,720,1.53001,0.03968,0.00797661,0.0113238,2026-07-17 18:28:47.970
2346,19,3,39,CC_Chg,137341,780,1.53062,0.03968,0.00864108,0.0123407,2026-07-17 18:29:47.970
2347,19,3,39,CC_Chg,137401,840,1.53109,0.03999,0.00930564,0.0133582,2026-07-17 18:30:47.970
2348,19,3,39,CC_Chg,137461,900,1.53202,0.03999,0.00996989,0.0143755,2026-07-17 18:31:47.970
2349,19,3,39,CC_Chg,137521,960,1.53264,0.03999,0.0106347,0.0153943,2026-07-17 18:32:47.970
2350,19,3,39,CC_Chg,137581,1020,1.53373,0.03968,0.0112995,0.0164137,2026-07-17 18:33:47.970
2351,19,3,39,CC_Chg,137641,1080,1.53481,0.03999,0.0119641,0.0174334,2026-07-17 18:34:47.970
2352,19,3,39,CC_Chg,137701,1140,1.53636,0.03968,0.0126289,0.0184542,2026-07-17 18:35:47.970
2353,19,3,39,CC_Chg,137761,1200,1.53791,0.03999,0.0132933,0.0194756,2026-07-17 18:36:47.970
2354,19,3,39,CC_Chg,137821,1260,1.54024,0.03999,0.0139582,0.0204991,2026-07-17 18:37:47.970
2355,19,3,39,CC_Chg,137881,1320,1.54349,0.03968,0.0146227,0.0215237,2026-07-17 18:38:47.970
2356,19,3,39,CC_Chg,137941,1380,1.54721,0.03968,0.0152874,0.0225509,2026-07-17 18:39:47.970
2357,19,3,39,CC_Chg,138001,1440,1.55155,0.03968,0.015952,0.0235807,2026-07-17 18:40:47.970
2358,19,3,39,CC_Chg,138061,1500,1.55651,0.03999,0.0166166,0.0246133,2026-07-17 18:41:47.970
2359,19,3,39,CC_Chg,138121,1560,1.561,0.03968,0.0172814,0.0256497,2026-07-17 18:42:47.970
2360,19,3,39,CC_Chg,138181,1620,1.56519,0.03999,0.0179464,0.0266893,2026-07-17 18:43:47.970
2361,19,3,39,CC_Chg,138241,1680,1.56845,0.03999,0.018611,0.0277307,2026-07-17 18:44:47.970
2362,19,3,39,CC_Chg,138301,1740,1.57108,0.03999,0.0192757,0.0287742,2026-07-17 18:45:47.970
2363,19,3,39,CC_Chg,138361,1800,1.57356,0.03999,0.0199402,0.0298191,2026-07-17 18:46:47.970
2364,19,3,39,CC_Chg,138421,1860,1.57542,0.03999,0.020605,0.0308659,2026-07-17 18:47:47.970
2365,19,3,39,CC_Chg,138481,1920,1.57728,0.03999,0.0212699,0.0319141,2026-07-17 18:48:47.970
2366,19,3,39,CC_Chg,138541,1980,1.57945,0.03968,0.0219343,0.0329628,2026-07-17 18:49:47.970
2367,19,3,39,CC_Chg,138601,2040,1.58131,0.03999,0.0225991,0.0340135,2026-07-17 18:50:47.970
2368,19,3,39,CC_Chg,138661,2100,1.58348,0.03968,0.0232641,0.0350661,2026-07-17 18:51:47.970
2369,19,3,39,CC_Chg,138721,2160,1.5858,0.03999,0.0239287,0.0361192,2026-07-17 18:52:47.970
2370,19,3,39,CC_Chg,138781,2220,1.58813,0.03999,0.0245934,0.0371742,2026-07-17 18:53:47.970
2371,19,3,39,CC_Chg,138841,2280,1.59076,0.03968,0.0252582,0.0382308,2026-07-17 18:54:47.970
2372,19,3,39,CC_Chg,138901,2340,1.59387,0.03999,0.0259229,0.0392894,2026-07-17 18:55:47.970
2373,19,3,39,CC_Chg,138961,2400,1.59728,0.03968,0.0265877,0.0403501,2026-07-17 18:56:47.970
2374,19,3,39,CC_Chg,139021,2460,1.60099,0.03999,0.0272527,0.0414137,2026-07-17 18:57:47.970
2375,19,3,39,CC_Chg,139081,2520,1.60627,0.03968,0.0279176,0.04248,2026-07-17 18:58:47.970
2376,19,3,39,CC_Chg,139141,2580,1.61247,0.03999,0.0285824,0.0435498,2026-07-17 18:59:47.970
2377,19,3,39,CC_Chg,139201,2640,1.6213,0.03968,0.0292473,0.0446248,2026-07-17 19:00:47.970
2378,19,3,39,CC_Chg,139261,2700,1.62998,0.03999,0.0299121,0.0457057,2026-07-17 19:01:47.970
2379,19,3,39,CC_Chg,139321,2760,1.63835,0.03968,0.0305768,0.0467919,2026-07-17 19:02:47.970
2380,19,3,39,CC_Chg,139381,2820,1.64641,0.03999,0.0312416,0.0478839,2026-07-17 19:03:47.970
2381,19,3,39,CC_Chg,139441,2880,1.65369,0.03968,0.0319063,0.0489808,2026-07-17 19:04:47.970
2382,19,3,39,CC_Chg,139501,2940,1.66145,0.03999,0.0325706,0.050082,2026-07-17 19:05:47.970
2383,19,3,39,CC_Chg,139561,3000,1.66904,0.03999,0.0332353,0.0511889,2026-07-17 19:06:47.970
2384,19,3,39,CC_Chg,139621,3060,1.67679,0.03999,0.0338999,0.0523008,2026-07-17 19:07:47.970
2385,19,3,39,CC_Chg,139681,3120,1.68501,0.03968,0.0345643,0.0534176,2026-07-17 19:08:47.970
2386,19,3,39,CC_Chg,139741,3180,1.69322,0.03999,0.0352286,0.0545398,2026-07-17 19:09:47.970
2387,19,3,39,CC_Chg,139801,3240,1.7019,0.03999,0.0358934,0.0556684,2026-07-17 19:10:47.970
2388,19,3,39,CC_Chg,139861,3300,1.71073,0.03968,0.036558,0.0568023,2026-07-17 19:11:47.970
2389,19,3,39,CC_Chg,139921,3360,1.71988,0.03999,0.0372227,0.0579426,2026-07-17 19:12:47.970
2390,19,3,39,CC_Chg,139981,3420,1.72918,0.03968,0.0378874,0.0590889,2026-07-17 19:13:47.970
2391,19,3,39,CC_Chg,140041,3480,1.73848,0.03999,0.0385517,0.0602408,2026-07-17 19:14:47.970
2392,19,3,39,CC_Chg,140101,3540,1.74716,0.03999,0.039216,0.0613987,2026-07-17 19:15:47.970
2393,19,3,39,CC_Chg,140161,3600,1.75615,0.03968,0.0398807,0.062563,2026-07-17 19:16:47.970
2394,19,3,39,CC_Chg,140221,3660,1.76467,0.03999,0.0405453,0.0637331,2026-07-17 19:17:47.970
2395,19,3,39,CC_Chg,140281,3720,1.77304,0.03968,0.0412099,0.0649087,2026-07-17 19:18:47.970
2396,19,3,39,CC_Chg,140341,3780,1.78079,0.03999,0.0418744,0.0660895,2026-07-17 19:19:47.970
2397,19,3,39,CC_Chg,140401,3840,1.78808,0.03999,0.0425392,0.0672759,2026-07-17 19:20:47.970
2398,19,3,39,CC_Chg,140461,3900,1.79506,0.03968,0.0432036,0.0684664,2026-07-17 19:21:47.970
2399,19,3,39,CC_Chg,140508,3947.47,1.80001,0.03968,0.0437299,0.0694124,2026-07-17 19:22:35.440
2400,20,2,40,CC_DChg,140509,0,1.76886,-0.03968,0,0,2026-07-17 19:22:35.510
2401,20,2,40,CC_DChg,140569,60,1.7067,-0.03968,0.00066544,0.00115258,2026-07-17 19:23:35.510
2402,20,2,40,CC_DChg,140629,120,1.66888,-0.03999,0.0013299,0.00227359,2026-07-17 19:24:35.510
2403,20,2,40,CC_DChg,140689,180,1.63726,-0.03999,0.00199427,0.00337165,2026-07-17 19:25:35.510
2404,20,2,40,CC_DChg,140749,240,1.61014,-0.03968,0.00265866,0.00445028,2026-07-17 19:26:35.510
2405,20,2,40,CC_DChg,140809,300,1.58674,-0.03999,0.00332353,0.00551284,2026-07-17 19:27:35.510
2406,20,2,40,CC_DChg,140869,360,1.56628,-0.03968,0.00398791,0.00656009,2026-07-17 19:28:35.510
2407,20,2,40,CC_DChg,140929,420,1.54892,-0.03968,0.00465249,0.00759502,2026-07-17 19:29:35.510
2408,20,2,40,CC_DChg,140989,480,1.5331,-0.03999,0.00531733,0.00861946,2026-07-17 19:30:35.510
2409,20,2,40,CC_DChg,141049,540,1.51962,-0.03999,0.00598201,0.009634,2026-07-17 19:31:35.510
2410,20,2,40,CC_DChg,141109,600,1.50707,-0.03999,0.00664671,0.01064,2026-07-17 19:32:35.510
2411,20,2,40,CC_DChg,141169,660,1.49591,-0.03999,0.00731109,0.0116376,2026-07-17 19:33:35.510
2412,20,2,40,CC_DChg,141229,720,1.48521,-0.03999,0.00797591,0.0126287,2026-07-17 19:34:35.510
2413,20,2,40,CC_DChg,141289,780,1.47575,-0.03999,0.00864044,0.0136126,2026-07-17 19:35:35.510
2414,20,2,40,CC_DChg,141349,840,1.46599,-0.03999,0.00930498,0.01459,2026-07-17 19:36:35.510
2415,20,2,40,CC_DChg,141409,900,1.45669,-0.03999,0.00996917,0.0155607,2026-07-17 19:37:35.510
2416,20,2,40,CC_DChg,141469,960,1.44785,-0.03999,0.0106334,0.0165254,2026-07-17 19:38:35.510
2417,20,2,40,CC_DChg,141529,1020,1.43948,-0.03968,0.0112982,0.0174852,2026-07-17 19:39:35.510
2418,20,2,40,CC_DChg,141589,1080,1.43158,-0.03999,0.0119627,0.0184392,2026-07-17 19:40:35.510
2419,20,2,40,CC_DChg,141649,1140,1.4246,-0.03968,0.0126273,0.0193882,2026-07-17 19:41:35.510
2420,20,2,40,CC_DChg,141709,1200,1.4184,-0.03999,0.0132921,0.0203333,2026-07-17 19:42:35.510
2421,20,2,40,CC_DChg,141769,1260,1.41282,-0.03999,0.0139568,0.0212744,2026-07-17 19:43:35.510
2422,20,2,40,CC_DChg,141829,1320,1.40755,-0.03999,0.0146215,0.0222118,2026-07-17 19:44:35.510
2423,20,2,40,CC_DChg,141889,1380,1.40213,-0.03999,0.015286,0.0231455,2026-07-17 19:45:35.510
2424,20,2,40,CC_DChg,141949,1440,1.39748,-0.03968,0.0159507,0.024076,2026-07-17 19:46:35.510
2425,20,2,40,CC_DChg,142009,1500,1.39237,-0.03999,0.0166153,0.0250031,2026-07-17 19:47:35.510
2426,20,2,40,CC_DChg,142069,1560,1.3874,-0.03999,0.0172799,0.025927,2026-07-17 19:48:35.510
2427,20,2,40,CC_DChg,142129,1620,1.38244,-0.03999,0.0179446,0.0268475,2026-07-17 19:49:35.510
2428,20,2,40,CC_DChg,142189,1680,1.37655,-0.03968,0.0186093,0.0277646,2026-07-17 19:50:35.510
2429,20,2,40,CC_DChg,142249,1740,1.37051,-0.03968,0.019274,0.0286778,2026-07-17 19:51:35.510
2430,20,2,40,CC_DChg,142309,1800,1.36322,-0.03968,0.0199389,0.0295867,2026-07-17 19:52:35.510
2431,20,2,40,CC_DChg,142369,1860,1.35485,-0.03999,0.0206034,0.0304899,2026-07-17 19:53:35.510
2432,20,2,40,CC_DChg,142429,1920,1.3454,-0.03999,0.0212681,0.0313876,2026-07-17 19:54:35.510
2433,20,2,40,CC_DChg,142489,1980,1.33393,-0.03968,0.021933,0.0322784,2026-07-17 19:55:35.510
2434,20,2,40,CC_DChg,142549,2040,1.3206,-0.03968,0.0225975,0.0331605,2026-07-17 19:56:35.510
2435,20,2,40,CC_DChg,142609,2100,1.30526,-0.03999,0.0232623,0.0340334,2026-07-17 19:57:35.510
2436,20,2,40,CC_DChg,142669,2160,1.28867,-0.03968,0.0239269,0.0348955,2026-07-17 19:58:35.510
2437,20,2,40,CC_DChg,142729,2220,1.2755,-0.03968,0.0245914,0.0357468,2026-07-17 19:59:35.510
2438,20,2,40,CC_DChg,142789,2280,1.27565,-0.03999,0.0252559,0.0365938,2026-07-17 20:00:35.510
2439,20,2,40,CC_DChg,142849,2340,1.27984,-0.03968,0.0259204,0.037443,2026-07-17 20:01:35.510
2440,20,2,40,CC_DChg,142909,2400,1.28045,-0.03968,0.026585,0.0382941,2026-07-17 20:02:35.510
2441,20,2,40,CC_DChg,142969,2460,1.2772,-0.03999,0.0272496,0.0391442,2026-07-17 20:03:35.510
2442,20,2,40,CC_DChg,143029,2520,1.27038,-0.03999,0.0279139,0.0399907,2026-07-17 20:04:35.510
2443,20,2,40,CC_DChg,143089,2580,1.25984,-0.03968,0.0285783,0.0408315,2026-07-17 20:05:35.510
2444,20,2,40,CC_DChg,143149,2640,1.24543,-0.03999,0.0292428,0.0416642,2026-07-17 20:06:35.510
2445,20,2,40,CC_DChg,143209,2700,1.22729,-0.03968,0.0299074,0.0424863,2026-07-17 20:07:35.510
2446,20,2,40,CC_DChg,143269,2760,1.20497,-0.03999,0.0305719,0.0432949,2026-07-17 20:08:35.510
2447,20,2,40,CC_DChg,143329,2820,1.17893,-0.03999,0.0312363,0.0440873,2026-07-17 20:09:35.510
2448,20,2,40,CC_DChg,143389,2880,1.15103,-0.03968,0.0319007,0.0448615,2026-07-17 20:10:35.510
2449,20,2,40,CC_DChg,143449,2940,1.12282,-0.03968,0.0325651,0.0456167,2026-07-17 20:11:35.510
2450,20,2,40,CC_DChg,143509,3000,1.09414,-0.03999,0.0332296,0.0463532,2026-07-17 20:12:35.510
2451,20,2,40,CC_DChg,143569,3060,1.06547,-0.03999,0.033894,0.0470708,2026-07-17 20:13:35.510
2452,20,2,40,CC_DChg,143629,3120,1.03679,-0.03968,0.0345586,0.0477694,2026-07-17 20:14:35.510
2453,20,2,40,CC_DChg,143689,3180,1.0089,-0.03999,0.0352232,0.0484492,2026-07-17 20:15:35.510
2454,20,2,40,CC_DChg,143749,3240,0.98115,-0.03999,0.0358876,0.0491105,2026-07-17 20:16:35.510
2455,20,2,40,CC_DChg,143809,3300,0.95511,-0.03999,0.0365521,0.0497539,2026-07-17 20:17:35.510
2456,20,2,40,CC_DChg,143869,3360,0.929535,-0.03999,0.0372164,0.0503801,2026-07-17 20:18:35.510
2457,20,2,40,CC_DChg,143929,3420,0.905355,-0.03999,0.0378814,0.0509902,2026-07-17 20:19:35.510
2458,20,2,40,CC_DChg,143989,3480,0.882105,-0.03999,0.0385463,0.0515845,2026-07-17 20:20:35.510
2459,20,2,40,CC_DChg,144049,3540,0.86056,-0.03999,0.039211,0.0521636,2026-07-17 20:21:35.510
2460,20,2,40,CC_DChg,144109,3600,0.840875,-0.03968,0.0398754,0.0527288,2026-07-17 20:22:35.510
2461,20,2,40,CC_DChg,144169,3660,0.82243,-0.03999,0.0405402,0.0532817,2026-07-17 20:23:35.510
2462,20,2,40,CC_DChg,144229,3720,0.803985,-0.03968,0.041205,0.0538223,2026-07-17 20:24:35.510
2463,20,2,40,CC_DChg,144243,3734.86,0.799645,-0.03968,0.04137,0.0539547,2026-07-17 20:24:50.370
2464,20,3,41,CC_Chg,144243,0,0.83607,0.03968,0,0,2026-07-17 20:24:50.440
2465,20,3,41,CC_Chg,144303,60,1.03633,0.03999,0.000665712,0.000630794,2026-07-17 20:25:50.440
2466,20,3,41,CC_Chg,144363,120,1.18405,0.03999,0.00133032,0.00136905,2026-07-17 20:26:50.440
2467,20,3,41,CC_Chg,144423,180,1.37067,0.03999,0.00199518,0.00221362,2026-07-17 20:27:50.440
2468,20,3,41,CC_Chg,144483,240,1.55418,0.03999,0.00265953,0.00319083,2026-07-17 20:28:50.440
2469,20,3,41,CC_Chg,144543,300,1.52907,0.03999,0.00332407,0.00421151,2026-07-17 20:29:50.440
2470,20,3,41,CC_Chg,144603,360,1.52815,0.03968,0.00398891,0.00522763,2026-07-17 20:30:50.440
2471,20,3,41,CC_Chg,144663,420,1.52815,0.03968,0.00465344,0.00624312,2026-07-17 20:31:50.440
2472,20,3,41,CC_Chg,144723,480,1.52861,0.03968,0.00531803,0.00725893,2026-07-17 20:32:50.440
2473,20,3,41,CC_Chg,144783,540,1.52907,0.03968,0.00598223,0.0082744,2026-07-17 20:33:50.440
2474,20,3,41,CC_Chg,144843,600,1.52954,0.03968,0.00664649,0.00929021,2026-07-17 20:34:50.440
2475,20,3,41,CC_Chg,144903,660,1.5297,0.03999,0.00731106,0.0103068,2026-07-17 20:35:50.440
2476,20,3,41,CC_Chg,144963,720,1.53047,0.03968,0.00797575,0.0113238,2026-07-17 20:36:50.440
2477,20,3,41,CC_Chg,145023,780,1.53093,0.03968,0.00864052,0.0123414,2026-07-17 20:37:50.440
2478,20,3,41,CC_Chg,145083,840,1.53155,0.03999,0.00930489,0.0133587,2026-07-17 20:38:50.440
2479,20,3,41,CC_Chg,145143,900,1.53202,0.03968,0.00996981,0.0143773,2026-07-17 20:39:50.440
2480,20,3,41,CC_Chg,145203,960,1.53295,0.03999,0.0106342,0.0153956,2026-07-17 20:40:50.440
2481,20,3,41,CC_Chg,145263,1020,1.53373,0.03968,0.0112988,0.0164147,2026-07-17 20:41:50.440
2482,20,3,41,CC_Chg,145323,1080,1.53512,0.03968,0.0119635,0.0174348,2026-07-17 20:42:50.440
2483,20,3,41,CC_Chg,145383,1140,1.53652,0.03999,0.0126279,0.0184552,2026-07-17 20:43:50.440
2484,20,3,41,CC_Chg,145443,1200,1.53838,0.03999,0.0132925,0.019477,2026-07-17 20:44:50.440
2485,20,3,41,CC_Chg,145503,1260,1.54086,0.03968,0.013957,0.0204999,2026-07-17 20:45:50.440
2486,20,3,41,CC_Chg,145563,1320,1.5438,0.03968,0.0146217,0.0215252,2026-07-17 20:46:50.440
2487,20,3,41,CC_Chg,145623,1380,1.54752,0.03999,0.015286,0.0225519,2026-07-17 20:47:50.440
2488,20,3,41,CC_Chg,145683,1440,1.5517,0.03999,0.0159506,0.0235818,2026-07-17 20:48:50.440
2489,20,3,41,CC_Chg,145743,1500,1.55651,0.03999,0.0166153,0.0246151,2026-07-17 20:49:50.440
2490,20,3,41,CC_Chg,145803,1560,1.56116,0.03968,0.01728,0.0256513,2026-07-17 20:50:50.440
2491,20,3,41,CC_Chg,145863,1620,1.56534,0.03968,0.0179446,0.0266904,2026-07-17 20:51:50.440
2492,20,3,41,CC_Chg,145923,1680,1.56875,0.03999,0.0186091,0.0277318,2026-07-17 20:52:50.440
2493,20,3,41,CC_Chg,145983,1740,1.57154,0.03968,0.0192738,0.0287755,2026-07-17 20:53:50.440
2494,20,3,41,CC_Chg,146043,1800,1.5734,0.03999,0.0199382,0.0298202,2026-07-17 20:54:50.440
2495,20,3,41,CC_Chg,146103,1860,1.57557,0.03968,0.0206029,0.0308671,2026-07-17 20:55:50.440
2496,20,3,41,CC_Chg,146163,1920,1.57774,0.03968,0.0212677,0.0319152,2026-07-17 20:56:50.440
2497,20,3,41,CC_Chg,146223,1980,1.5796,0.03999,0.0219321,0.0329641,2026-07-17 20:57:50.440
2498,20,3,41,CC_Chg,146283,2040,1.58177,0.03968,0.0225967,0.0340145,2026-07-17 20:58:50.440
2499,20,3,41,CC_Chg,146343,2100,1.58379,0.03999,0.0232615,0.0350667,2026-07-17 20:59:50.440
2500,20,3,41,CC_Chg,146403,2160,1.5858,0.03968,0.0239263,0.0361202,2026-07-17 21:00:50.440
2501,20,3,41,CC_Chg,146463,2220,1.58813,0.03999,0.0245906,0.0371746,2026-07-17 21:01:50.440
2502,20,3,41,CC_Chg,146523,2280,1.59076,0.03999,0.0252553,0.0382311,2026-07-17 21:02:50.440
2503,20,3,41,CC_Chg,146583,2340,1.59387,0.03999,0.0259199,0.0392895,2026-07-17 21:03:50.440
2504,20,3,41,CC_Chg,146643,2400,1.59728,0.03999,0.0265844,0.0403497,2026-07-17 21:04:50.440
2505,20,3,41,CC_Chg,146703,2460,1.60099,0.03968,0.0272491,0.0414127,2026-07-17 21:05:50.440
2506,20,3,41,CC_Chg,146763,2520,1.60611,0.03999,0.027914,0.042479,2026-07-17 21:06:50.440
2507,20,3,41,CC_Chg,146823,2580,1.61293,0.03968,0.0285789,0.043549,2026-07-17 21:07:50.440
2508,20,3,41,CC_Chg,146883,2640,1.62115,0.03968,0.0292435,0.0446236,2026-07-17 21:08:50.440
2509,20,3,41,CC_Chg,146943,2700,1.62983,0.03968,0.0299082,0.0457041,2026-07-17 21:09:50.440
2510,20,3,41,CC_Chg,147003,2760,1.63804,0.03999,0.0305728,0.04679,2026-07-17 21:10:50.440
2511,20,3,41,CC_Chg,147063,2820,1.64563,0.03999,0.0312374,0.0478812,2026-07-17 21:11:50.440
2512,20,3,41,CC_Chg,147123,2880,1.65308,0.03999,0.0319023,0.0489781,2026-07-17 21:12:50.440
2513,20,3,41,CC_Chg,147183,2940,1.66036,0.03999,0.0325672,0.0500799,2026-07-17 21:13:50.440
2514,20,3,41,CC_Chg,147243,3000,1.6678,0.03999,0.0332319,0.0511861,2026-07-17 21:14:50.440
2515,20,3,41,CC_Chg,147303,3060,1.67555,0.03999,0.0338965,0.0522972,2026-07-17 21:15:50.440
2516,20,3,41,CC_Chg,147363,3120,1.6833,0.03999,0.034561,0.0534132,2026-07-17 21:16:50.440
2517,20,3,41,CC_Chg,147423,3180,1.69182,0.03999,0.0352257,0.0545351,2026-07-17 21:17:50.440
2518,20,3,41,CC_Chg,147483,3240,1.70035,0.03968,0.0358904,0.0556626,2026-07-17 21:18:50.440
2519,20,3,41,CC_Chg,147543,3300,1.70918,0.03999,0.0365551,0.0567957,2026-07-17 21:19:50.440
2520,20,3,41,CC_Chg,147603,3360,1.71818,0.03999,0.0372196,0.0579345,2026-07-17 21:20:50.440
2521,20,3,41,CC_Chg,147663,3420,1.72717,0.03999,0.0378838,0.0590789,2026-07-17 21:21:50.440
2522,20,3,41,CC_Chg,147723,3480,1.73631,0.03999,0.0385486,0.0602303,2026-07-17 21:22:50.440
2523,20,3,41,CC_Chg,147783,3540,1.74561,0.03999,0.0392137,0.0613883,2026-07-17 21:23:50.440
2524,20,3,41,CC_Chg,147843,3600,1.75445,0.03999,0.0398783,0.0625516,2026-07-17 21:24:50.440
2525,20,3,41,CC_Chg,147903,3660,1.76328,0.03999,0.040543,0.0637209,2026-07-17 21:25:50.440
2526,20,3,41,CC_Chg,147963,3720,1.77165,0.03999,0.0412079,0.0648961,2026-07-17 21:26:50.440
2527,20,3,41,CC_Chg,148023,3780,1.7794,0.03999,0.0418729,0.0660771,2026-07-17 21:27:50.440
2528,20,3,41,CC_Chg,148083,3840,1.78699,0.03999,0.0425378,0.0672629,2026-07-17 21:28:50.440
2529,20,3,41,CC_Chg,148143,3900,1.79412,0.03999,0.0432029,0.068454,2026-07-17 21:29:50.440
2530,20,3,41,CC_Chg,148198,3954.5,1.80001,0.03968,0.0438073,0.0695402,2026-07-17 21:30:44.940
2531,21,2,42,CC_DChg,148198,0,1.76948,-0.03968,0,0,2026-07-17 21:30:45.010
2532,21,2,42,CC_DChg,148258,60,1.70717,-0.03999,0.000665374,0.00115289,2026-07-17 21:31:45.010
2533,21,2,42,CC_DChg,148318,120,1.66966,-0.03999,0.00133012,0.00227495,2026-07-17 21:32:45.010
2534,21,2,42,CC_DChg,148378,180,1.63835,-0.03999,0.00199494,0.00337446,2026-07-17 21:33:45.010
2535,21,2,42,CC_DChg,148438,240,1.61122,-0.03968,0.00265957,0.00445425,2026-07-17 21:34:45.010
2536,21,2,42,CC_DChg,148498,300,1.58782,-0.03968,0.00332427,0.00551734,2026-07-17 21:35:45.010
2537,21,2,42,CC_DChg,148558,360,1.56736,-0.03999,0.00398914,0.00656619,2026-07-17 21:36:45.010
2538,21,2,42,CC_DChg,148618,420,1.55,-0.03968,0.00465359,0.00760177,2026-07-17 21:37:45.010
2539,21,2,42,CC_DChg,148678,480,1.5345,-0.03999,0.00531827,0.00862682,2026-07-17 21:38:45.010
2540,21,2,42,CC_DChg,148738,540,1.52117,-0.03999,0.00598273,0.00964191,2026-07-17 21:39:45.010
2541,21,2,42,CC_DChg,148798,600,1.50846,-0.03999,0.00664751,0.0106489,2026-07-17 21:40:45.010
2542,21,2,42,CC_DChg,148858,660,1.4973,-0.03999,0.00731245,0.0116484,2026-07-17 21:41:45.010
2543,21,2,42,CC_DChg,148918,720,1.48707,-0.03968,0.00797728,0.0126405,2026-07-17 21:42:45.010
2544,21,2,42,CC_DChg,148978,780,1.47669,-0.03999,0.00864224,0.0136259,2026-07-17 21:43:45.010
2545,21,2,42,CC_DChg,149038,840,1.46738,-0.03999,0.00930696,0.0146045,2026-07-17 21:44:45.010
2546,21,2,42,CC_DChg,149098,900,1.45824,-0.03968,0.0099716,0.0155768,2026-07-17 21:45:45.010
2547,21,2,42,CC_DChg,149158,960,1.44956,-0.03968,0.0106361,0.0165429,2026-07-17 21:46:45.010
2548,21,2,42,CC_DChg,149218,1020,1.44088,-0.03999,0.0113008,0.0175036,2026-07-17 21:47:45.010
2549,21,2,42,CC_DChg,149278,1080,1.43282,-0.03999,0.0119655,0.0184587,2026-07-17 21:48:45.010
2550,21,2,42,CC_DChg,149338,1140,1.426,-0.03968,0.0126298,0.0194082,2026-07-17 21:49:45.010
2551,21,2,42,CC_DChg,149398,1200,1.4198,-0.03968,0.0132942,0.0203536,2026-07-17 21:50:45.010
2552,21,2,42,CC_DChg,149458,1260,1.41391,-0.03999,0.013959,0.0212955,2026-07-17 21:51:45.010
2553,21,2,42,CC_DChg,149518,1320,1.40848,-0.03999,0.014624,0.022234,2026-07-17 21:52:45.010
2554,21,2,42,CC_DChg,149578,1380,1.40337,-0.03999,0.0152892,0.0231693,2026-07-17 21:53:45.010
2555,21,2,42,CC_DChg,149638,1440,1.39826,-0.03999,0.0159535,0.0240999,2026-07-17 21:54:45.010
2556,21,2,42,CC_DChg,149698,1500,1.39329,-0.03999,0.0166184,0.025028,2026-07-17 21:55:45.010
2557,21,2,42,CC_DChg,149758,1560,1.38818,-0.03999,0.017283,0.0259524,2026-07-17 21:56:45.010
2558,21,2,42,CC_DChg,149818,1620,1.38322,-0.03999,0.0179478,0.0268738,2026-07-17 21:57:45.010
2559,21,2,42,CC_DChg,149878,1680,1.37764,-0.03968,0.0186129,0.0277919,2026-07-17 21:58:45.010
2560,21,2,42,CC_DChg,149938,1740,1.37159,-0.03999,0.0192779,0.0287061,2026-07-17 21:59:45.010
2561,21,2,42,CC_DChg,149998,1800,1.36462,-0.03999,0.0199427,0.0296158,2026-07-17 22:00:45.010
2562,21,2,42,CC_DChg,150058,1860,1.35641,-0.03999,0.0206074,0.0305204,2026-07-17 22:01:45.010
2563,21,2,42,CC_DChg,150118,1920,1.3471,-0.03999,0.0212725,0.0314195,2026-07-17 22:02:45.010
2564,21,2,42,CC_DChg,150178,1980,1.33563,-0.03999,0.0219372,0.0323114,2026-07-17 22:03:45.010
2565,21,2,42,CC_DChg,150238,2040,1.32308,-0.03968,0.0226019,0.0331952,2026-07-17 22:04:45.010
2566,21,2,42,CC_DChg,150298,2100,1.30774,-0.03999,0.0232668,0.0340699,2026-07-17 22:05:45.010
2567,21,2,42,CC_DChg,150358,2160,1.29161,-0.03999,0.0239318,0.0349344,2026-07-17 22:06:45.010
2568,21,2,42,CC_DChg,150418,2220,1.27642,-0.03999,0.0245968,0.0357878,2026-07-17 22:07:45.010
2569,21,2,42,CC_DChg,150478,2280,1.27487,-0.03999,0.0252617,0.0366353,2026-07-17 22:08:45.010
2570,21,2,42,CC_DChg,150538,2340,1.27921,-0.03999,0.0259265,0.0374844,2026-07-17 22:09:45.010
2571,21,2,42,CC_DChg,150598,2400,1.28045,-0.03999,0.0265916,0.0383357,2026-07-17 22:10:45.010
2572,21,2,42,CC_DChg,150658,2460,1.27751,-0.03999,0.0272566,0.0391865,2026-07-17 22:11:45.010
2573,21,2,42,CC_DChg,150718,2520,1.27131,-0.03968,0.0279216,0.0400344,2026-07-17 22:12:45.010
2574,21,2,42,CC_DChg,150778,2580,1.26124,-0.03999,0.0285864,0.0408765,2026-07-17 22:13:45.010
2575,21,2,42,CC_DChg,150838,2640,1.2476,-0.03999,0.029251,0.0417102,2026-07-17 22:14:45.010
2576,21,2,42,CC_DChg,150898,2700,1.22961,-0.03968,0.0299157,0.0425337,2026-07-17 22:15:45.010
2577,21,2,42,CC_DChg,150958,2760,1.20761,-0.03968,0.0305806,0.0433443,2026-07-17 22:16:45.010
2578,21,2,42,CC_DChg,151018,2820,1.18203,-0.03999,0.031245,0.0441384,2026-07-17 22:17:45.010
2579,21,2,42,CC_DChg,151078,2880,1.15397,-0.03968,0.0319097,0.0449149,2026-07-17 22:18:45.010
2580,21,2,42,CC_DChg,151138,2940,1.12592,-0.03999,0.0325748,0.0456731,2026-07-17 22:19:45.010
2581,21,2,42,CC_DChg,151198,3000,1.09725,-0.03999,0.0332394,0.0464119,2026-07-17 22:20:45.010
2582,21,2,42,CC_DChg,151258,3060,1.06888,-0.03968,0.0339037,0.0471314,2026-07-17 22:21:45.010
2583,21,2,42,CC_DChg,151318,3120,1.04052,-0.03968,0.0345683,0.0478324,2026-07-17 22:22:45.010
2584,21,2,42,CC_DChg,151378,3180,1.01231,-0.03999,0.0352327,0.0485143,2026-07-17 22:23:45.010
2585,21,2,42,CC_DChg,151438,3240,0.985025,-0.03968,0.0358976,0.0491783,2026-07-17 22:24:45.010
2586,21,2,42,CC_DChg,151498,3300,0.95821,-0.03999,0.0365621,0.049824,2026-07-17 22:25:45.010
2587,21,2,42,CC_DChg,151558,3360,0.9331,-0.03968,0.0372272,0.050453,2026-07-17 22:26:45.010
2588,21,2,42,CC_DChg,151618,3420,0.9083,-0.03999,0.0378918,0.051065,2026-07-17 22:27:45.010
2589,21,2,42,CC_DChg,151678,3480,0.88505,-0.03999,0.0385566,0.051661,2026-07-17 22:28:45.010
2590,21,2,42,CC_DChg,151738,3540,0.86335,-0.03999,0.0392214,0.0522422,2026-07-17 22:29:45.010
2591,21,2,42,CC_DChg,151798,3600,0.843665,-0.03968,0.0398863,0.0528098,2026-07-17 22:30:45.010
2592,21,2,42,CC_DChg,151858,3660,0.82522,-0.03999,0.0405511,0.0533645,2026-07-17 22:31:45.010
2593,21,2,42,CC_DChg,151918,3720,0.806465,-0.03999,0.0412158,0.0539069,2026-07-17 22:32:45.010
2594,21,2,42,CC_DChg,151942,3743.89,0.79949,-0.03968,0.0414809,0.0541198,2026-07-17 22:33:08.900
2595,21,3,43,CC_Chg,151942,0,0.835915,0.03968,0,0,2026-07-17 22:33:08.990
2596,21,3,43,CC_Chg,152002,60,1.03633,0.03999,0.000665792,0.000630769,2026-07-17 22:34:08.990
2597,21,3,43,CC_Chg,152062,120,1.18172,0.03968,0.00133082,0.00136932,2026-07-17 22:35:08.990
2598,21,3,43,CC_Chg,152122,180,1.37004,0.03999,0.00199557,0.00221352,2026-07-17 22:36:08.990
2599,21,3,43,CC_Chg,152182,240,1.55403,0.03999,0.00266005,0.00319081,2026-07-17 22:37:08.990
2600,21,3,43,CC_Chg,152242,300,1.52907,0.03968,0.00332481,0.00421167,2026-07-17 22:38:08.990
2601,21,3,43,CC_Chg,152302,360,1.52799,0.03999,0.00398962,0.00522771,2026-07-17 22:39:08.990
2602,21,3,43,CC_Chg,152362,420,1.5283,0.03999,0.00465456,0.00624378,2026-07-17 22:40:08.990
2603,21,3,43,CC_Chg,152422,480,1.5283,0.03999,0.0053195,0.00726005,2026-07-17 22:41:08.990
2604,21,3,43,CC_Chg,152482,540,1.52892,0.03999,0.00598444,0.00827659,2026-07-17 22:42:08.990
2605,21,3,43,CC_Chg,152542,600,1.52938,0.03968,0.00664958,0.00929371,2026-07-17 22:43:08.990
2606,21,3,43,CC_Chg,152602,660,1.5297,0.03999,0.00731423,0.0103104,2026-07-17 22:44:08.990
2607,21,3,43,CC_Chg,152662,720,1.53047,0.03968,0.00797868,0.0113271,2026-07-17 22:45:08.990
2608,21,3,43,CC_Chg,152722,780,1.53093,0.03999,0.00864321,0.0123443,2026-07-17 22:46:08.990
2609,21,3,43,CC_Chg,152782,840,1.53155,0.03999,0.00930813,0.0133625,2026-07-17 22:47:08.990
2610,21,3,43,CC_Chg,152842,900,1.53218,0.03999,0.00997267,0.0143806,2026-07-17 22:48:08.990
2611,21,3,43,CC_Chg,152902,960,1.53295,0.03968,0.0106372,0.0153991,2026-07-17 22:49:08.990
2612,21,3,43,CC_Chg,152962,1020,1.53388,0.03999,0.011302,0.0164186,2026-07-17 22:50:08.990
2613,21,3,43,CC_Chg,153022,1080,1.53512,0.03999,0.0119663,0.0174381,2026-07-17 22:51:08.990
2614,21,3,43,CC_Chg,153082,1140,1.53667,0.03999,0.012631,0.0184589,2026-07-17 22:52:08.990
2615,21,3,43,CC_Chg,153142,1200,1.53869,0.03968,0.0132957,0.0194811,2026-07-17 22:53:08.990
2616,21,3,43,CC_Chg,153202,1260,1.54116,0.03968,0.0139603,0.0205044,2026-07-17 22:54:08.990
2617,21,3,43,CC_Chg,153262,1320,1.54395,0.03999,0.0146251,0.0215299,2026-07-17 22:55:08.990
2618,21,3,43,CC_Chg,153322,1380,1.54798,0.03999,0.0152893,0.0225569,2026-07-17 22:56:08.990
2619,21,3,43,CC_Chg,153382,1440,1.55217,0.03968,0.015954,0.0235871,2026-07-17 22:57:08.990
2620,21,3,43,CC_Chg,153442,1500,1.55666,0.03968,0.0166185,0.0246201,2026-07-17 22:58:08.990
2621,21,3,43,CC_Chg,153502,1560,1.56132,0.03968,0.0172832,0.0256564,2026-07-17 22:59:08.990
2622,21,3,43,CC_Chg,153562,1620,1.56534,0.03999,0.0179481,0.0266959,2026-07-17 23:00:08.990
2623,21,3,43,CC_Chg,153622,1680,1.56845,0.03999,0.0186129,0.0277378,2026-07-17 23:01:08.990
2624,21,3,43,CC_Chg,153682,1740,1.57123,0.03999,0.0192773,0.0287808,2026-07-17 23:02:08.990
2625,21,3,43,CC_Chg,153742,1800,1.5734,0.03968,0.0199421,0.0298262,2026-07-17 23:03:08.990
2626,21,3,43,CC_Chg,153802,1860,1.57542,0.03999,0.0206068,0.0308726,2026-07-17 23:04:08.990
2627,21,3,43,CC_Chg,153862,1920,1.57713,0.03999,0.0212711,0.0319198,2026-07-17 23:05:08.990
2628,21,3,43,CC_Chg,153922,1980,1.57914,0.03999,0.0219356,0.0329687,2026-07-17 23:06:08.990
2629,21,3,43,CC_Chg,153982,2040,1.581,0.03999,0.0225999,0.0340185,2026-07-17 23:07:08.990
2630,21,3,43,CC_Chg,154042,2100,1.58333,0.03999,0.0232645,0.0350701,2026-07-17 23:08:08.990
2631,21,3,43,CC_Chg,154102,2160,1.58565,0.03999,0.023929,0.036123,2026-07-17 23:09:08.990
2632,21,3,43,CC_Chg,154162,2220,1.58797,0.03999,0.0245936,0.0371777,2026-07-17 23:10:08.990
2633,21,3,43,CC_Chg,154222,2280,1.59061,0.03968,0.0252582,0.0382339,2026-07-17 23:11:08.990
2634,21,3,43,CC_Chg,154282,2340,1.59356,0.03999,0.0259228,0.0392921,2026-07-17 23:12:08.990
2635,21,3,43,CC_Chg,154342,2400,1.59696,0.03999,0.0265871,0.0403518,2026-07-17 23:13:08.990
2636,21,3,43,CC_Chg,154402,2460,1.60084,0.03999,0.0272516,0.0414143,2026-07-17 23:14:08.990
2637,21,3,43,CC_Chg,154462,2520,1.6058,0.03999,0.0279157,0.0424791,2026-07-17 23:15:08.990
2638,21,3,43,CC_Chg,154522,2580,1.61262,0.03968,0.0285806,0.0435488,2026-07-17 23:16:08.990
2639,21,3,43,CC_Chg,154582,2640,1.62084,0.03999,0.0292449,0.0446228,2026-07-17 23:17:08.990
2640,21,3,43,CC_Chg,154642,2700,1.62936,0.03999,0.0299097,0.0457032,2026-07-17 23:18:08.990
2641,21,3,43,CC_Chg,154702,2760,1.63726,0.03999,0.0305742,0.0467886,2026-07-17 23:19:08.990
2642,21,3,43,CC_Chg,154762,2820,1.64486,0.03968,0.0312386,0.047879,2026-07-17 23:20:08.990
2643,21,3,43,CC_Chg,154822,2880,1.65214,0.03968,0.0319029,0.0489741,2026-07-17 23:21:08.990
2644,21,3,43,CC_Chg,154882,2940,1.65943,0.03968,0.0325672,0.0500741,2026-07-17 23:22:08.990
2645,21,3,43,CC_Chg,154942,3000,1.66687,0.03999,0.0332316,0.0511791,2026-07-17 23:23:08.990
2646,21,3,43,CC_Chg,155002,3060,1.67447,0.03968,0.0338958,0.0522888,2026-07-17 23:24:08.990
2647,21,3,43,CC_Chg,155062,3120,1.68206,0.03999,0.0345603,0.053404,2026-07-17 23:25:08.990
2648,21,3,43,CC_Chg,155122,3180,1.69012,0.03999,0.0352248,0.0545246,2026-07-17 23:26:08.990
2649,21,3,43,CC_Chg,155182,3240,1.69864,0.03999,0.035889,0.0556501,2026-07-17 23:27:08.990
2650,21,3,43,CC_Chg,155242,3300,1.70732,0.03999,0.0365535,0.0567817,2026-07-17 23:28:08.990
2651,21,3,43,CC_Chg,155302,3360,1.71632,0.03999,0.0372177,0.0579189,2026-07-17 23:29:08.990
2652,21,3,43,CC_Chg,155362,3420,1.72531,0.03968,0.0378821,0.0590623,2026-07-17 23:30:08.990
2653,21,3,43,CC_Chg,155422,3480,1.73429,0.03999,0.0385466,0.0602118,2026-07-17 23:31:08.990
2654,21,3,43,CC_Chg,155482,3540,1.74344,0.03999,0.039211,0.0613673,2026-07-17 23:32:08.990
2655,21,3,43,CC_Chg,155542,3600,1.75212,0.03999,0.0398757,0.062529,2026-07-17 23:33:08.990
2656,21,3,43,CC_Chg,155602,3660,1.76065,0.03999,0.0405403,0.0636965,2026-07-17 23:34:08.990
2657,21,3,43,CC_Chg,155662,3720,1.76886,0.03999,0.0412046,0.064869,2026-07-17 23:35:08.990
2658,21,3,43,CC_Chg,155722,3780,1.77676,0.03999,0.0418692,0.0660475,2026-07-17 23:36:08.990
2659,21,3,43,CC_Chg,155782,3840,1.78452,0.03999,0.0425337,0.0672308,2026-07-17 23:37:08.990
2660,21,3,43,CC_Chg,155842,3900,1.79164,0.03968,0.0431983,0.0684192,2026-07-17 23:38:08.990
2661,21,3,43,CC_Chg,155902,3960,1.79815,0.03999,0.0438627,0.0696118,2026-07-17 23:39:08.990
2662,21,3,43,CC_Chg,155920,3977.71,1.80017,0.03999,0.044059,0.0699651,2026-07-17 23:39:26.700
2663,22,2,44,CC_DChg,155920,0,1.76964,-0.03999,0,0,2026-07-17 23:39:26.760
2664,22,2,44,CC_DChg,155980,60,1.70887,-0.03968,0.000664991,0.0011529,2026-07-17 23:40:26.760
2665,22,2,44,CC_DChg,156040,120,1.67183,-0.03968,0.0013292,0.0022752,2026-07-17 23:41:26.760
2666,22,2,44,CC_DChg,156100,180,1.64083,-0.03999,0.00199312,0.0033747,2026-07-17 23:42:26.760
2667,22,2,44,CC_DChg,156160,240,1.61386,-0.03968,0.00265761,0.00445597,2026-07-17 23:43:26.760
2668,22,2,44,CC_DChg,156220,300,1.59061,-0.03999,0.00332146,0.00551955,2026-07-17 23:44:26.760
2669,22,2,44,CC_DChg,156280,360,1.57031,-0.03968,0.00398607,0.00656986,2026-07-17 23:45:26.760
2670,22,2,44,CC_DChg,156340,420,1.55263,-0.03968,0.0046503,0.00760701,2026-07-17 23:46:26.760
2671,22,2,44,CC_DChg,156400,480,1.53744,-0.03999,0.00531434,0.00863293,2026-07-17 23:47:26.760
2672,22,2,44,CC_DChg,156460,540,1.52381,-0.03999,0.00597861,0.00964956,2026-07-17 23:48:26.760
2673,22,2,44,CC_DChg,156520,600,1.51156,-0.03999,0.00664291,0.0106577,2026-07-17 23:49:26.760
2674,22,2,44,CC_DChg,156580,660,1.50025,-0.03999,0.00730764,0.0116587,2026-07-17 23:50:26.760
2675,22,2,44,CC_DChg,156640,720,1.48971,-0.03968,0.00797209,0.0126521,2026-07-17 23:51:26.760
2676,22,2,44,CC_DChg,156700,780,1.47994,-0.03968,0.0086367,0.0136389,2026-07-17 23:52:26.760
2677,22,2,44,CC_DChg,156760,840,1.47064,-0.03999,0.00930096,0.0146188,2026-07-17 23:53:26.760
2678,22,2,44,CC_DChg,156820,900,1.46149,-0.03999,0.0099653,0.0155928,2026-07-17 23:54:26.760
2679,22,2,44,CC_DChg,156880,960,1.4525,-0.03999,0.0106301,0.0165614,2026-07-17 23:55:26.760
2680,22,2,44,CC_DChg,156940,1020,1.44429,-0.03999,0.0112949,0.0175245,2026-07-17 23:56:26.760
2681,22,2,44,CC_DChg,157000,1080,1.43623,-0.03968,0.0119598,0.018482,2026-07-17 23:57:26.760
2682,22,2,44,CC_DChg,157060,1140,1.42848,-0.03999,0.0126246,0.0194342,2026-07-17 23:58:26.760
2683,22,2,44,CC_DChg,157120,1200,1.42228,-0.03999,0.0132892,0.0203815,2026-07-17 23:59:26.760
2684,22,2,44,CC_DChg,157180,1260,1.41639,-0.03999,0.013954,0.0213252,2026-07-18 00:00:26.760
2685,22,2,44,CC_DChg,157240,1320,1.41081,-0.03968,0.0146182,0.0222642,2026-07-18 00:01:26.760
2686,22,2,44,CC_DChg,157300,1380,1.40554,-0.03999,0.0152826,0.0231999,2026-07-18 00:02:26.760
2687,22,2,44,CC_DChg,157360,1440,1.40043,-0.03968,0.0159475,0.0241327,2026-07-18 00:03:26.760
2688,22,2,44,CC_DChg,157420,1500,1.39546,-0.03999,0.0166121,0.025062,2026-07-18 00:04:26.760
2689,22,2,44,CC_DChg,157480,1560,1.39035,-0.03999,0.0172766,0.0259876,2026-07-18 00:05:26.760
2690,22,2,44,CC_DChg,157540,1620,1.38523,-0.03968,0.0179409,0.0269097,2026-07-18 00:06:26.760
2691,22,2,44,CC_DChg,157600,1680,1.37997,-0.03999,0.0186054,0.0278285,2026-07-18 00:07:26.760
2692,22,2,44,CC_DChg,157660,1740,1.37423,-0.03999,0.0192703,0.0287442,2026-07-18 00:08:26.760
2693,22,2,44,CC_DChg,157720,1800,1.36741,-0.03999,0.0199349,0.0296554,2026-07-18 00:09:26.760
2694,22,2,44,CC_DChg,157780,1860,1.35981,-0.03999,0.0205995,0.0305619,2026-07-18 00:10:26.760
2695,22,2,44,CC_DChg,157840,1920,1.35129,-0.03968,0.0212643,0.031463,2026-07-18 00:11:26.760
2696,22,2,44,CC_DChg,157900,1980,1.34059,-0.03968,0.0219288,0.0323577,2026-07-18 00:12:26.760
2697,22,2,44,CC_DChg,157960,2040,1.32851,-0.03968,0.0225932,0.0332445,2026-07-18 00:13:26.760
2698,22,2,44,CC_DChg,158020,2100,1.3144,-0.03968,0.0232575,0.0341224,2026-07-18 00:14:26.760
2699,22,2,44,CC_DChg,158080,2160,1.29859,-0.03968,0.0239215,0.0349901,2026-07-18 00:15:26.760
2700,22,2,44,CC_DChg,158140,2220,1.28201,-0.03999,0.0245865,0.0358481,2026-07-18 00:16:26.760
2701,22,2,44,CC_DChg,158200,2280,1.27519,-0.03999,0.025251,0.0366967,2026-07-18 00:17:26.760
2702,22,2,44,CC_DChg,158260,2340,1.27844,-0.03968,0.0259156,0.0375452,2026-07-18 00:18:26.760
2703,22,2,44,CC_DChg,158320,2400,1.28138,-0.03999,0.0265804,0.0383963,2026-07-18 00:19:26.760
2704,22,2,44,CC_DChg,158380,2460,1.28015,-0.03999,0.0272446,0.0392473,2026-07-18 00:20:26.760
2705,22,2,44,CC_DChg,158440,2520,1.27534,-0.03968,0.0279091,0.0400965,2026-07-18 00:21:26.760
2706,22,2,44,CC_DChg,158500,2580,1.26635,-0.03999,0.0285736,0.0409413,2026-07-18 00:22:26.760
2707,22,2,44,CC_DChg,158560,2640,1.25426,-0.03968,0.029238,0.0417788,2026-07-18 00:23:26.760
2708,22,2,44,CC_DChg,158620,2700,1.23829,-0.03999,0.0299028,0.0426075,2026-07-18 00:24:26.760
2709,22,2,44,CC_DChg,158680,2760,1.21815,-0.03999,0.0305675,0.0434243,2026-07-18 00:25:26.760
2710,22,2,44,CC_DChg,158740,2820,1.19443,-0.03968,0.0312323,0.0442264,2026-07-18 00:26:26.760
2711,22,2,44,CC_DChg,158800,2880,1.16715,-0.03968,0.0318966,0.0450109,2026-07-18 00:27:26.760
2712,22,2,44,CC_DChg,158860,2940,1.13941,-0.03968,0.0325612,0.0457775,2026-07-18 00:28:26.760
2713,22,2,44,CC_DChg,158920,3000,1.11104,-0.03999,0.0332263,0.0465258,2026-07-18 00:29:26.760
2714,22,2,44,CC_DChg,158980,3060,1.08314,-0.03968,0.0338911,0.0472552,2026-07-18 00:30:26.760
2715,22,2,44,CC_DChg,159040,3120,1.05462,-0.03968,0.034556,0.0479659,2026-07-18 00:31:26.760
2716,22,2,44,CC_DChg,159100,3180,1.02672,-0.03968,0.0352204,0.0486573,2026-07-18 00:32:26.760
2717,22,2,44,CC_DChg,159160,3240,0.998975,-0.03999,0.0358848,0.0493303,2026-07-18 00:33:26.760
2718,22,2,44,CC_DChg,159220,3300,0.97216,-0.03999,0.0365492,0.049985,2026-07-18 00:34:26.760
2719,22,2,44,CC_DChg,159280,3360,0.94612,-0.03968,0.0372135,0.0506221,2026-07-18 00:35:26.760
2720,22,2,44,CC_DChg,159340,3420,0.921165,-0.03999,0.0378782,0.0512427,2026-07-18 00:36:26.760
2721,22,2,44,CC_DChg,159400,3480,0.897295,-0.03968,0.0385428,0.051847,2026-07-18 00:37:26.760
2722,22,2,44,CC_DChg,159460,3540,0.874975,-0.03999,0.039207,0.0524356,2026-07-18 00:38:26.760
2723,22,2,44,CC_DChg,159520,3600,0.854205,-0.03999,0.0398714,0.05301,2026-07-18 00:39:26.760
2724,22,2,44,CC_DChg,159580,3660,0.83576,-0.03999,0.0405358,0.0535715,2026-07-18 00:40:26.760
2725,22,2,44,CC_DChg,159640,3720,0.81716,-0.03999,0.0412005,0.054121,2026-07-18 00:41:26.760
2726,22,2,44,CC_DChg,159699,3779.23,0.799645,-0.03999,0.0418567,0.0546515,2026-07-18 00:42:25.990
2727,22,3,45,CC_Chg,159699,0,0.83545,0.03968,0,0,2026-07-18 00:42:26.090
2728,22,3,45,CC_Chg,159759,60,1.03571,0.03999,0.000665764,0.000630786,2026-07-18 00:43:26.090
2729,22,3,45,CC_Chg,159819,120,1.1842,0.03999,0.00133024,0.00136892,2026-07-18 00:44:26.090
2730,22,3,45,CC_Chg,159879,180,1.37113,0.03999,0.00199479,0.00221328,2026-07-18 00:45:26.090
2731,22,3,45,CC_Chg,159939,240,1.55387,0.03999,0.00265958,0.00319171,2026-07-18 00:46:26.090
2732,22,3,45,CC_Chg,159999,300,1.52876,0.03968,0.00332418,0.00421196,2026-07-18 00:47:26.090
2733,22,3,45,CC_Chg,160059,360,1.52768,0.03968,0.00398837,0.00522687,2026-07-18 00:48:26.090
2734,22,3,45,CC_Chg,160119,420,1.52784,0.03999,0.00465324,0.00624269,2026-07-18 00:49:26.090
2735,22,3,45,CC_Chg,160179,480,1.52815,0.03999,0.00531818,0.0072588,2026-07-18 00:50:26.090
2736,22,3,45,CC_Chg,160239,540,1.52861,0.03968,0.0059827,0.00827455,2026-07-18 00:51:26.090
2737,22,3,45,CC_Chg,160299,600,1.52907,0.03999,0.00664729,0.00929066,2026-07-18 00:52:26.090
2738,22,3,45,CC_Chg,160359,660,1.52923,0.03999,0.00731176,0.0103069,2026-07-18 00:53:26.090
2739,22,3,45,CC_Chg,160419,720,1.52985,0.03999,0.00797586,0.0113228,2026-07-18 00:54:26.090
2740,22,3,45,CC_Chg,160479,780,1.53047,0.03999,0.00864048,0.0123399,2026-07-18 00:55:26.090
2741,22,3,45,CC_Chg,160539,840,1.53124,0.03999,0.00930536,0.0133578,2026-07-18 00:56:26.090
2742,22,3,45,CC_Chg,160599,900,1.53202,0.03968,0.00997,0.0143759,2026-07-18 00:57:26.090
2743,22,3,45,CC_Chg,160659,960,1.53279,0.03999,0.0106347,0.0153945,2026-07-18 00:58:26.090
2744,22,3,45,CC_Chg,160719,1020,1.53388,0.03968,0.0112993,0.0164136,2026-07-18 00:59:26.090
2745,22,3,45,CC_Chg,160779,1080,1.53496,0.03999,0.0119639,0.0174333,2026-07-18 01:00:26.090
2746,22,3,45,CC_Chg,160839,1140,1.53621,0.03999,0.0126284,0.0184538,2026-07-18 01:01:26.090
2747,22,3,45,CC_Chg,160899,1200,1.53838,0.03968,0.0132928,0.0194752,2026-07-18 01:02:26.090
2748,22,3,45,CC_Chg,160959,1260,1.5407,0.03999,0.0139576,0.0204987,2026-07-18 01:03:26.090
2749,22,3,45,CC_Chg,161019,1320,1.54364,0.03968,0.0146223,0.0215239,2026-07-18 01:04:26.090
2750,22,3,45,CC_Chg,161079,1380,1.54721,0.03999,0.0152867,0.0225507,2026-07-18 01:05:26.090
2751,22,3,45,CC_Chg,161139,1440,1.55124,0.03999,0.0159514,0.0235806,2026-07-18 01:06:26.090
2752,22,3,45,CC_Chg,161199,1500,1.55589,0.03999,0.016616,0.0246132,2026-07-18 01:07:26.090
2753,22,3,45,CC_Chg,161259,1560,1.56069,0.03968,0.0172803,0.0256486,2026-07-18 01:08:26.090
2754,22,3,45,CC_Chg,161319,1620,1.56472,0.03968,0.017945,0.0266873,2026-07-18 01:09:26.090
2755,22,3,45,CC_Chg,161379,1680,1.56783,0.03968,0.0186096,0.0277284,2026-07-18 01:10:26.090
2756,22,3,45,CC_Chg,161439,1740,1.57062,0.03968,0.0192742,0.0287713,2026-07-18 01:11:26.090
2757,22,3,45,CC_Chg,161499,1800,1.57279,0.03968,0.0199391,0.0298165,2026-07-18 01:12:26.090
2758,22,3,45,CC_Chg,161559,1860,1.57496,0.03968,0.0206036,0.0308624,2026-07-18 01:13:26.090
2759,22,3,45,CC_Chg,161619,1920,1.57666,0.03999,0.0212681,0.0319095,2026-07-18 01:14:26.090
2760,22,3,45,CC_Chg,161679,1980,1.57852,0.03968,0.0219324,0.0329575,2026-07-18 01:15:26.090
2761,22,3,45,CC_Chg,161739,2040,1.58054,0.03999,0.0225971,0.0340075,2026-07-18 01:16:26.090
2762,22,3,45,CC_Chg,161799,2100,1.58255,0.03999,0.0232618,0.0350588,2026-07-18 01:17:26.090
2763,22,3,45,CC_Chg,161859,2160,1.58488,0.03968,0.0239263,0.0361113,2026-07-18 01:18:26.090
2764,22,3,45,CC_Chg,161919,2220,1.58705,0.03999,0.0245909,0.0371654,2026-07-18 01:19:26.090
2765,22,3,45,CC_Chg,161979,2280,1.58953,0.03999,0.0252555,0.038221,2026-07-18 01:20:26.090
2766,22,3,45,CC_Chg,162039,2340,1.59247,0.03999,0.0259202,0.0392787,2026-07-18 01:21:26.090
2767,22,3,45,CC_Chg,162099,2400,1.59557,0.03968,0.0265848,0.0403381,2026-07-18 01:22:26.090
2768,22,3,45,CC_Chg,162159,2460,1.59929,0.03968,0.0272493,0.0413997,2026-07-18 01:23:26.090
2769,22,3,45,CC_Chg,162219,2520,1.60379,0.03999,0.0279136,0.0424637,2026-07-18 01:24:26.090
2770,22,3,45,CC_Chg,162279,2580,1.60983,0.03968,0.0285781,0.0435313,2026-07-18 01:25:26.090
2771,22,3,45,CC_Chg,162339,2640,1.61789,0.03968,0.0292425,0.0446035,2026-07-18 01:26:26.090
2772,22,3,45,CC_Chg,162399,2700,1.62641,0.03968,0.029907,0.0456814,2026-07-18 01:27:26.090
2773,22,3,45,CC_Chg,162459,2760,1.63447,0.03968,0.0305714,0.0467648,2026-07-18 01:28:26.090
2774,22,3,45,CC_Chg,162519,2820,1.64223,0.03999,0.0312359,0.0478537,2026-07-18 01:29:26.090
2775,22,3,45,CC_Chg,162579,2880,1.64951,0.03999,0.0319006,0.0489478,2026-07-18 01:30:26.090
2776,22,3,45,CC_Chg,162639,2940,1.65648,0.03968,0.0325653,0.0500466,2026-07-18 01:31:26.090
2777,22,3,45,CC_Chg,162699,3000,1.66393,0.03968,0.0332297,0.0511496,2026-07-18 01:32:26.090
2778,22,3,45,CC_Chg,162759,3060,1.67105,0.03999,0.0338945,0.0522582,2026-07-18 01:33:26.090
2779,22,3,45,CC_Chg,162819,3120,1.6785,0.03999,0.0345593,0.0533716,2026-07-18 01:34:26.090
2780,22,3,45,CC_Chg,162879,3180,1.68624,0.03999,0.0352237,0.0544895,2026-07-18 01:35:26.090
2781,22,3,45,CC_Chg,162939,3240,1.69446,0.03999,0.0358885,0.0556133,2026-07-18 01:36:26.090
2782,22,3,45,CC_Chg,162999,3300,1.70267,0.03968,0.0365532,0.0567424,2026-07-18 01:37:26.090
2783,22,3,45,CC_Chg,163059,3360,1.71151,0.03999,0.0372177,0.0578769,2026-07-18 01:38:26.090
2784,22,3,45,CC_Chg,163119,3420,1.72019,0.03999,0.0378825,0.0590176,2026-07-18 01:39:26.090
2785,22,3,45,CC_Chg,163179,3480,1.72918,0.03968,0.038547,0.0601638,2026-07-18 01:40:26.090
2786,22,3,45,CC_Chg,163239,3540,1.73832,0.03999,0.0392116,0.0613162,2026-07-18 01:41:26.090
2787,22,3,45,CC_Chg,163299,3600,1.74731,0.03968,0.0398764,0.0624748,2026-07-18 01:42:26.090
2788,22,3,45,CC_Chg,163359,3660,1.75584,0.03999,0.0405408,0.0636387,2026-07-18 01:43:26.090
2789,22,3,45,CC_Chg,163419,3720,1.76436,0.03999,0.0412052,0.0648082,2026-07-18 01:44:26.090
2790,22,3,45,CC_Chg,163479,3780,1.77242,0.03999,0.0418697,0.0659834,2026-07-18 01:45:26.090
2791,22,3,45,CC_Chg,163539,3840,1.78033,0.03968,0.0425343,0.0671641,2026-07-18 01:46:26.090
2792,22,3,45,CC_Chg,163599,3900,1.78761,0.03999,0.0431988,0.0683495,2026-07-18 01:47:26.090
2793,22,3,45,CC_Chg,163659,3960,1.79428,0.03999,0.0438637,0.0695404,2026-07-18 01:48:26.090
2794,22,3,45,CC_Chg,163713,4013.54,1.80001,0.03999,0.0444572,0.0706071,2026-07-18 01:49:19.630
2795,23,2,46,CC_DChg,163713,0,1.77041,-0.03999,0,0,2026-07-18 01:49:19.700
2796,23,2,46,CC_DChg,163773,60,1.70965,-0.03999,0.000665457,0.00115428,2026-07-18 01:50:19.700
2797,23,2,46,CC_DChg,163833,120,1.67307,-0.03968,0.00133001,0.00227796,2026-07-18 01:51:19.700
2798,23,2,46,CC_DChg,163893,180,1.64254,-0.03968,0.00199431,0.00337912,2026-07-18 01:52:19.700
2799,23,2,46,CC_DChg,163953,240,1.61572,-0.03999,0.00265892,0.00446175,2026-07-18 01:53:19.700
2800,23,2,46,CC_DChg,164013,300,1.59247,-0.03999,0.0033233,0.00552741,2026-07-18 01:54:19.700
2801,23,2,46,CC_DChg,164073,360,1.57217,-0.03999,0.00398769,0.00657865,2026-07-18 01:55:19.700
2802,23,2,46,CC_DChg,164133,420,1.55449,-0.03999,0.00465232,0.00761771,2026-07-18 01:56:19.700
2803,23,2,46,CC_DChg,164193,480,1.5393,-0.03968,0.00531675,0.00864553,2026-07-18 01:57:19.700
2804,23,2,46,CC_DChg,164253,540,1.52567,-0.03999,0.00598112,0.00966365,2026-07-18 01:58:19.700
2805,23,2,46,CC_DChg,164313,600,1.51357,-0.03999,0.00664571,0.0106736,2026-07-18 01:59:19.700
2806,23,2,46,CC_DChg,164373,660,1.50242,-0.03968,0.00731075,0.0116765,2026-07-18 02:00:19.700
2807,23,2,46,CC_DChg,164433,720,1.49219,-0.03968,0.00797519,0.0126714,2026-07-18 02:01:19.700
2808,23,2,46,CC_DChg,164493,780,1.48242,-0.03968,0.00863939,0.0136592,2026-07-18 02:02:19.700
2809,23,2,46,CC_DChg,164553,840,1.47297,-0.03968,0.00930373,0.0146409,2026-07-18 02:03:19.700
2810,23,2,46,CC_DChg,164613,900,1.46429,-0.03968,0.00996811,0.0156167,2026-07-18 02:04:19.700
2811,23,2,46,CC_DChg,164673,960,1.4553,-0.03999,0.0106327,0.0165869,2026-07-18 02:05:19.700
2812,23,2,46,CC_DChg,164733,1020,1.44693,-0.03999,0.0112968,0.0175506,2026-07-18 02:06:19.700
2813,23,2,46,CC_DChg,164793,1080,1.43887,-0.03999,0.0119611,0.0185093,2026-07-18 02:07:19.700
2814,23,2,46,CC_DChg,164853,1140,1.43111,-0.03968,0.0126256,0.0194628,2026-07-18 02:08:19.700
2815,23,2,46,CC_DChg,164913,1200,1.42476,-0.03999,0.0132901,0.0204116,2026-07-18 02:09:19.700
2816,23,2,46,CC_DChg,164973,1260,1.41856,-0.03999,0.0139546,0.0213563,2026-07-18 02:10:19.700
2817,23,2,46,CC_DChg,165033,1320,1.41298,-0.03999,0.0146191,0.0222972,2026-07-18 02:11:19.700
2818,23,2,46,CC_DChg,165093,1380,1.4074,-0.03999,0.0152835,0.0232342,2026-07-18 02:12:19.700
2819,23,2,46,CC_DChg,165153,1440,1.40229,-0.03968,0.0159482,0.0241681,2026-07-18 02:13:19.700
2820,23,2,46,CC_DChg,165213,1500,1.39748,-0.03999,0.0166125,0.0250982,2026-07-18 02:14:19.700
2821,23,2,46,CC_DChg,165273,1560,1.39283,-0.03999,0.0172766,0.0260249,2026-07-18 02:15:19.700
2822,23,2,46,CC_DChg,165333,1620,1.38756,-0.03999,0.0179409,0.0269484,2026-07-18 02:16:19.700
2823,23,2,46,CC_DChg,165393,1680,1.38229,-0.03999,0.0186056,0.0278691,2026-07-18 02:17:19.700
2824,23,2,46,CC_DChg,165453,1740,1.37687,-0.03999,0.0192702,0.0287861,2026-07-18 02:18:19.700
2825,23,2,46,CC_DChg,165513,1800,1.37082,-0.03968,0.019935,0.0296994,2026-07-18 02:19:19.700
2826,23,2,46,CC_DChg,165573,1860,1.36353,-0.03999,0.0205997,0.0306082,2026-07-18 02:20:19.700
2827,23,2,46,CC_DChg,165633,1920,1.35532,-0.03999,0.0212643,0.0315119,2026-07-18 02:21:19.700
2828,23,2,46,CC_DChg,165693,1980,1.34556,-0.03968,0.0219292,0.03241,2026-07-18 02:22:19.700
2829,23,2,46,CC_DChg,165753,2040,1.33424,-0.03999,0.0225937,0.0333004,2026-07-18 02:23:19.700
2830,23,2,46,CC_DChg,165813,2100,1.32091,-0.03999,0.023258,0.0341825,2026-07-18 02:24:19.700
2831,23,2,46,CC_DChg,165873,2160,1.30587,-0.03999,0.0239229,0.035056,2026-07-18 02:25:19.700
2832,23,2,46,CC_DChg,165933,2220,1.28944,-0.03999,0.0245873,0.0359183,2026-07-18 02:26:19.700
2833,23,2,46,CC_DChg,165993,2280,1.27612,-0.03999,0.0252517,0.03677,2026-07-18 02:27:19.700
2834,23,2,46,CC_DChg,166053,2340,1.27658,-0.03999,0.0259163,0.0376178,2026-07-18 02:28:19.700
2835,23,2,46,CC_DChg,166113,2400,1.28092,-0.03968,0.0265807,0.0384676,2026-07-18 02:29:19.700
2836,23,2,46,CC_DChg,166173,2460,1.28154,-0.03999,0.0272447,0.0393186,2026-07-18 02:30:19.700
2837,23,2,46,CC_DChg,166233,2520,1.27828,-0.03968,0.0279092,0.0401693,2026-07-18 02:31:19.700
2838,23,2,46,CC_DChg,166293,2580,1.27162,-0.03999,0.0285738,0.0410168,2026-07-18 02:32:19.700
2839,23,2,46,CC_DChg,166353,2640,1.26108,-0.03968,0.0292383,0.0418585,2026-07-18 02:33:19.700
2840,23,2,46,CC_DChg,166413,2700,1.24713,-0.03999,0.0299028,0.0426921,2026-07-18 02:34:19.700
2841,23,2,46,CC_DChg,166473,2760,1.229,-0.03999,0.0305674,0.0435153,2026-07-18 02:35:19.700
2842,23,2,46,CC_DChg,166533,2820,1.20714,-0.03968,0.0312321,0.0443252,2026-07-18 02:36:19.700
2843,23,2,46,CC_DChg,166593,2880,1.18125,-0.03968,0.031897,0.0451195,2026-07-18 02:37:19.700
2844,23,2,46,CC_DChg,166653,2940,1.1532,-0.03999,0.0325617,0.0458955,2026-07-18 02:38:19.700
2845,23,2,46,CC_DChg,166713,3000,1.12546,-0.03968,0.0332265,0.0466529,2026-07-18 02:39:19.700
2846,23,2,46,CC_DChg,166773,3060,1.09693,-0.03968,0.033891,0.0473912,2026-07-18 02:40:19.700
2847,23,2,46,CC_DChg,166833,3120,1.06888,-0.03999,0.0345552,0.0481105,2026-07-18 02:41:19.700
2848,23,2,46,CC_DChg,166893,3180,1.04052,-0.03968,0.0352201,0.0488118,2026-07-18 02:42:19.700
2849,23,2,46,CC_DChg,166953,3240,1.01277,-0.03999,0.0358843,0.0494936,2026-07-18 02:43:19.700
2850,23,2,46,CC_DChg,167013,3300,0.98549,-0.03999,0.0365488,0.0501575,2026-07-18 02:44:19.700
2851,23,2,46,CC_DChg,167073,3360,0.95945,-0.03968,0.0372134,0.0508038,2026-07-18 02:45:19.700
2852,23,2,46,CC_DChg,167133,3420,0.93403,-0.03968,0.0378777,0.0514327,2026-07-18 02:46:19.700
2853,23,2,46,CC_DChg,167193,3480,0.91016,-0.03968,0.0385421,0.0520453,2026-07-18 02:47:19.700
2854,23,2,46,CC_DChg,167253,3540,0.88691,-0.03968,0.0392065,0.0526421,2026-07-18 02:48:19.700
2855,23,2,46,CC_DChg,167313,3600,0.865365,-0.03999,0.039871,0.0532241,2026-07-18 02:49:19.700
2856,23,2,46,CC_DChg,167373,3660,0.84568,-0.03999,0.0405351,0.0537923,2026-07-18 02:50:19.700
2857,23,2,46,CC_DChg,167433,3720,0.82739,-0.03968,0.0411995,0.054348,2026-07-18 02:51:19.700
2858,23,2,46,CC_DChg,167493,3780,0.80879,-0.03999,0.0418639,0.0548916,2026-07-18 02:52:19.700
2859,23,2,46,CC_DChg,167523,3810.06,0.7998,-0.03999,0.0421973,0.0551597,2026-07-18 02:52:49.760
2860,23,3,47,CC_Chg,167523,0,0.835605,0.03968,0,0,2026-07-18 02:52:49.820
2861,23,3,47,CC_Chg,167583,60,1.03633,0.03968,0.000665772,0.000630948,2026-07-18 02:53:49.820
2862,23,3,47,CC_Chg,167643,120,1.18219,0.03968,0.00133027,0.00136912,2026-07-18 02:54:49.820
2863,23,3,47,CC_Chg,167703,180,1.37144,0.03999,0.00199501,0.00221359,2026-07-18 02:55:49.820
2864,23,3,47,CC_Chg,167763,240,1.55449,0.03968,0.0026596,0.00319177,2026-07-18 02:56:49.820
2865,23,3,47,CC_Chg,167823,300,1.52876,0.03999,0.00332406,0.00421191,2026-07-18 02:57:49.820
2866,23,3,47,CC_Chg,167883,360,1.52784,0.03968,0.00398813,0.00522675,2026-07-18 02:58:49.820
2867,23,3,47,CC_Chg,167943,420,1.52784,0.03968,0.00465236,0.00624163,2026-07-18 02:59:49.820
2868,23,3,47,CC_Chg,168003,480,1.52815,0.03999,0.00531641,0.00725644,2026-07-18 03:00:49.820
2869,23,3,47,CC_Chg,168063,540,1.52876,0.03999,0.00598096,0.00827222,2026-07-18 03:01:49.820
2870,23,3,47,CC_Chg,168123,600,1.52907,0.03999,0.00664529,0.00928794,2026-07-18 03:02:49.820
2871,23,3,47,CC_Chg,168183,660,1.52954,0.03999,0.00730977,0.0103042,2026-07-18 03:03:49.820
2872,23,3,47,CC_Chg,168243,720,1.52985,0.03999,0.00797448,0.0113211,2026-07-18 03:04:49.820
2873,23,3,47,CC_Chg,168303,780,1.53047,0.03999,0.00863888,0.0123378,2026-07-18 03:05:49.820
2874,23,3,47,CC_Chg,168363,840,1.53124,0.03999,0.00930367,0.0133555,2026-07-18 03:06:49.820
2875,23,3,47,CC_Chg,168423,900,1.53202,0.03999,0.00996848,0.0143738,2026-07-18 03:07:49.820
2876,23,3,47,CC_Chg,168483,960,1.53279,0.03968,0.0106329,0.015392,2026-07-18 03:08:49.820
2877,23,3,47,CC_Chg,168543,1020,1.53357,0.03999,0.0112973,0.0164107,2026-07-18 03:09:49.820
2878,23,3,47,CC_Chg,168603,1080,1.53466,0.03999,0.0119616,0.0174299,2026-07-18 03:10:49.820
2879,23,3,47,CC_Chg,168663,1140,1.53621,0.03968,0.012626,0.0184501,2026-07-18 03:11:49.820
2880,23,3,47,CC_Chg,168723,1200,1.53807,0.03968,0.0132906,0.0194718,2026-07-18 03:12:49.820
2881,23,3,47,CC_Chg,168783,1260,1.54024,0.03999,0.0139551,0.0204947,2026-07-18 03:13:49.820
2882,23,3,47,CC_Chg,168843,1320,1.54333,0.03968,0.0146198,0.0215195,2026-07-18 03:14:49.820
2883,23,3,47,CC_Chg,168903,1380,1.54675,0.03968,0.0152844,0.0225464,2026-07-18 03:15:49.820
2884,23,3,47,CC_Chg,168963,1440,1.55046,0.03999,0.0159487,0.0235752,2026-07-18 03:16:49.820
2885,23,3,47,CC_Chg,169023,1500,1.5548,0.03999,0.0166134,0.0246073,2026-07-18 03:17:49.820
2886,23,3,47,CC_Chg,169083,1560,1.55915,0.03999,0.0172781,0.0256424,2026-07-18 03:18:49.820
2887,23,3,47,CC_Chg,169143,1620,1.56364,0.03968,0.0179427,0.0266801,2026-07-18 03:19:49.820
2888,23,3,47,CC_Chg,169203,1680,1.56689,0.03968,0.0186071,0.0277201,2026-07-18 03:20:49.820
2889,23,3,47,CC_Chg,169263,1740,1.56968,0.03999,0.0192717,0.0287626,2026-07-18 03:21:49.820
2890,23,3,47,CC_Chg,169323,1800,1.57201,0.03968,0.0199363,0.0298065,2026-07-18 03:22:49.820
2891,23,3,47,CC_Chg,169383,1860,1.57403,0.03968,0.0206008,0.0308518,2026-07-18 03:23:49.820
2892,23,3,47,CC_Chg,169443,1920,1.57588,0.03968,0.0212653,0.0318984,2026-07-18 03:24:49.820
2893,23,3,47,CC_Chg,169503,1980,1.5779,0.03968,0.0219301,0.0329467,2026-07-18 03:25:49.820
2894,23,3,47,CC_Chg,169563,2040,1.57976,0.03999,0.0225946,0.0339959,2026-07-18 03:26:49.820
2895,23,3,47,CC_Chg,169623,2100,1.58162,0.03999,0.0232591,0.0350464,2026-07-18 03:27:49.820
2896,23,3,47,CC_Chg,169683,2160,1.58348,0.03999,0.0239235,0.0360978,2026-07-18 03:28:49.820
2897,23,3,47,CC_Chg,169743,2220,1.58611,0.03968,0.0245881,0.0371513,2026-07-18 03:29:49.820
2898,23,3,47,CC_Chg,169803,2280,1.58859,0.03968,0.0252525,0.0382058,2026-07-18 03:30:49.820
2899,23,3,47,CC_Chg,169863,2340,1.59108,0.03999,0.0259167,0.0392618,2026-07-18 03:31:49.820
2900,23,3,47,CC_Chg,169923,2400,1.59448,0.03968,0.0265812,0.0403203,2026-07-18 03:32:49.820
2901,23,3,47,CC_Chg,169983,2460,1.5979,0.03999,0.0272456,0.0413808,2026-07-18 03:33:49.820
2902,23,3,47,CC_Chg,170043,2520,1.60208,0.03968,0.0279101,0.042444,2026-07-18 03:34:49.820
2903,23,3,47,CC_Chg,170103,2580,1.60766,0.03968,0.0285745,0.0435103,2026-07-18 03:35:49.820
2904,23,3,47,CC_Chg,170163,2640,1.61526,0.03968,0.0292388,0.0445806,2026-07-18 03:36:49.820
2905,23,3,47,CC_Chg,170223,2700,1.62347,0.03968,0.029903,0.0456562,2026-07-18 03:37:49.820
2906,23,3,47,CC_Chg,170283,2760,1.63153,0.03968,0.030567,0.046737,2026-07-18 03:38:49.820
2907,23,3,47,CC_Chg,170343,2820,1.63928,0.03999,0.0312315,0.0478239,2026-07-18 03:39:49.820
2908,23,3,47,CC_Chg,170403,2880,1.64657,0.03999,0.0318959,0.0489155,2026-07-18 03:40:49.820
2909,23,3,47,CC_Chg,170463,2940,1.65369,0.03999,0.0325601,0.0500116,2026-07-18 03:41:49.820
2910,23,3,47,CC_Chg,170523,3000,1.66051,0.03999,0.033225,0.0511133,2026-07-18 03:42:49.820
2911,23,3,47,CC_Chg,170583,3060,1.6678,0.03968,0.0338891,0.0522186,2026-07-18 03:43:49.820
2912,23,3,47,CC_Chg,170643,3120,1.67508,0.03999,0.0345535,0.0533292,2026-07-18 03:44:49.820
2913,23,3,47,CC_Chg,170703,3180,1.68268,0.03999,0.0352181,0.054445,2026-07-18 03:45:49.820
2914,23,3,47,CC_Chg,170763,3240,1.6909,0.03968,0.0358822,0.0555653,2026-07-18 03:46:49.820
2915,23,3,47,CC_Chg,170823,3300,1.69895,0.03968,0.0365468,0.0566917,2026-07-18 03:47:49.820
2916,23,3,47,CC_Chg,170883,3360,1.70748,0.03999,0.0372112,0.0578235,2026-07-18 03:48:49.820
2917,23,3,47,CC_Chg,170943,3420,1.71647,0.03968,0.0378753,0.0589604,2026-07-18 03:49:49.820
2918,23,3,47,CC_Chg,171003,3480,1.72531,0.03968,0.0385395,0.0601035,2026-07-18 03:50:49.820
2919,23,3,47,CC_Chg,171063,3540,1.73445,0.03999,0.0392035,0.0612524,2026-07-18 03:51:49.820
2920,23,3,47,CC_Chg,171123,3600,1.74344,0.03999,0.0398683,0.0624085,2026-07-18 03:52:49.820
2921,23,3,47,CC_Chg,171183,3660,1.75228,0.03968,0.0405329,0.0635704,2026-07-18 03:53:49.820
2922,23,3,47,CC_Chg,171243,3720,1.76127,0.03968,0.0411977,0.0647383,2026-07-18 03:54:49.820
2923,23,3,47,CC_Chg,171303,3780,1.76917,0.03999,0.0418621,0.0659111,2026-07-18 03:55:49.820
2924,23,3,47,CC_Chg,171363,3840,1.77707,0.03999,0.0425266,0.0670894,2026-07-18 03:56:49.820
2925,23,3,47,CC_Chg,171423,3900,1.78452,0.03999,0.0431911,0.0682729,2026-07-18 03:57:49.820
2926,23,3,47,CC_Chg,171483,3960,1.7918,0.03968,0.0438558,0.0694616,2026-07-18 03:58:49.820
2927,23,3,47,CC_Chg,171543,4020,1.79815,0.03999,0.0445204,0.0706545,2026-07-18 03:59:49.820
2928,23,3,47,CC_Chg,171562,4039.02,1.80001,0.03999,0.0447315,0.0710344,2026-07-18 04:00:08.840
2929,24,2,48,CC_DChg,171562,0,1.77134,-0.03999,0,0,2026-07-18 04:00:08.910
2930,24,2,48,CC_DChg,171622,60,1.71073,-0.03968,0.000665444,0.00115482,2026-07-18 04:01:08.910
2931,24,2,48,CC_DChg,171682,120,1.67447,-0.03968,0.00132993,0.00227916,2026-07-18 04:02:08.910
2932,24,2,48,CC_DChg,171742,180,1.64424,-0.03999,0.0019942,0.00338114,2026-07-18 04:03:08.910
2933,24,2,48,CC_DChg,171802,240,1.61742,-0.03968,0.00265843,0.00446414,2026-07-18 04:04:08.910
2934,24,2,48,CC_DChg,171862,300,1.59417,-0.03999,0.00332292,0.00553101,2026-07-18 04:05:08.910
2935,24,2,48,CC_DChg,171922,360,1.57387,-0.03999,0.00398741,0.00658345,2026-07-18 04:06:08.910
2936,24,2,48,CC_DChg,171982,420,1.55635,-0.03999,0.00465179,0.00762319,2026-07-18 04:07:08.910
2937,24,2,48,CC_DChg,172042,480,1.5407,-0.03999,0.00531619,0.00865201,2026-07-18 04:08:08.910
2938,24,2,48,CC_DChg,172102,540,1.5269,-0.03968,0.00598074,0.00967138,2026-07-18 04:09:08.910
2939,24,2,48,CC_DChg,172162,600,1.51482,-0.03999,0.00664568,0.0106828,2026-07-18 04:10:08.910
2940,24,2,48,CC_DChg,172222,660,1.50365,-0.03968,0.00731069,0.0116865,2026-07-18 04:11:08.910
2941,24,2,48,CC_DChg,172282,720,1.49327,-0.03968,0.00797576,0.0126831,2026-07-18 04:12:08.910
2942,24,2,48,CC_DChg,172342,780,1.48335,-0.03968,0.00864048,0.0136724,2026-07-18 04:13:08.910
2943,24,2,48,CC_DChg,172402,840,1.4742,-0.03999,0.00930466,0.0146546,2026-07-18 04:14:08.910
2944,24,2,48,CC_DChg,172462,900,1.46506,-0.03999,0.00996883,0.0156308,2026-07-18 04:15:08.910
2945,24,2,48,CC_DChg,172522,960,1.45638,-0.03968,0.0106333,0.0166015,2026-07-18 04:16:08.910
2946,24,2,48,CC_DChg,172582,1020,1.44816,-0.03968,0.0112978,0.0175666,2026-07-18 04:17:08.910
2947,24,2,48,CC_DChg,172642,1080,1.4401,-0.03999,0.0119623,0.0185262,2026-07-18 04:18:08.910
2948,24,2,48,CC_DChg,172702,1140,1.43267,-0.03968,0.0126266,0.0194804,2026-07-18 04:19:08.910
2949,24,2,48,CC_DChg,172762,1200,1.426,-0.03999,0.0132908,0.0204298,2026-07-18 04:20:08.910
2950,24,2,48,CC_DChg,172822,1260,1.42011,-0.03999,0.0139553,0.0213755,2026-07-18 04:21:08.910
2951,24,2,48,CC_DChg,172882,1320,1.41484,-0.03968,0.0146196,0.0223171,2026-07-18 04:22:08.910
2952,24,2,48,CC_DChg,172942,1380,1.40926,-0.03968,0.0152837,0.0232549,2026-07-18 04:23:08.910
2953,24,2,48,CC_DChg,173002,1440,1.40414,-0.03968,0.0159481,0.0241896,2026-07-18 04:24:08.910
2954,24,2,48,CC_DChg,173062,1500,1.39934,-0.03968,0.0166122,0.0251203,2026-07-18 04:25:08.910
2955,24,2,48,CC_DChg,173122,1560,1.39438,-0.03968,0.0172768,0.0260487,2026-07-18 04:26:08.910
2956,24,2,48,CC_DChg,173182,1620,1.38942,-0.03999,0.0179413,0.0269736,2026-07-18 04:27:08.910
2957,24,2,48,CC_DChg,173242,1680,1.38415,-0.03968,0.0186061,0.0278956,2026-07-18 04:28:08.910
2958,24,2,48,CC_DChg,173302,1740,1.37857,-0.03968,0.0192706,0.0288136,2026-07-18 04:29:08.910
2959,24,2,48,CC_DChg,173362,1800,1.37252,-0.03999,0.0199356,0.0297285,2026-07-18 04:30:08.910
2960,24,2,48,CC_DChg,173422,1860,1.36586,-0.03968,0.0206007,0.0306392,2026-07-18 04:31:08.910
2961,24,2,48,CC_DChg,173482,1920,1.3578,-0.03968,0.0212651,0.0315441,2026-07-18 04:32:08.910
2962,24,2,48,CC_DChg,173542,1980,1.34865,-0.03999,0.0219298,0.0324438,2026-07-18 04:33:08.910
2963,24,2,48,CC_DChg,173602,2040,1.33796,-0.03968,0.0225943,0.0333366,2026-07-18 04:34:08.910
2964,24,2,48,CC_DChg,173662,2100,1.32556,-0.03999,0.0232589,0.0342218,2026-07-18 04:35:08.910
2965,24,2,48,CC_DChg,173722,2160,1.3113,-0.03999,0.0239238,0.0350985,2026-07-18 04:36:08.910
2966,24,2,48,CC_DChg,173782,2220,1.29533,-0.03999,0.0245883,0.0359647,2026-07-18 04:37:08.910
2967,24,2,48,CC_DChg,173842,2280,1.27984,-0.03999,0.0252528,0.0368201,2026-07-18 04:38:08.910
2968,24,2,48,CC_DChg,173902,2340,1.27581,-0.03968,0.0259174,0.0376685,2026-07-18 04:39:08.910
2969,24,2,48,CC_DChg,173962,2400,1.27984,-0.03999,0.026582,0.0385177,2026-07-18 04:40:08.910
2970,24,2,48,CC_DChg,174022,2460,1.28201,-0.03999,0.0272461,0.0393686,2026-07-18 04:41:08.910
2971,24,2,48,CC_DChg,174082,2520,1.28015,-0.03968,0.0279107,0.0402202,2026-07-18 04:42:08.910
2972,24,2,48,CC_DChg,174142,2580,1.27472,-0.03999,0.0285753,0.0410694,2026-07-18 04:43:08.910
2973,24,2,48,CC_DChg,174202,2640,1.26527,-0.03999,0.0292402,0.0419141,2026-07-18 04:44:08.910
2974,24,2,48,CC_DChg,174262,2700,1.25225,-0.03968,0.0299046,0.0427507,2026-07-18 04:45:08.910
2975,24,2,48,CC_DChg,174322,2760,1.23535,-0.03999,0.0305692,0.0435774,2026-07-18 04:46:08.910
2976,24,2,48,CC_DChg,174382,2820,1.21504,-0.03968,0.0312334,0.0443916,2026-07-18 04:47:08.910
2977,24,2,48,CC_DChg,174442,2880,1.19056,-0.03968,0.0318978,0.0451909,2026-07-18 04:48:08.910
2978,24,2,48,CC_DChg,174502,2940,1.16312,-0.03968,0.0325624,0.0459732,2026-07-18 04:49:08.910
2979,24,2,48,CC_DChg,174562,3000,1.13522,-0.03968,0.0332273,0.0467374,2026-07-18 04:50:08.910
2980,24,2,48,CC_DChg,174622,3060,1.10654,-0.03999,0.0338915,0.047482,2026-07-18 04:51:08.910
2981,24,2,48,CC_DChg,174682,3120,1.0788,-0.03968,0.0345564,0.0482087,2026-07-18 04:52:08.910
2982,24,2,48,CC_DChg,174742,3180,1.05028,-0.03999,0.0352212,0.0489164,2026-07-18 04:53:08.910
2983,24,2,48,CC_DChg,174802,3240,1.02222,-0.03968,0.035886,0.0496053,2026-07-18 04:54:08.910
2984,24,2,48,CC_DChg,174862,3300,0.994635,-0.03999,0.0365504,0.0502752,2026-07-18 04:55:08.910
2985,24,2,48,CC_DChg,174922,3360,0.96813,-0.03999,0.0372151,0.0509274,2026-07-18 04:56:08.910
2986,24,2,48,CC_DChg,174982,3420,0.942245,-0.03968,0.0378798,0.0515622,2026-07-18 04:57:08.910
2987,24,2,48,CC_DChg,175042,3480,0.91698,-0.03999,0.0385446,0.0521803,2026-07-18 04:58:08.910
2988,24,2,48,CC_DChg,175102,3540,0.89342,-0.03999,0.0392094,0.0527822,2026-07-18 04:59:08.910
2989,24,2,48,CC_DChg,175162,3600,0.871255,-0.03999,0.0398742,0.0533687,2026-07-18 05:00:08.910
2990,24,2,48,CC_DChg,175222,3660,0.851415,-0.03968,0.0405384,0.0539408,2026-07-18 05:01:08.910
2991,24,2,48,CC_DChg,175282,3720,0.832195,-0.03999,0.041203,0.0545001,2026-07-18 05:02:08.910
2992,24,2,48,CC_DChg,175342,3780,0.81375,-0.03999,0.0418677,0.0550471,2026-07-18 05:03:08.910
2993,24,2,48,CC_DChg,175387,3825.49,0.7998,-0.03968,0.0423718,0.0554538,2026-07-18 05:03:54.400
2994,24,3,49,CC_Chg,175387,0,0.835915,0.03968,0,0,2026-07-18 05:03:54.470
2995,24,3,49,CC_Chg,175447,60,1.03618,0.03968,0.000665442,0.000630627,2026-07-18 05:04:54.470
2996,24,3,49,CC_Chg,175507,120,1.18342,0.03968,0.00133024,0.00136892,2026-07-18 05:05:54.470
2997,24,3,49,CC_Chg,175567,180,1.37004,0.03999,0.00199488,0.00221287,2026-07-18 05:06:54.470
2998,24,3,49,CC_Chg,175627,240,1.55496,0.03999,0.00266015,0.00319181,2026-07-18 05:07:54.470
2999,24,3,49,CC_Chg,175687,300,1.52923,0.03968,0.00332526,0.00421332,2026-07-18 05:08:54.470
3000,24,3,49,CC_Chg,175747,360,1.5283,0.03999,0.00398999,0.00522944,2026-07-18 05:09:54.470
